translation_output,text,split
Oppo A75 A75S A73 Phone Case Soft Rabbit Silicone Case,OPPO A75 A75s A73 手机壳 软壳 挂绳壳 大眼兔硅胶壳,private
SOFT 99 Coating Car Wax Strong Water Watt,SOFT 99 鍍膜車蠟(強力撥水型),private
Low Sugar Mango Dry 250g Be The Royal,低糖芒果乾 250g 臻御行,private
* the culture Japan Imported Round Top Space Craft - Diamond SC - MK - 010,＊小徑文化＊日本進口ROUND TOP space craft - diamond (SC-MK-010),private
Hello Kitty Sandals Shoes White/Red Children no739,Hello Kitty 凱蒂貓 KITTY 涼鞋 童鞋 白/紅色 小童 no739,private
Thunderbird Lt - 234 Japanese Wood Grain Table Mat 45 X 60 Cm / Pc,雷鳥 LT-234 日式木紋桌墊 45 x 60 cm / 片,private
The sand Kid DVD Vol-08,狂砂小子DVD VOL-08,private
Anacomda Python T1 Titan Series 120GB SSD Drive,ANACOMDA 巨蟒 T1 泰坦系列 120GB SSD固態硬碟,private
IFairies Shoulder Messenger Bag Shoulder Bag 【 49146 】,iFairies 單肩斜背包側背包肩背包【49146】,private
The Farm Mountain Bitter Gourd Tea 20 Pack / Box,大雪山農場 山苦瓜茶20包/盒,private
Colgate Dual Clean Toothbrush 1PC,高露潔 雙效潔淨牙刷單支,private
Apieu Color Lip Pencil MATT Silk Satin,Apieu Color Lip Pencil MATT絲緞,private
Reese'S Away Milan Rose Gold Ball Pen,芮菲客米蘭玫瑰金鋼珠筆,private
Finding Nemo 2 Glass Magnet Dolly _ The Beast,海底總動員2 玻璃磁鐵 多莉款_野獸國,private
Natural Licorice Oval 160g Pumpkin Seeds 150g Shopping168,natural甘草瓜子160g 南瓜子150g Shopping168,private
Papago 368mini HD Driving Recorder,PAPAGO 368miniHD行車記錄器,private
ISTA izmir 4 the Mesh Head 2PCS,ISTA 伊士達 4分濾網頭 2pcs,private
DOT Focus Adidas essentials chest Logo Square Box Gray blue Hooded Men B45729,DOT聚點 Adidas Essentials Chest Logo 方形 方塊 灰藍 連帽 帽T 男款 B45729,private
Tassel Solid Thread Moka One Blue / Black 【 DF337 】,流蘇立體縫線莫卡辛鞋 藍/黑色【DF337】,private
New Fashion Cute Baby Embroidery Dress,新品時尚可愛寶寶繡花連衣裙 洋裝,private
Bubble Airbag Cushion Phone Holder Catcher,客制化 泡泡气囊气垫手机支架 捕梦网羽毛,private
PRADA Robot Printed Nylon Clutch Bag,PRADA 機器人印花尼龍手拿包,private
Imarflex 2 Litres # 304 Stainless Quick Kettle Ik-20062,Imarflex 伊玛2公升#304不锈钢快煮壶 IK-2006,private
Casio EX - TR80 Selfie Camera Free Tescom TTH2610,CASIO EX-TR80 TR80 送TESCOM TTH2610,private
Japanese Wool Blend Warm Pile Cap Beret Hat,日系羊毛混紡保暖堆堆帽 貝雷帽 毛線帽,private
Japan Azzeen Planting Queen Lotion 500Ml (2) 【Ur8D】,日本AZZEEN芝研 植萃皇后化妝水500ml(2款)【UR8D】,private
De Oracle The Oracle Of Delphi From Kaohsiung Ponzi Cards New Swan Castle,德爾斐神諭 THE ORACLE OF DELPHI 繁體中文版 高雄龐奇桌遊 新天鵝堡,private
Max Tea Indonesia Pull Tea 25g * 30 Pack Women Bali Island,MAX TEA印尼拉茶 25g*30包 可超取峇里島,private
Educational Friends / Baby Adult Thai Coloring Book,教育之友 Dear Baby成人舒壓著色本,private
Broken Plate Casual Shorts Slim Casual Hot Pants Ifairies 【 Sm24454 】,破盤出清★短褲 顯瘦休閒熱褲★ifairies【SM24454】,private
New Balance 247 Pink Grey Retro Casual Shoes,NEW BALANCE 247系列 粉色 灰色 袜套 复古休闲鞋 WS247UI UE,private
Oblique Backpack greenwood Velvet Bucket Pack -,斜背包 格林伍德天鵝絨水桶包-Joanna Shop,private
LeSportsac sweet letter Daily Tote Pack,LeSportsac 甜蜜信件日常托特包,private
Casual Breathable Mesh Simple Seven Hole Boots No. 09757,Casual 率性透氣網布 簡約七孔短靴 NO. 09757,private
Breathable Mesh Deodorant Sweat Five Toe Socks (not Color) DT1179,透氣網眼防臭排汗五趾襪 (不挑色) DT1179,private
Polo Shirt Indian Geometric Totem Tops (Female),Polo衫 印地安幾何圖騰上衣(女),private
Sea of spa wild Orchid Flower with Almond Milk Exfoliating Shower Gel,Sea of Spa 死海野蘭花與杏仁牛奶去角質沐浴露,private
Girls Summer Dress Magic Baby ~ K50319,女童裝 夏季洋裝 魔法Baby~k50319,private
Wood Ear Sweet Lace Chiffon Tops 1709075,木耳邊甜美系帶雪紡上衣1709075,private
Adidas Neo Cf Lite Racer Adapt Free Strap Running Shoes,ADIDAS neo CF LITE RACER ADAPT 免綁帶 慢跑鞋 DB1645 現貨,private
Warm Small Shop Hero 359 Pen Special Ink 6 PC / Pack,[溫馨小舖]HERO 英雄359 鋼筆 專用 墨水管 6入/包,private
Japan ambai Snow Pan 14cm - Koizumi and Japan Made ISK - 52014,日本ambai 雪平鍋 14cm-小泉誠 日本製 ISK-52014,private
Sexy Plaid Styling Casual Business Shirt,經典流行特色格子造型百搭休閒商務襯衫W018075-5651,private
Roger & Gallet Spain Citrus Fragrance Body Lotion 200Ml,Roger & Gallet 西班牙柑橘香水身体乳液 200ML RNG0420013,private
Germany Rohrer & Klingner Pen Ink 50Ml - Gold Green Rk530 / Bottle,德國 Rohrer & Klingner 鋼筆墨水 50ml - 黃金綠 RK530 / 瓶,private
Olfa Dkb - 5 Economical 30 Degree Workpiece Knife Blade 50 Pc / Box,OLFA DKB-5 經濟型30度細工刀刀片 50片 / 盒,private
Temperament Fresh Practical Hair Band Hair Accessories Hair Hoop 311,時尚氣質清新實用髮帶 髮飾 髮箍311,private
American pennplax Cartoon Ornaments Series (Bottles) [Leather Boss] Solid,美國PENNPLAX 卡通飾品系列(授權販售) [皮老闆] 免運,private
Agn è S B. AB Heart Ordinary wind Cosmetic Bag (Small),agnès b. ab heart普普風化妝包(小),private
Witch Of DVD 1-51,魔女的考驗DVD (1-51),private
ASICS arthur's Gel nimbus 18 Lite - Show Top Running Shoes Men T60XQ5338 Big - O SportsASICS,ASICS 亞瑟士 GEL-NIMBUS 18 LITE-SHOW 頂級慢跑鞋 男 T60XQ5338 Big-O Sports,private
Mattress Memory Cotton Quick Dry Sports 8cm Bamboo Charcoal Memory Mattress Queen KOTAS,床墊 記憶棉 吸濕排汗 8cm 竹炭記憶床墊 雙人 KOTAS,private
ISTA Adjustable Wind Pipe,ISTA 可調式風管三通,private
Handmade Low Sugar Cream Puff (Box / 16 Pc),手工低醣奶油酥餅(盒/16片),private
Infant Soft Along The Magic Baby ~ G3603A,嬰幼兒軟沿帽 魔法Baby~g3603a,private
Tinker Bell'S - Viola Strings (4 String C String) Austria Thomastik Spirocore,小叮噹的店 -中提琴弦 (第四弦 C弦) 奧地利 Thomastik Spirocore S22,private
Car Seat Back Drinks Storage Hanging Bag (not Color),汽車椅背飲料收納掛袋 (不挑色),private
Korean Beauty Johnson Mise En It Perfect Base Hair Nutrition Hair Oil (Gold) 100Ml 【Ur8D】,韓國美強生 mise en scene 完美基底髮根營養護髮油(金色)100ml【UR8D】,private
Morinoxlucas Designer Joint - Fashion Sport Off Shoulder Pants Blue mo2413,MORINOxLUCAS設計師聯名-時尚運動平口褲(藍) MO2413,private
Parker ingenuity 5 Element Series Elite Purple Rose Gold Clip / S Pen p0959070,派克 PARKER INGENUITY 第五元素系列 精英紫砂褐玫瑰金夾/S 筆 P0959070,private
Custom - Small Square Gentleman Loafers (Black and White) -,訂製款-小方頭紳士樂福鞋(黑、灰、白)-12020246,private
Marlmarl Dolce Dessert Bib - Pink Lace,MARLMARL Dolce 甜點圍兜-粉紅蕾絲,private
CACO - Splicing Petticoat University T (Female) 【 NCH209 】,CACO-拼接襯裙大學T(女)【NCH209】,private
Wa-01037 Multifunctional Tag 5 Pc,珠友 WA-01037 多功能吊牌/5入,private
Japan KOSE Hyaluronic Acid Whitening Lotion Makeup Water 180ml,日本KOSE Hyalocharge 玻尿酸透潤 美白化粧水180ml,private
Johnny auction Baseus Apple iPhone SE/5/5S Space Shell Transparent Shell,強尼拍賣~ BASEUS 倍思 Apple iPhone SE/5/5S 太空殼 透明殼 保護殼 硬殼,private
Half off sun umbrella sunshade umbrella pocket umbrella 【 23606 】,迷你五折防曬傘 遮陽傘 袖珍傘 口袋傘【23606】,private
Metal Rotating Clip 16G Pendrive,金屬旋轉夾子16G隨身碟,private
United States Hello Kitty Happy Cutlery Set,康是美 Hello Kitty 開心餐具組,private
Love Cat Snack 5 Pc Hybrid 35G,愛貓零食5入混合35g,private
Adidas Superatar Bold W Leather Gold Standard Thick Bottom White Black Women,ADIDAS SUPERATAR BOLD W 皮革 金標 厚底 白黑 女 BA7666,private
Tie Line White 3.6 x200mm (2001),紮線帶白色3.6x200mm (2001),private
Coach Full Leather Flip Magnetic Snap Leisure Oblique Backpack,COACH 全皮革翻蓋磁釦休閒斜背包,private
Mitsubishi Pencil Ball Pen SXN - 189DS - 05,三菱鉛筆迪士尼限量鋼珠筆 SXN-189DS-05,private
Carnation Slim Butterfly Type Cotton (Night) 14 PC,康乃馨超薄蝶型棉(夜用)14片,private
Simple English phone case HTC E9 + M8 M9 + M10 U11 U Ultra U11 + U Play,簡約英文 手機殼 軟殼 HTC E9 E9+ M8 M9 M9+ M10 U11 U Ultra U11+ U PLAY,private
Korean Made. Thick Straps Cross Vest,韩制。粗肩带交叉背心,private
Baby Boy Shoes Desk Bay - Spiderman Authorized Genuine Canvas Shoes Magic Baby ~ Sa89326,男童鞋 台灣製蜘蛛人授權正版帆布鞋 魔法Baby~sa89326,private
Cotton Printed Pocket Placemat,棉麻印花口袋餐墊,private
Samsung S9 Plus S9 Panda Silicone Shell Case Cover Full Cover Silicone Soft Case,三星 S9 Plus S9 熊貓矽膠殼 手機殼 保護殼 全包覆 矽膠 軟殼,private
Boys Set Desk Bay - Monster Watch Cotton Vest Suit Magic Baby ~ K50145,男童套裝 台灣製妖怪手錶純棉背心套裝 魔法Baby~k50145,private
Korean Kit kat Raspberry Sandwich Crisp 3 / Box Cherry Jewelry 【 28526 】,韓國 Kit Kat 覆盆子夾心酥 3條/盒【櫻桃飾品】【28526】,private
In the Fashion Polarized Sports Sunglasses VIE - PBpl MOLA SPORTS,摩拉時尚偏光運動太陽眼鏡 VIE-PBpl MOLA SPORTS,private
Dinosaur Giant Tooth Bites Super Bluetooth kaohsiung ponzi Cards Kangagames,恐龍 巨齒咬咬 Super Tooth 高雄龐奇桌遊 Kangagames,private
Blu - Ray critical 72 Hours BD,Blu-ray關鍵救援72小時BD,private
Self Card Pp512 Two Hole Clip / Box,自強牌 PP512 二孔 孔夾 / 箱,private
Jansen Natural Aroma Ink green apple Apple * 2206 reservation,JANSEN天然香氣墨水青蘋果(蘋果綠 )*2206需預定,private
Magic Baby Pillow Desk Bay - Angry Bird Genuine Pillow ~ c0125,魔法Baby 抱枕 台灣製憤怒鳥正版靠枕~c0125,private
All Model Phone Case Sony Z3 + Z4 Z5 XZ1 XA1 Plus Premium Z5P Z5C Z3C,所有型號 手機殼 Sony Z3 Z3+ Z4 Z5 XZ1 XA1 Plus premium Z5P Z5C Z3C,private
NIKE Lebron xiv Low EP BASKETBALL Shoes AO1756100,NIKE 耐吉 LEBRON XV LOW EP 籃球鞋 AO1756100,private
International Brand Blue Battery Special Store,國際牌藍電池特殊賣場,private
Europe Could Cold Tea Honey Flavor Tea (30 Pack / box),歐可 冷泡茶 蜜香紅茶 (30包/盒),private
EXTRA Natural - Sweet Grape Flavor 28g,EXTRA無糖口香糖-香甜葡萄口味28g,private
Coach New C Logo Carriage PVC Zipper Long Wallet,COACH 新款C LOGO 馬車PVC拉鍊長夾,private
PGS7 - Photo Cover - Fuji Sq can be Sticky 10 PC 【 SCZ7937 】,PGS7 - 相片保護套-富士 SQ可黏款 10入【SCZ7937】,private
buy 2 get 4 Kailash Khadi Herbal Handmade Soap - Rose geranium 125g,【買 2 送 4 活動見詳情】Kailash Khadi 草本手工皂 - 玫瑰天竺葵 125g,private
Japan Marna Double Sided Spot Washer Cleaning Scale,日本 MARNA 雙面菜瓜布 清除水垢,private
German Original Imported Online Colorful Pen 30334 - Black F / Pcs,德國原裝進口 Online 繽紛鋼筆 30334 - 黑色 F /支,private
Cat Playground - Jungle Series 5,貓咪遊樂場-叢林系列5號,private
Betty Core Herbal Shuhuo Shower Gel 1000ml,蓓蕊草本舒活沐浴露1000ml,private
OPPO A3 A75S A75 A73 A73S Find X Phone Case Mirror Soft Stand Case,OPPO A3 A75s A75 A73 A73s Find X 手機殼 鏡面軟殼 鏡面氣囊支架殼,private
KOMAX Salad Bottle - 2 Colors (Green / Pink) Cherry Jewelry) 【 20048 】,KOMAX 沙拉瓶 -2色可選(綠色/粉色)【櫻桃飾品】【20048】,private
lock lock llg884 Upper Cover,樂扣樂扣LLG884上蓋,private
White Gold Multi-Purpose Series - Transplant (Owl) Pen / Mb - 3000,白金牌多用途系列-蒔繪（貓頭鷹）三用筆/MB-3000,private
Perfect Cut p9015 Line Shape Socks,★完美剪裁★P9015 線條造型襪子,private
The Lang! Groom DVD Chen Shake/Pure Sweet,阿郎!阿郎DVD 陳震雷/張純芳,private
BMW M Power Body Stickers E30 E34 E36 E38 E39 E46 E60 e65 Yi xuan Boutique,BMW M-POWER 車身貼 E30 E34 E36 E38 E39 E46 E60 E65 沂軒精品 A0317,private
C02X1 MERCURY Denim Pattern Cover Zenfone 2 Laser 5 inch Silicone ZE500KL,C02X1 MERCURY牛仔紋皮套ZENFONE 2 Laser 5吋 矽膠ZE500KL,private
(5) Japan Soup Small Clay Pot / casserole (A - 19),(健康物語)日本湯物小陶鍋/砂鍋(A-19),private
Purchase - Korean hit color stripe T-shirt 【 AB050306 】,预购-韩版撞色条纹T恤【AB050306】,private
LIYO-English letter casual cotton T-shirt,LIYO理優英文字母休閒棉T恤E712003,private
Basecamp Dustproof Windproof Mask,貝斯卡 面罩防塵防風面罩,private
Caco - Stripe Sweater (Women) 【 Nch061 】Caco-,CACO-條紋針織衫(女)【NCH061】,private
The Human Body: Conjoined Twins DVD,特異人體：連體雙胞DVD,private
Viewsonic 24 Inch Full Hd Ergonomic Led Lcd Screen,ViewSonic优派 24吋 Full HD 人体工学LED液晶屏幕 VG2439SMH,private
Korean Bean x Disney Mascara 7g Disney Joint Minnie Mascara Curling Thick Eye,韓國 The Saem x Disney 睫毛膏 7g 迪士尼聯名 米妮睫毛膏 睫毛膏 捲翹 濃密 眼妝 美妝,private
Clean Keep S45 - 120180 - 5 Five Bearing Heavy Duty Wave Rack,潔保 S45-120180-5 五層 承重型波浪架,private
Perfect Cut Big Face Cat Cushion Pillow,★完美剪裁★P9006大臉貓猫咪靠墊抱枕,private
Lanyard frosted shell OPPO R9 R9S S8 Plus note8 F1s J7 j7p S7 Edge Note5 Solid,掛繩 磨砂殼 OPPO R9 R9S S8 Plus Note8 F1S J7 J7P S7 edge Note5 純色,private
Samsung Cartoon Unicorn Note2 note3 note4 note5 note8 A8 - 2018 A8,三星 卡通 手機殼 獨角獸 NOTE2 NOTE3 NOTE4 NOTE5 NOTE8 A8-2018 A8 2016,private
Parker IM Classic Noble Series Light Chrome Plaid Ballpoint Pen p0905700,派克 PARKER IM 經典高尚系列 亮鉻格紋 原子筆 P0905700,private
Dogeared Taipei Shopsmart 2Fl Beautiful Rainbow Silver Earrings With Original,Dogeared 台北ShopSmart直營店 美麗彩虹 Rainbow 銀色耳環 附原廠盒,private
Cat Coin Pack Cute Coin Pack Headset Storage Box Horse Mouth Coin Pack,貓咪零錢包 可愛零錢包 零錢包 耳機收納盒 馬口零錢包,private
Creative iPhone8 iphone7 plus i7 i8 mobile phone lanyard all fall ph01215,創意 iPhone8 iPhone7 Plus i7 i8 手機殼 掛繩 全包防摔 PH01215,private
The Spring Gf663M Round 4 Holes Clip - 12 Enter / Box,同春 GF663M 圓形4孔夾-12個入 / 箱,private
Johnsons Earplugs Oil-Lavender 500ML,Johnsons 舒眠潤膚油 -薰衣草 500ml,private
The Fresh Adult diapers M 16 PC (watsons),利清爽 成人紙尿褲 M 16片【屈臣氏】,private
Tinker Bell's - US rico - s Soprano Saxophone Bamboo Soprano (25 PCS),小叮噹的店 - 美國 RICO RI-S 高音 薩克斯風竹片 Soprano (25片裝),private
Stemcin REBIRTH Energy Snail Essence,STEMCIN 再生能量蝸牛精華液,private
New Disney Ear Set Dot Narikiri Baby Doll Disney,新迪斯尼 耳♪套點Narikiri BABY DOLL迪斯尼★,private
Backpack Schoolbag Airwalk Future Declaration Organizer Backpack A755321820,背包 後背包 書包 AIRWALK 未來宣言萬用後背包 A755321820,private
Collectors Cd - 105 Versatile Fashion Cabinets,收藏家 CD-105 全能型時尚防潮箱,private
MT WRAP (Mini Size)william morris arbutus MT and Paper from Sticky Paper,mt WRAP(迷你尺寸) ・William Morris Arbutus mt和紙自黏包裝紙,private
Aromatherapy Heart Music 2 anthology CD purchase tide 8,芳香療法心靈音樂 2 精選輯 CD (購潮8),private
Shiny Glossy Long Edition Perspective Shirt,閃亮光澤長版透視襯衫,private
Korean Bbi @ Golden Perfect Waterproof Eyeliner Plastic Pen (Chocolate Series),韓國Bbi@ 絕色完美防水眼線膠筆（巧克力系列）,private
Food Shovel - Green,糧食鏟-綠,private
Japan Multifunction Drawer Box / B4 5,日本JEJ STORA系列 單層可疊式多功能抽屜盒/B4 5色可選,private
Value 6 Pc Bronzing Red Envelopes Bag 【 Bd09006 】,超值6入 燙金紅包袋【BD09006】,private
Three Health Dietary Fiber 350g,三多健康膳食纤维350g,private
A0014 BMW the Network Stickers 3 E36 E39 E46 E53 E87 F01 F02 F10 F20 F30 X4,A0014 BMW中網貼 三色貼 E36 E39 E46 E53 E87 F01 F02 F10 F20 F30 X4,private
Taiwan AOTU Bottom Small Fish Special Floating Feed Particles [50g],台灣奧圖OTTO 小型魚專用全浮性微粒飼料 [50g],private
puku Blue Penguin Thumb Type Newborn Pacifier (10305) Good doll,藍色企鵝PUKU 姆指型初生安撫奶嘴(10305) 好娃娃,private
Tory burch Cute Navy wind Anchor Totem Straw Loafers,TORY BURCH 可愛海軍風船錨圖騰草編樂福鞋,private
Baseus iPhone 7 Plus Simple Case Tightly Hand Delicate protective cover,Baseus倍思 iPhone 7 Plus 簡致保護殼 緊密貼合 手感細膩 防摔保護套,private
Mask Original 3200 Mask/Anti Paint -/Anti Formaldehyde Chemical/Industrial,防毒面具原装3200防毒面具/防油漆异味/防甲醛化工/工业,private
Japan Shells Printed Led Magnifier Nails Kikq0334 / Pcs,日本貝印 LED放大鏡指甲剪KIKQ0334 / 支,private
Paris Laya Perfect white and 100ml (watsons),巴黎萊雅完美淨白淨白潔面露100ML【屈臣氏】,private
Sport Shoes Running Summer Men Women Outdoor Riding Warm Knee,運動跑步夏季男女士戶外騎行保暖護膝,private
One Way Dry Beef and vegetables 1.5 kgx6 Pack / Box,寶路 乾糧牛肉及蔬菜口味 1.5kgX6包/箱,private
Weinashi Vnice V - 2608 Strongly Recommend Solid Knife Shredder / Desk,維娜斯 Vnice V-2608 強力推薦實體刀碎紙機 / 台,private
Fujifilm Polaroid Camera - mini9 Mini 9 White/Red/Green/Blue Green/Blue Purple,富士 拍立得 相機 - Mini9 Mini 9 白 / 紅 / 綠 / 淺藍綠 / 藍紫,private
Japan original rabuadabudabu Sound,日本原裝Rabuadabudabu響板,private
The tide - Outdoor Breathable Sun Hat / baseball cap 【 BQ273 】,叫阿潮-户外透气遮阳帽子/棒球帽子【BQ273】,private
TOD ‘ S TOD ’ S single knot Leather Ballet Flats,TOD‘S TOD’S 單結飾小牛皮芭蕾平底鞋,private
【 TORO 】 PVC Relief Light 3x7 Feet Wardrobe CS - P27,【TORO】PVC浮雕淺色3X7尺衣櫃 CS-P27,private
Mizuno Mizuno Running Shoes Female,MIZUNO 女 美津浓 慢跑鞋- J1GD183001,private
ELLE On Sold alone - Classic Metal Logo Twill Shoulder Bag,ELLE 限量獨賣款-經典金屬LOGO斜紋肩背包,private
NIKE roshe One Flight Weight (PSV) sports shoes boy 819690008NIKE,NIKE 耐吉 ROSHE ONE FLIGHT WEIGHT (PSV) 運動童鞋 大童 819690008,private
Sport - Badminton Dvd,全民運動-羽毛球DVD,private
[ZIYA] SONY PS4 Wireless Game Handle / Remote Control Handlebar USB Cable from,[ZIYA] SONY PS4 無線遊戲手把/遙控手把 USB線 中距款,private
【 TORO 】 Walnut 3x6 Flower Line High Shoe Cabinet CS - 405,【TORO】胡桃3X6花線高鞋櫃 CS-405,private
UNIX Curly Hair Ball 38mm Cherry Blossom powder PW5381TW,UNIX卷髮球38mm櫻花粉PW5381TW,private
Play It then Beige Phone Case Asus ZD552KL ZB551KL zb552kl ZC554KL ZE554KL,姆明 亚美 噜噜米 手机壳 ASUS ZD552KL ZB551KL ZB552KL ZC554KL ZE554KL,private
SWAROVSKI 925 Sterling Silver Bracelet E41,SWAROVSKI 施華洛世奇 925純銀手鍊 E41,private
P20 Pro Nova3E Y7S Redmi Note Xiaomi Mix2S Zenfone 5 V30S Tassel Phone Case,P20 Pro nova3e Y7s 紅米Note5 小米Mix2s ZenFone5 V30s 手機殼 邊鑽流蘇鑽殼,private
Dogeared Mini Flower teeny Flower Gold Earrings 14K Gold,Dogeared 台北ShopSmart直營店 迷你花朵 Teeny flower 金色耳環 鑲14k金,private
Germany STAEDLERMS323SB10 triangular writing pen,德國施德樓MS323SB10三角書寫彩繪筆,private
Shiny Screen Protector Guards infocus M5S if9002 Protector Light Stickers Shiny,亮面螢幕保護貼 鴻海 InFocus M5s IF9002 保護貼 亮貼 亮面貼,private
Bottega Veneta BV NAPPA Classic Woven Sheepskin Zipper Shell Oblique Backpack,Bottega Veneta BV NAPPA 經典編織羊皮拉鍊貝殼斜背包,private
Color D Type Three Words 2 PC Dust Cover Sc,彩色D型三面插附2入防塵蓋 SC,private
Value 2 Pack Deodorant Stuff Insecticide Camphor Wood Stick 10 Pcs 【 Af07047 - 2 】,超值2包 除味驅蟲防霉樟木棒10支入【AF07047-2】,private
Grunland lazy shoes casual shoes Cat Blue Shoes CI2206 no004Grunland,Grunland 懶人鞋 休閒鞋 貓咪 藍色 女鞋 CI2206 no004,private
Japan Gatsby Styling Hair - Cream (Strong Adhesive) 200G - 171N 【Ur8D】,日本 GATSBY 造型髮雕霜 (強黏性) 200g G-171N【UR8D】,private
Denim Shorts Irregular Frayed Burr High Waist,牛仔单宁短裤 风不规则磨破毛边裤高腰 热裤,private
Lipstick 3.5G - Apple/Strawberry/Lemon/Grape,曼秀雷敦脣膏3.5g-青蘋果/草莓/檸檬/葡萄,private
Baby Love baby Softening Lotion - 12oz,Baby Love 嬰兒柔膚乳液-12oz,private
Now Promotion lamy Star Series 26 2 Pen EF / F / M,即日起促銷【LAMY】恆星系列26銀黑鋼筆（EF/F/M）,private
MICHAEL KORS Jet Set Travel Scratch Resistant Leather Button Type Long Wallet,MICHAEL KORS Jet Set Travel 防刮皮革釦式長夾,private
Jeans Harem Pants Denim Drawstring Pants,牛仔褲 男友褲 牛仔抽繩褲,private
Mizuno Wave Inspire Men Running Shoes J1Gc164503 Big - O Sports,MIZUNO 美津濃 WAVE INSPIRE 慢跑鞋 男 J1GC164503 Big-O SPORTS,private
League of Legends LOL Case INFOCUS M812 M810 M535 M808 M511 M2 M320,英雄聯盟LOL手機殼INFOCUS M812 M810 M535 M808 M511 M2 M320,private
Taiwan jns calcium Reactor 2 Tube x - 1 Long,台灣JNS鈣反應器第二反應管 X-1 免運,private
Airwalk Slippers Waterproof Shoes Pink Peach Child Shoes,Airwalk 拖鞋 勃肯鞋 防水 童鞋 桃红色 中童 137A014223 no009,private
REMOVED_SECRETDido Deflect - O 612010S Pc, Aluminium Square Oem / PcsREMOVED_SECRET,迪多deflect-o 612010S 入口-鋁質方形貼牌 / 個,private
Petal Lens Holder Set,花瓣鏡頭支架組,private
The Shu Min Repair Moisturizing Essence Milk 2 PC Set,雅漾舒敏修護保濕精華乳二入組,private
Courage 2 Dvd Vol - 1,勇往直前2 DVD VOL-1,private
Kgh British Style Classic Tote Briefcase Large Pc 14 Inch Laptop 805Rr3659Kgh,KGH 英伦风经典手提公文包 可放入14吋笔电 805RR3659,private
Cross + Virgin Oval Leather Long Necklace Nb851 Korean Back,十字架+圣母椭圆牌皮革长项链【NB851】韩国带回,private
Gymboree US Kids Baby Hat Bear 0 - 3M 3 - 6M 6 - 12M,Gymboree 美國童裝 嬰兒帽 毛線帽 熊熊 0-3M 3-6M 6-12M,private
Guerlain Pure Blemish Balm Cleansing Spa Exfoliating Gel 75ml,GUERLAIN嬌蘭 純淨美肌清潔SPA去角質凝膠 75ml,private
Pentel Dragon Gfkp3 - A Portable Card Type Brush / Pcspentel,Pentel 飛龍 GFKP3-A 攜帶型卡式毛筆 / 支,private
Uni sxr - 10 Spinning Pen 1.0mm Special for Core,UNI SXR-10溜溜筆1.0mm專用替芯,private
Poli bonny Rescue Hero Robocar Sandals Blue Cases no595,POLI 波力 救援小英雄 ROBOCAR 涼鞋 藍色 中童 no595,private
Karite Paris Shea Honey Almond Moisturizing Body Milk 200ml,Institut Karite Paris 巴黎乳油木 蜂蜜杏仁保濕美體乳 200ml,private
Montane Women Lightweight Water Repellent Down Hooded Jacket Peacock FFEDJ,Montane 女 輕量防潑水羽絨 連帽外套 孔雀藍 FFEDJ,private
Hello Kitty note5 A5 A7 2016 Case Cover,Hello Kitty Note5 A5 A7 2016 手機殼軟殼,private
LeSportsac Colorful Flowers Oblique Backpack,LeSportsac 繽紛小花斜背包,private
MB Anti-static Lightweight Rainbow Comb 1 Pc,MB防靜電輕巧彩虹梳1入,private
High Waist Thin Five Pants Loose Wear Pants Yx042813,高腰显瘦五分裤宽松外穿休闲裤 YX042813,private
IFairies Wallet Purse Long Wallet ifairies [56480] 【 56480 】,iFairies 皮夾錢包長夾★ifairies【56480】【56480】,private
PENTEL K600 Metal Ball Pen,PENTEL K600金屬鋼珠筆,private
Lovedo The Only Multi Kids Sport Player 23 Trend Polo Shirt (Navy),【LOVEDO艾唯多童裝】運動球員23號 潮流Polo衫 (深藍),private
Sports Half Finger Equipment Single Bar Training Equipment Fitness Gloves,運動半指器械單杠訓練裝備健身手套,private
Kgh Canvas Basketball Pack Military Packunisex Backpack Large Capacity Bag 803Rr4357Kgh,KGH 帆布籃球包 行軍包 韓版男女後背包 大容量運動包 803RR4357,private
Tinker Bell'S - Ap232 The Alfred On Piano (3),小叮噹的店- AP232《艾弗瑞》鋼琴表演(3),private
Tennis Badminton Socks Antibacterial Cotton Anti Odor Taiwan Smile Label M Size,網球 羽球襪 抗菌 純棉 抗臭 台灣微笑標章 M SIZE,private
REMOVED_SECRETCity Diamond the Elegant REMOVED_SECRETREMOVED_SECRETRainy season ParisREMOVED_SECRETREMOVED_SECRET 1 Carat diamond ringREMOVED_SECRET,City Diamond引雅『雨季巴黎』1克拉鑽戒,private
MTK X2 Colorful Light Bluetooth Mobile Microphone,MTK X2 炫彩燈光藍牙行動麥克風,private
~ Nillkin Sony Xperia Z5 Premium E6853 Amazing H Glass Sticker Back,強尼拍賣~ NILLKIN SONY Xperia Z5 Premium E6853 Amazing H 玻璃貼背貼,private
Jack wolfskin Inflatable Neck Pillow,【Jack Wolfskin】充氣護頸枕,private
A Canteen Mall Vietnam Black Coffee G7 15 * 2G,【豐食堂商城】越南G7 黑咖啡 15*2g,private
Gold Bird Essence 20ml,德妍思 金雀花精華液20ml,private
Perfect Cut Korean Fashion Inner Fur Coat,★完美剪裁★S90379 韓版時尚內絨毛皮外套,private
REMOVED_SECRETPolarstar Women Ultralight Hooded Down Coat Gray REMOVED_SECRETREMOVED_SECRET』 P17252PolarstarREMOVED_SECRET,PolarStar 女 超輕連帽羽絨外套『灰』P17252,private
NIKE wmns Nike lunarglide 7 jogging shoes female 747356005 Big - O SportsNIKE,NIKE 耐吉 WMNS NIKE LUNARGLIDE 7 慢跑鞋 女 747356005 Big-O Sports,private
Bear School Case SONY X XA1 XA ULTRA XZs XZ XZP X1 XZ1 Compact Z5 Z3 +,小熊學校手機殼SONY X XA1 XA ULTRA XZs XZ XZP X1 XZ1 Compact Z5 Z3+,private
Pet Diapers Transparent Bag Three Size (100 PC / 40 PC / 20 PC),寵物用尿布 尿片 透明袋包裝 三種尺寸 (100片/40片/20片),private
SW120 【 ON SALE 】 Penetration Sexy Faux Stockings - Straight Vine,SW120【限量促銷】透膚感造型絲襪-直條藤蔓,private
Augelute Baby layered-look Gentleman Dress Jumpsuit 37251,Augelute Baby 假兩件紳士禮服連身衣 37251,private
Eat meet Series Flavors Optional 6 PC $999 Only $999,果腹滿足全系列 口味任選6入 $999 只要$999,private
Lunch Bags Poli Bonny Authorized Genuine Bags Magic Baby ~ F0245,便當袋 POLI波力授權正版提袋 魔法Baby~f0245,private
Summer Anti Mosquito Classical Dome Princess Mosquito Net,夏日防蚊蟲古典圓頂公主蚊帳,private
SWAROVSKI 925 Sterling Silver Bracelet E42,SWAROVSKI 施華洛世奇 925純銀手鍊 E42,private
Mr Building Ms52850 Progressive Rubber Pen / Pcs,施德樓 MS52850 漸進式橡皮筆 / 支,private
V word Hole Cotton Coat,V字挖洞純棉上衣,private
Nike W Blazer Low Le Classic Retro Shoes Aa3961105,NIKE 耐吉 W BLAZER LOW LE 經典復古鞋 女 AA3961105,private
Magic Amah Antibacterial Laundry Detergent 4000g,妙管家 抗菌洗衣精4000g,private
Nivea Fruit Color Care Lipstick - Peach / Watermelon 4.8 G,妮維雅 果漾潤彩護唇膏-水蜜桃/西瓜4.8g,private
Coach horse carriage Logo lychee Leather Tote / Shoulder Dual Pack,COACH 馬車LOGO 荔枝牛皮 手提/肩背兩用包,private
Nike Men Jordan H86 D.Y.K. Cap Leisure Caps,NIKE 男女 JORDAN H86 D.Y.K. CAP 休闲帽 AA3790010,private
MICHAEL KORS Jet Set Scratch Resistant Leather Phone Clutch Bag,MICHAEL KORS Jet Set 防刮皮革手機手拿包,private
Love In Love With You DVD,愛呀愛上你DVD,private
Temperament Fresh Practical Hair Band Hair Accessories Hair Hoop,時尚氣質清新實用髮帶 髮飾 髮箍319,private
Flannel Double Quilt 180x210cm Rich Tree,法蘭絨雙人被套 180x210cm 發財樹,private
Licensed Holl Kitty Square Luggage Barrel / Desktop Trash Can - Desk Taiwan Made,授權HOLL KITTY方型置物桶/桌上型垃圾桶-台灣製,private
PERIPERA _ Milk Color Lip Balm,Peripera_牛奶顯色潤唇膏,private
HIDO Handmade Soap 100G / Pc,HIDO 手工皂(100g/入),private
Me Before You phone case SONY X XA1 XA ULTRA XZs XZ XZP XZ1 Compact Z5 Z3 +,我就要你好好的 手機殼SONY X XA1 XA ULTRA XZs XZ XZP XZ1 Compact Z5 Z3+,private
Leg Waist Fatigue Relieve Dual Roller Massager shopping168,腿部腰部疲勞舒緩雙滾輪按摩器 Shopping168,private
REBECCA MINKOFF REGAN SATCHEL Soft Leather Litchi Pattern Weave Pack,REBECCA MINKOFF REGAN SATCHEL 軟皮荔枝紋二用包,private
Blueant Pump Lite2 Wireless Bluetooth Sport Earphones-Light Blue,BlueAnt PUMP LITE2 無線藍牙運動耳機-極光藍,private
NIKE Lebron xiii Low bg basketball shoes women 834347002 Big - O SportsNIKE,NIKE 耐吉 LEBRON XIII LOW BG 籃球鞋 女 834347002 Big-O Sports,private
Sl Store gs196 wild personality Punk Sexy Hollow Fishnet Socks. Black / One,SL Store【GS196】百搭個性龐克性感鏤空漁網網襪．黑/F均碼,private
LONGCHAMP Folding Short the Leather Nylon Dumplings bag Handbag(Grey),LONGCHAMP 摺疊短提把 真皮 尼龍 水餃包 手提包 小包 女包 (小-灰),private
Success 21333 Japanese Color Magnet 3Cm (12 Card / Box),成功 21333 日式彩色磁鐵 3cm (12卡/盒),private
LED 18W Track Projection Lamp Track Type Lighting (White),LED 18W 軌道投射燈 軌道式照明 (白）,private
Lamborghini Aventador Sv Indonesia Police Car 1 64 * Play Animal Traffic Play Mat,Lamborghini Aventador SV 印度尼西亚警车 1/64*玩达人交通玩具垫,private
Thin Color Straps Padded Sports Vest. Black / White,直紋拼色肩帶襯墊運動背心。黑/白,private
MARUS Bluetooth Wireless Moving Coil Microphone Mcr - 10,MARUS 藍牙無線動圈式麥克風 MCR-10,private
Small Buckle Sealed Cans 600Ml Fresh Moisture Storage Tank Kitchen Dry Food,小号 搭扣密封罐 600ml 保鲜 防潮 收纳罐 厨房 干粮,private
Down Jacket Warm Top Dazzling Letters Embroidery Down Cotton Jacket Elsa 【 Tgk5919 】,羽絨外套 保暖首選亮眼字母刺繡羽絨棉外套 艾爾莎【TGK5919】,private
REMOVED_SECRETBackpack cloth, color English Backpack - Joanna ShopREMOVED_SECRET,後背包 布爾文彩色英文後背包-Joanna Shop,private
Crown Dog Tank - Puppy 100G Paul Pet Products,皇冠小狗罐－幼犬100g【寶羅寵品】,private
EAA - 007 Star Wars Light At: Imperial Desert Soldier _ The Beast,EAA-007 星際大戰 曙光乍現: 帝國沙漠兵_野獸國,private
Women Plain Texture Down Cotton Jacket Elsa 【 TA570100 】,正韓 素面質感羽絨棉外套 艾爾莎【TA570100】,private
Iron maiden DVD Korea ARIEL/White Eagle,鐵娘子DVD 韓湘琴/白鷹,private
Coach Counter Models Taylor Coach Litchi Grain Leather Shoulder Tote Pack,COACH 專櫃款 Taylor 馬車荔枝紋皮革 肩背托特包,private
ALVIERO MARTINI Map Pack Classic Map Charm Square (45 * 170),ALVIERO MARTINI 地圖包 經典地圖城市魅力方巾 (45*170),private
Kaiyi Music Kaiyi Music Premier Piano Course Sight Reading 2B,【Kaiyi Music】Premier piano course sight reading 2B,private
Lance Dual Serum (Spray),蘭斯 雙效精華(R噴霧),private
Puma Casual Tops Long Dress Casual Tops,【強登】PUMA 休閒上衣 長版上衣 連衣裙 休閒上衣 57770901,private
Tree De A4 - B209 Desktop Data Cabinet 1 - 5202A4 - B209,樹德 A4-B209 桌上型資料櫃 1-5202A4-B209,private
Iron Man Sports # Ea183 Plus Seal Box / Pcs,鐵人 SPORTS #EA183 加大印章箱 / 個,private
Phone Case Sony Xa Ultra Xa1 Ultra Xzp Xz Ultra Case Xa1Plus,手机壳 延禧攻略 索尼 XA ULTRA XA1 XA1 ULTRA XZP XZ ULTRA XA1PLUS 保护壳,private
Converse Male/Female Chuck Taylor All Star High Canvas Shoes Black,Converse 男/女 Chuck Taylor All Star 高筒 帆布鞋 黑-M3310C,private
Quick Drying AB Glue 15g (qs1) 40g (QS2),快乾型 AB膠 15g(QS1)、40g(QS2),private
Miss. Sugar embryolisse 24 Hour Magic Moisturizer 75ml,【Miss.Sugar】Embryolisse 24小時神奇保濕乳 75ml,private
Original 4-Port High Speed Hub - hub2k Tax Cargo,創見 4-Port高速 HUB 集線器 TS- HUB2K 含稅公司貨,private
Oppo R17 A73S A75S R15 Pro R11S Plus Findx Ax5 Christmas Rhinestone Case,OPPO R17 A73s A75s R15 Pro R11s Plus FindX AX5 手機殼 聖誕雪花鑽殼,private
Peas Shoes Star Sewing Loafers - The Efforts Sandaru 【 1459517 # 46 】,豆豆鞋 星星車縫樂福鞋- 山打努SANDARU【1459517#46】,private
Perfect Cut m10675 Maple Leaf loveteam Letter Casual Short T,★完美剪裁★M10675 楓葉LOVETEAM字樣休閒短T,private
MiYOSHI New High Purity Laundry Soap 【 2F3119 】,MiYOSHI 新高純度 洗衣皂【2F3119】,private
OLIMA Sensation Coating Touch Coating Car Coating Increased,OLIMA Sensation Coating 感動鍍膜 汽車鍍膜 撥水劑 增加滑順度,private
GAP Classic Logo Long Sleeve Hooded Jacket (Child),GAP 經典LOGO長袖連帽外套(童),private
Long version Pocket Cardigan Knit Coat,長版口袋開襟針織外套,private
Pet Fun Key Hagen Hogan Vision World Dark Base And Birdcage S02,寵樂‧‧‧HAGEN 赫根 VISION新世界 深基底易潔鳥籠 S02,private
And Traditional Crystal Sugar (600gx3 Pack),和吉 传统结晶 冰糖 (600gX3包）,private
Moschino Small Pink Fresh Women EDT 50ml - 86 Small shop Recommend,MOSCHINO 小粉紅清新女性淡香水50ml ◆86小舖 ◆,private
NuBra Invisible Bra Spring Scent Swirls + Sexy Lace Panties,NuBra 隱形胸罩 春芬漫舞+性感蕾絲內褲,private
Pentel Dragon zeh - 99t Standard Eraser Jumbo 12 / Box,【Pentel飛龍】ZEH-99T 標準型橡皮擦 特大 12個/盒,private
Broken Plate Girls Dress Vest Dress Sleeveless Sweet Slim Sleeveless Ifairies 【 25067 】,破盤出清★洋裝 背心 連身裙 無袖甜美修身無袖★ifairies【25067】,private
HTC phone shell cartoon Alice for 530 626 728 825 826 828 830 A9 X9 EYE E9,HTC 手機殼 卡通 愛麗絲 適用於 530 626 728 825 826 828 830 A9 X9 EYE E9,private
Bonjouracc Triangle Felt Ball 925 Silver Ear Clip Type,Bonjouracc 三角毛毡球 925银针 夹式 针式 耳环,private
LAKME Hair Mud 250ml,LAKME 萊肯 髮泥250ml,private
Pressure Clean Bubble Gum Knit Patent Bath Towel (Blue),優力潔 泡泡糖新型針織專利浴巾(藍),private
Shy by Sydney Evan Wish Bone Sterling Silver Plated K Gold Necklace,Shy by Sydney Evan Wishbone 許願骨 鑲鑽純銀鍍K金項鍊,private
Swarovski Original Licensed Asus Zenfone 2 5.5 inch/Star/Diamond,PGScase 施華洛世奇 原廠授權 ASUS ZenFone 2 ZE550ML/ZE551ML 5.5吋禮星/鑲鑽,private
Watanabe Health dietary Fiber 6g * 21 Pack,渡邊 健體膳食纖維 6g*21包,private
Small Pig Mini Jule Tops Single Letter Tassel Sleeve Cotton T 【 Saa71006833 】,小豬兒MiNi Jule 現貨 上衣 單行字母流蘇袖棉T【SAA71006833】,private
PENTEL XPP507 0.7 mm ORENZ Mechanical Pencils,PENTEL XPP507 0.7mm ORENZ寫不斷自動鉛筆,private
Taiwan Mike Play DIY Creative Prehistoric Dinosaur 1000 Stickers Book,台灣麥克 動手玩創意：史前恐龍1000貼紙書,private
Pet case OPPO R9 R9S R11 R11S PLUS F1 F1S A39 A57 A77,寵物當家手機殼OPPO R9 R9S R11 R11S PLUS F1 F1S A39 A57 A77,private
Ceramic Sealed Cans Caddy Multifunction The Sv8313 Of Happy Life Mesh,陶瓷密封罐 茶葉罐 中款《SV8313》快樂生活網,private
Japan Maruman A5 Loose-Leaf Blank Notebook * Hn183A,日本 maruman A5 活頁空白筆記本*HN183A,private
HC Store Mini Waterproof Backpack - Laser Mirror,HC STORE 迷你防水後背包-雷射鏡面51201,private
EYUP SABRI TUNCER Mini EDT - Amber and Rose 16ml Turkish designated Brand,EYUP SABRI TUNCER迷你淡香水-琥珀與玫瑰16ml 土耳其航空指定品牌,private
Colorful Comfortable Cotton Solid All-Match Blouse _ Angel White,多彩舒適棉素面百搭POLO短衫_天使白,private
Nike Pro Clsc Pad Tidl Mlt Bra Sport Bra 802339657 Big - O Sports,NIKE 耐吉 NIKE PRO CLSC PAD TIDL MLT BRA 運動內衣 女 802339657 Big-O Sports,private
Vince Camuto Vince Vaca Rest Premium Secret Border Women Light Fragrance Fragrant 7.5 Ml 【Ur8D】,Vince Camuto文斯卡穆托 水漾秘境女性淡香精 小香 7.5ml【UR8D】,private
Urban the Series Circuit Pattern Rose Gold Ballpoint Pen,派克 PARKER URBAN 都會系列 電路紋 玫瑰金 原子筆 P0949140,private
Audrey Hepburn: Double Resentment Dvd,奧黛麗赫本:雙姝怨DVD,private
Ao Orange Flower Water 100Ml. Neroli Water. Aqua Oleum Ao,AO 橙花花水 100ml。Neroli Water。Aqua Oleum 英國原裝,private
Thailand Kabuki Grilled Seaweed Roll 12 Roll / Box,泰國Kabuki烤海苔卷 12卷/一盒,private
Skechers Skech - Air Infinity Fashion Casual Series Male 51483Bkw Big - O Sports,SKECHERS SKECH-AIR INFINITY 時尚休閒系列 男 51483BKW Big-O Sports,private
Baby Shorts Baby Pants Baby Shorts Kids ug40523 Good doll,嬰幼兒短褲 嬰兒褲子 寶寶短褲 童裝 UG40523 好娃娃,private
Success Handle Smooth High Table (with Ball) 44111 1 Table Tennis,成功 刀柄光面高級桌拍 (附球) 44111-1乒乓球,private
Smart Energy Saving Countdown Timer Power,智慧節能倒數定時器 省電,private
Korean LV ryo Nourishing and Hair Care Cream 200ml Cherry Jewelry 【 26035 】,韓國 呂 RYO 滋養韌髮護髮霜 200ml【櫻桃飾品】【26035】,private
Nike Air Max 1 Obsidian,Nike 女 Air Max 1 Obsidian 慢跑鞋 319986104,private
Phoenix - Youth Large Movement Dvd,鳳凰臺 - 一九四九大遷徒DVD,private
Tinker Bell's - Tuner Aroma at - double color Guitar / Ukulele,小叮噹的店- 調音器 AROMA AT-200 雙色 吉他/烏克麗麗,private
College Sexy Pleated Culottes,学院感百褶裤裙,private
Hoda Vivo Nex Transparent Evolution Edge Tempered 9H Glass,hoda【vivo NEX】全透明进化版边缘强化9H钢化玻璃保护贴 0.21mm,private
Couple Short-Sleeved T Summer Washed 33 Digital Short Sleeve T,情侶短袖t 夏季水洗33數字短袖t,private
Coach Floral Splicing Handbag / Crossbody Boston Pack,COACH COACH 馬車緹花拼接手提/斜背波士頓包,private
Korea. Sexy personality trend wild Baskets Empty Top m022053,韓。性感個性潮流百搭簍空上衣M022053,private
Ozaki WOW WR325 25W 2.2 Dual Bass Speaker,OZAKI 阪京 WoW WR325 25W 2.2聲道 雙出力 重低音喇叭,private
Dashing Diva Fashion Medicure Nail,DASHING DIVA 時尚光療彩繪美甲片,private
New Balance Tier 3 Retro Shoes W530Pra Big - O Sports,New Balance 紐巴倫 TIER 3 復古鞋 女 W530PRA Big-O SPORTS,private
Coach New Leather Stitching Nylon Double Pocket Backpack (Large),COACH 新款真皮拼接尼龍雙口袋後背包 (大),private
Phone Case For Samsung S8+J7+S6 Edge S7 Edge J3 Pro J5-2016,煎蛋 零食 手机壳三星 S8 S8+ J7+ S6 S6 edge S7 S7 edge J3 PRO J5-2016,private
Caran D 'Ache Swiss To Leman'S Light Black Mechanical Pencils (Gold Clip) 0.7 / Pcs,CARAN d'ACHE 瑞士卡達 LEMAN 利曼亮黑漆自動鉛筆(金夾) 0.7 / 支,private
Qoopet Multifunctional Pet Bag Pink,Qoopet多功能寵物背包-粉,private
Flavor Love pheromones Fragrances * wild Odor,Flavor love費洛蒙香芬*野性騷味,private
Lena Ceramic Electric Hair Sticklena,lena陶瓷電卷發棒,private
Ppark AIR - Bamboo Charcoal Light - Fast Drawstring - L,ppark AIR-竹炭輕量-快扣拉繩-L,private
ALPINE PARTY PLUG PRO Top Music Earplugs Noise Filter Dutch Imported 20816,ALPINE PARTY PLUG PRO 頂級 音樂耳塞 聲音濾波器 荷蘭進口 20816,private
Doma jojoba Oil 200ml (NEW packaging),朵瑪 荷荷芭滋養油200ml(新包裝),private
Paris Laya Absolute Love Mirror Lipstick 905 Temptation Fragrance 3G,巴黎萊雅絕對情迷鏡面唇膏 905誘惑香氛 3g,private
Star Wars ep7 Metal Key Ring 003 The Horse the section _ The Beast,星際大戰 EP7 金屬鑰匙圈 003 法司馬隊長款_野獸國,private
Bamboo Cotton Pleated Sleeve Button Tops / White Project013,竹節棉褶袖鈕扣上衣/白Project013,private
The French Royal As34 Sterilization Greedy Cat 2Kg,法國皇家AS34絕育貪嘴貓2KG,private
Cake Test Stick 9836n,三箭牌 蛋糕測試棒 9836N,private
~ Nillkin Apple iPhone 8 Plus 5.5 inch Magic case TPU Case Shockproof Case,強尼拍賣~ NILLKIN Apple iPhone 8 Plus 5.5吋 魔力套 TPU 防摔抗震 手機殼 手機套,private
Japan Imported Yohaku Original Series Washi Tape - Stripe Pattern (Y - 006),日本進口 YOHAKU 原創系列 和紙膠帶 - 條紋圖案 ( Y-006 ),private
Parker Jotter Tablets Series Aria Black Rod Pen P0028270 / F,派克 PARKER JOTTER 記事系列 瑞雅 黑桿 鋼筆 P0028270/F,private
Solar Five Hand Cat,太陽能五招手貓,private
Self Card A480 Folder / Box,自強牌 A480 資料夾 / 箱,private
Baby Coat Terry Zipper Casual Coat Jacket ug13220 Good doll,寶寶外套 毛圈拉鍊休閒外套夾克 UG13220 好娃娃,private
Fashion Simple Practical Pillow 109 Cushion Sofa Decor Pillow Bolster,時尚簡約實用抱枕109 靠墊 沙發裝飾靠枕,private
Panties Cotton Cartoon Triangle Panties 5 Pcs Set - Blue Car 【 A257 】,內褲 純棉 卡通三角內褲5件組-03紅藍車【A257】,private
Arome by Watsons Silky Fragrance Aroma Shower Gel 500ML,Arome by Watsons絲柔馥郁香氛沐浴乳500ml,private
Folk Day Dvd Value Karaoke Picks,民歌紀念日DVD 超值卡拉OK精選,private
Adidas Run 70S Black Classic Retro Casual Jogging Shoes,ADIDAS RUN 70S 黑色 经典 复古 休闲慢跑鞋 S99950,private
Nike Ultimate Flight Ankle Sock Basketball Socks Sports Socks Sx5420100,NIKE 耐吉 ULTIMATE FLIGHT ANKLE SOCK 籃球短襪 運動短襪 SX5420100,private
Roush - Slim Fit Single Pocket Fit Plain Shirt 715610,Roush - (Slim Fit)單口袋合身素面襯衫 【715610】,private
Japan Holbein (Heavy Body) 18 Colors Acrylic Paint 20Cc * Au993,日本 Holbein (Heavy Body) 18色壓克力顏料 20cc* au993,private
Men Running Shoes Lightweight Sneakers Magic Baby ~ Sd8035,慢跑鞋 男款輕量運動鞋 魔法Baby~sd8035,private
Hollow Totem Embroidery Shirt,鏤空圖騰刺繡襯衫,private
Voluspa Gorgeous The Gold Tobacco Tin Box Scented Candle 127G Blond Tabacvoluspa,Voluspa 華麗年代 黃金煙草 錫盒 香氛蠟燭 127g Blond Tabac,private
Sushi Go kaohsiung ponzi Cards Kangagames,迴轉壽司 Sushi Go 繁體中文版 高雄龐奇桌遊 Kangagames,private
NEKOPARA Phone Case For ASUS ZENFONE 4 3 2 Deluxe Ultra ZOOM LASER SELFIE GO,NEKOPARA手機殼華碩ZENFONE 4 3 2 Deluxe Ultra ZOOM LASER SELFIE GO,private
120x45x180cm Light Five Paint white wave Rack,120x45x180cm輕型五層烤漆白波浪架,private
Waterproof Bamboo Charcoal Flat Single Cleaning Pad,防水竹炭平單式保潔墊,private
Magic Baby Children Girls Running Shoes Light Sneakers ~ Sa68305,魔法Baby 兒童慢跑鞋 中大童輕量運動鞋~sa68305,private
Faber-castell E-Motion Series Crocodile Pattern Ballpoint Pen *,Faber-Castell E-MOTION 系列鱷魚紋原子筆*148350,private
BBQ Hand Fan Ignition Camping BBQ ae02666 I - Style,BBQ燒烤手搖鼓風扇 點火器 露營烤肉【AE02666】i-Style,private
Skechers On - The - Go Glide Casual Shoes dark coffee Shoes no697,SKECHERS ON-THE-GO Glide 休閒布鞋 深咖啡 男鞋 no697,private
Contrast Color Tassel Quarter Socks - 22100242,撞色流蘇四分短襪-22100242,private
Sea of spa Dead Sea Exfoliating Cream,Sea of Spa 死海海洋去角質霜,private
Germany hamptons wok / Pan Series 28cm 1 Pc Cherry Jewelry 【 28306 】,德國 Hamptons 炒鍋/平底鍋系列 28cm 1入【櫻桃飾品】【28306】,private
【 HARIO 】 ih induction cooker Clay Classic White 2000ml MNI - 225KW,【HARIO】IH電磁爐土鍋經典白2000ml MNI-225KW,private
Crystal Music Series Crystal Music 6 CD purchase tide 8,水晶音樂系列 水晶音樂版 6 CD (購潮8),private
Portable Soap Paper 20 Sheets X 4 Pc 【 Ae04116 - 4 】,便攜香皂紙 20片裝*4入【AE04116-4】,private
Ur8d Ferrari Red Power Thermal Men EDT 75ml,【UR8D】Ferrari 法拉利 Red Power熱力男性淡香水75ml,private
EXID mobile phone shell SONY X XA1 XA ULTRA XZs XZ Premium T3 T4,EXID手機殼SONY X XA1 XA ULTRA XZs XZ Premium T3 T4,private
Tsaio Bearberry Whitening Exfoliating Gel 100G,上山採藥 熊果素美白去角質凝膠100g,private
New Balance 574 Beige Rose Gold Metal Retro Casual Shoes,NEW BALANCE 574 米色 玫瑰金 金属 复古休闲鞋 WL574FSA,private
V Collar Lace Penetration Dress # 801628V,V領蕾絲透膚洋裝 #801628,private
Bamboo Cotton Spaghetti Strap Vest,竹節棉細肩帶背心,private
Attract Fortune No. 0 Torn Perfect Waterproof Shockproof Bag/pcs,徠福 NO.0 撕不破防水防震袋/個,private
Men Hiking Shoes Waterproof Outdoor Hiking Shoes Magic Baby ~ Sa73503,男登山鞋 防水戶外登山鞋 魔法Baby~sa73503,private
Long Card Nuts Easy Pack Triangle Stereo Package Series,萬歲牌 堅果隨手包(三角立體裝)系列,private
Button Tie Flix Mix From Kaohsiung Ponzi Cards New Swan Castle,钮钮相扣 Flix Mix 繁体中文版 高雄庞奇桌游 新天鹅堡,private
Heavy Duty Neoprene High Performance Gloves,重型氯丁橡膠高性能防化手套,private
White Gold Preppy Colorful Pen,白金牌 Preppy 炫彩鋼筆,private
Mr Building Ms229Nc12 Happy College Wide Type Crayon 12 Colors Set / Box,施德樓 MS229NC12 快樂學園加寬型蠟筆十二色組/盒,private
Baby Shoes Desk Bay - Poli Genuine bonny Anti Slip Sandals Magic Baby ~ sa81116,寶寶鞋 台灣製POLI正版波力款止滑涼鞋 魔法Baby~sa81116,private
Samsung Galaxy Note8 note5 Note4 Note3 S5 S6 S7 S8 Edge Plus Hard Phone,三星Note8 Note5 Note4 Note3 S5 S6 S7 S8 edge Plus 硬殼 手機殼,private
Guerlain Symphony Meteor Powder Ball 2 Clair,娇兰幻彩流星蜜粉球 2 Clair,private
Gxg High Back Beauty Computer Chair no armrest/Waist Pillow Type 173lunha,GXG 高背美姿 電腦椅 (無扶手/大腰枕) 型號173LUNHA,private
KIKIKO Action Professional Sport Swimming Goggles (Blue),KIKIKO Action 專業休閒運動泳鏡(Blue),private
Asus zenfone4 Pro Max Selfie Live 3 Zoom anti fall all inclusive,華碩 ASUS ZenFone4 Pro MAX Selfie Live 3 ZOOM 防摔 全包保護殼 手機殼,private
Swimwear Swimsuit Bikini In Pink High Waist Swimwear Swimsuit Bikini 【 689A 】,泳衣 泳裝 比基尼bikini 喬依 粉色高腰 泳衣 泳裝比基尼【689a】,private
Japan Pilot Tupper Pen * Fco - 3Sr,日本 Pilot 百樂鋼筆 *FCO-3SR,private
Japan shiseido neuve provoke Me Eyebrow 1.5 g Cherry Jewelry 【 23648 】,日本 Shiseido 資生堂 Neuve 惹我眉筆 1.5g【櫻桃飾品】【23648】,private
Paul Canvas Bag Shoulder Dslr Pack 60D700D 70D 650 Diagonal Outdoor Fashion,寶羅專業 攝影包 單肩 單反相機包60D700D 70d 650斜跨戶外時尚,private
Htc Phone Case Cartoon Stitch M7 M8 M9 + M10 U11 U Ultra U Play U11 + A9S Htc,HTC 手機殼 卡通 史迪奇 M7 M8 M9 M9+ M10 U11 U ULTRA U PLAY U11+ A9S,private
Cornell Japan Design Nordic Style Dining Table Set _ 5 Pcs Set (Table + Chair Ax4) Cornell,Cornell 日本設計北歐款餐桌組_5件組(餐桌+餐椅Ax4),private
Set Summer Suit Coat + Cotton Shorts Set - Elsa 【 TAE6333 】,套裝 初夏西裝外套+棉麻短褲套裝-2 艾爾莎【TAE6333】,private
Sterling Silver Fortune Cat Double Color Line Chinese Knot Bracelet,純銀抱元寶招財貓雙色線中國結手環,private
German Original Imported Online Flower Fairy Multifunction Set Pen Set 57917 / Set,德國原裝進口 Online 花仙子多功能套筆組 57917 /組,private
Huawei TalkBand B3 Lite Smart Bracelet Bluetooth Headset Call Sports Monitor,華為 HUAWEI Talkband B3 Lite 智能手環 藍芽耳機通話 運動監測 現貨黑色,private
Native JEFFERSON BLOCK Crocs White men and women shoes 11100102 - 8559 no410,native JEFFERSON BLOCK 洞洞鞋 白色 男女鞋 11100102-8559 no410,private
PILOT Card Water Marker Card Water 10 Boxes (1 Box 10 PCS),PILOT 可換卡水白板筆卡水10盒（1盒10支入）,private
ARDELL Fashion False Eyelashes Natural False Eyelashes 8 Pcs # 110,ARDELL時尚假睫毛-自然款假睫毛8入組 #110,private
Mizuno Wave Rider 20 (W) Advanced Professional Running Shoes Women J1Gd170328 Big - O Sports,MIZUNO 美津濃 WAVE RIDER 20(W)進階專業慢跑鞋 女 J1GD170328 Big-O SPORTS,private
Home Shorts-Heather Grey 【 93007 】,居家短褲-麻花灰【93007】,private
Sunshine and Like Pineapple Enzyme + Natto X4 Packs,陽光康喜 鳳梨酵素+納豆x4盒,private
Crazy & Funny shop4fun Baby Hooded Wrap / Bath Towel,購瘋趣shop4fun嬰兒寶寶連帽包巾/浴巾,private
Chloe Croatian Small Double Atmosphere Ribbon On Gift (Name + Rose Heart) Essence 20Ml 【Ur8D】,Chloe克羅埃 小小雙氛緞帶限量禮盒(同名+玫瑰之心)香精20ml【UR8D】,private
Mr Building Ms526B30 Eraser / Pcs,施德樓 MS526B30 橡皮擦 / 個,private
Japan laundrin 'Perfume Aromatherapy Spray 370ml - Elegant Floral,日本Laundrin’香水芳香噴霧370ML- 典雅花香,private
Missha Velvet Perfect Filter Mesh Air Cushion Powder,MISSHA絲絨完美濾光網狀氣墊粉餅,private
Old Heather Circle Open Ring ifairies 【 33637 】,做舊麻花圓圈開口戒指★ifairies【33637】,private
For Honor 19Mm Smile Long Tail Clip Bc070 24 Pc / Box,展榮 19mm微笑長尾夾 BC070 24入 / 筒,private
Household Leopard Organizer Waterproof Tote Pack gk10029,日雜豹紋萬用防水托特包 GK10029,private
Flashing Girls Baotou sandals / Children 21 ~ 25,閃燈女童包頭涼鞋/小童21~25,private
Clean Keep Km - 203 Breathable Leather Chair / Sheets,潔保 KM-203 透氣皮椅 / 張,private
Cross Spire Series Slim Ball Pen Refill,Cross Spire系列纖細鋼珠筆筆芯,private
Three Low Protein Formula 800g,三多 低蛋白配方 800g,private
Big Hook with Funnel (Red / Blue) (JT139),大漏網附漏斗(紅/藍) (JT139),private
White Coffee Shop Mellow Cappuccino White Coffee Box 5 Pc,【白咖啡坊】香醇 卡布奇诺白咖啡(盒装5入),private
Tinker Bell's - fjh2051 the ~ of success Piano This - Primary + CD,小叮噹的店- FJH2051 《美啟思》成功鋼琴教本-初級+CD,private
CHL NP - H7TOF - 907 - A ~ K 250 Code Wedding New House DIY Ribbon 11 Colors,☆CHL☆ NP-H7TOF-907-A~K 250碼婚慶結婚新房用DIY絲帶彩帶 11色可選,private
Philips Daily Collection Toast Cutter Hd2582,飛利浦 Daily Collection 烤麵包機 HD2582,private
IFairies large size long sleeve T shirt Tops ifairies [59000] 【 59000 】,iFairies 中大尺碼長袖T恤上衣★ifairies【59000】【59000】,private
Indexes Porter Free Style Key / Coin Pack nzp10 G Color S,日標PORTER FREE STYLE鑰匙/零錢包【NZP10】柒彩年代,private
CACO - Stripe Embroidered word socks (Male) 【 OST025 】,CACO-條紋繡字中筒襪(男)【OST025】,private
Dot Focus Adidas BP Power III L Backpack School Bag Hanging Black Three,DOT聚點 adidas BP POWER III L TRAINING 後背包 書包 掛勾 黑色 三條線 AY5101,private
Parker Urban The Series Pink White Pen P0844870 / F,派克 PARKER URBAN 都會系列 桃紅白夾 鋼筆 P0844870/F,private
Sign: No Smoking 6x16cm (S16224),指示牌:請勿吸煙 6X16cm (S16224),private
Super Nice Cod Honey Jasmine 80G Economy Pack 【 Ak07037 】,超好吃鱈魚蜜汁香片80g，經濟包【AK07037】,private
Japan Jej Postmodern Luggage Storage Basket # 10 2 Colors,日本JEJ Postmodern 置物收納籃 #10 2色可選,private
0 ~ 2 Girls Short Sleeve Home Suit Magic Baby ~ k50475,0~2歲寶寶短袖居家套裝 魔法baby~k50475,private
Nike Wmns Roshe Two Sports Shoes Female 844931001 Big - O Sports,NIKE 耐吉 WMNS ROSHE TWO 運動休閒鞋 女 844931001 Big-O Sports,private
【 Twinings 】 downing Tea Strawberry Mango Tea (2gx25 PC),【Twinings】唐寧茶 草莓芒果茶(2gx25入),private
Cat Face Mask M - Cm - 202,貓口罩M-CM-202,private
ZS Cleome Personalized Army Women Feather Coat,ZS Cleome 個性軍裝女款羽毛外套,private
IKEA Treasure Japanese Kitchen Magnetic Storage Rack,宜家寶 日式廚房磁吸收納架,private
Not Color aq1181 Fast Storage automatic line/Spool,不挑色 AQ1181 快速收納自動收線器/捲線器,private
Momus Flocking Puff (Face Powder),MOMUS 植絨粉撲（蜜粉專用）,private
Sony Xperia Z5/Z5 Compact/Z5 Premium Tempered Glass Screen Protector,BLUE POWER Sony Xperia Z5/Z5 Compact/Z5 Premium 9H鋼化玻璃保護貼,private
Nike As Lebron M Nk Therma Pant Casual Sports Pants Male 857152010,NIKE AS LEBRON M NK THERMA PANT 休閒運動長褲 男 857152010,private
Estee Lauder Young 10 & Cream 15ml * 2,Estee Lauder 雅詩蘭黛 年輕肌密無敵霜15ml*2,private
Amiss 【 C202 - 45 】 Personality Totem Key Tattoo Tights Peach Flowers Cat,Amiss【C202-45】 個性圖騰‧刺青褲襪☆桃心小花貓,private
The Struggle rival kings from kaohsiung ponzi Multi Fun Cards,皇位紛爭 Rival Kings 繁體中文版 高雄龐奇桌遊 多樂,private
UNI M5 - 450 Japan Limited Color New,UNI M5-450 日本限定色新上市,private
Ego Improved qv Baby Care Bath Oil 250mlEgo,Ego意高 QV嬰兒呵護沐浴油250ml,private
Lancome Muscle For Revitalizes Eye Essence 15Ml Testerlancome,LANCOME蘭蔻 肌因賦活眼部精粹15ml TESTER,private
RB-60 A4 Pastel PP Material/60 Page,珠友 RB-60 A4粉彩PP資料本/60頁,private
【Kaiyi Music】Christmas Student Choice Series Book 3,【Kaiyi Music】聖誕節樂譜Christmas student choice series book 3,private
Salvatore ferragamo Free Time extraordinary Journey Men EDT Syringe 1.5 ml,Salvatore Ferragamo FREE TIME 非凡之旅 男性淡香水 針管 1.5ml,private
REMOVED_SECRETSAUGELLA REMOVED_SECRETREMOVED_SECRETjill Effective Repair Moisturizing Gel Daily Type 30ml 【 23709 】REMOVED_SECRET,SAUGELLA賽吉兒 高效修護保濕凝膠 日用型30ml【23709】,private
Attract Fortune No. 75 Premium Moxa Indonesia / Pcs,徠福 NO.75 特選艾絨印泥 / 個,private
New Adata Uv150 16Gb Usb 3.0 Action Dish Black Lifetime Warranty,全新 ADATA 威刚 UV150 16GB USB 3.0 行动碟 黑色 终身保固,private
Korea [welfare] BBIA Golden Rose Collection Lipstick 3.5g Colored Optional,韓國 【福利品】Bbia 金色玫瑰珍藏唇膏 3.5g 五色任選,private
Japan Pipapu Animal Embroidery Harness Pocket / Lunch Bag - 6,日本 Pipapu 動物刺繡束口袋/便當袋 - 共六款,private
Loafers Shoes Shoes Female Flat British Wind Small Leather Shoes,乐福鞋女鞋春季单鞋女平底英伦风百搭小皮鞋女,private
Zenfone/4/Selfie/Max/Pro/Plus The Tiger Cover Case Anti-Shock For Asus,Zenfone/4/Selfie/Max/Pro/plus 雲煙虎浮雕空壓殼防摔殼抗衝擊 華碩手機殼,private
~ goospery Apple iPhone 7 / 8 Plus Pudding Case Soft Cover,強尼拍賣~ GOOSPERY Apple iPhone 7/8 Plus 布丁套 軟套 保護套 保護殼,private
Computer Label Paper 3 Form - 807 - B White 1000 Copy Laser Inkjet,【金魚池】龍德 電腦標籤紙 3格 LD-807-W-B 白色 1000張 影印 雷射 噴墨 貼紙,private
Nov Sunscreen Spf50 9G,NOV 娜芙 防曬條霜 SPF50 9g,private
LIYO V Collar Chiffon Shirt,LIYO理優V領寬袖雪紡上衣E722016,private
The Soothing Dry Itching Cream 5Ml,雅漾 舒緩乾癢霜5ml,private
American the - Enzyme Tablets - Personal Bottle (100 PCS / Bottle),模美安-纖維酵素錠-個人瓶(100顆/瓶),private
Msi Mini H370 Gaming Pro Carbon Motherboard Msi,MSI 微星 H370 GAMING PRO CARBON 主機板,private
A - Hung Strong Sticky Hook 6 PC Seamless Hook Hanger Hanging Holder,【A-HUNG】強力黏掛鉤 掛勾 (6入) 無痕掛鉤 無痕掛勾 掛勾 掛架 吊架,private
Taiwan Macro Modern Dry Cone Built-in Protein Filter awn - 80 (2000l) Long,台灣MACRO現代 幹式錐型內置蛋白過濾器AWN-80 (2000L) 免運,private
Fashion Color Stripe Leisure Shoes Blue / Pink / White 【 CF428 - 1 】,時尚配色條紋休閒鞋 藍/粉/白【CF428-1】,private
Batman Pair Superman Phone Case For Samsung NOTE3 NOTE4 NOTE5 NOTE8 C9 PRO,蝙蝠俠對超人手機殼三星NOTE3 NOTE4 NOTE5 NOTE8 C9 PRO,private
Adidas Run Sho M Sport Jogging Shorts Ai3295 Big - O Sports,ADIDAS 愛迪達 RUN SHO M 運動慢跑短褲 男 AI3295 Big-O SPORTS,private
xotic Box Logo Beanie Basic Square Patch Unisex Knitted Hat Pink Red Grey Black,DOT聚點 XOTIC BOX LOGO BEANIE 基本款 方形 貼布 毛帽 針織帽 保暖 粉色 紅 灰 黑 男女,private
[bunty Rose] cypress Essential Oil,[芭蒂蘿絲]絲柏精油,private
Pink Eyelash Eyes iPhone8 iPhone7 6s Plus i6 i7 i8 Case,粉色 睫毛 眼睛 iPhone8 iPhone7 6s Plus I6 I7 i8 手機殼,private
KGH Fashion Casual Messenger Pack Korean Cycling Pack Oblique Backpack,KGH 時尚休閒郵差包 韓版潮流單車包 斜背包 801RR2276,private
Parker Urban The Series Hacker Violet Ball Pen P1906867,派克 PARKER URBAN 都會系列 駭客紫羅蘭 鋼珠筆 P1906867,private
Nike Equilibrium Modern Tempo Sports Running Shorts 723945010 Big - O Sports,NIKE 耐吉 EQUILIBRIUM MODERN TEMPO 運動路跑短褲 女 723945010 Big-O Sports,private
SOTO Camping Lamp Wick ST-2101,SOTO 露營燈燈芯ST-2101,private
Breakout Crisis DVD Vol-12,驚爆危機DVD VOL-12,private
Village Masahiko Micro Lead Pc Gold Foil Mask & Massage Cream,【村上正彥】微導入金箔面膜&按摩霜,private
Apple Wood Sand + Rose 6L,蘋果木砂+玫瑰6L,private
HC Store Waterproof Large Capacity Backpack - Blue Leaf Fern,【HC STORE】防水大容量後背包-藍葉羊齒蕨,private
Germany JBL Treasure NOVO Tom Fish Artificial Floating / Soft Feed 100ml,德國JBL珍寶 Novo Tom幼魚人工懸浮/軟體飼料 100ml,private
Magic Square Grid Ballpoint Pen 【 18 - 613 】,魔術四方格原子筆【18-613】,private
BK - S1 bks1 BIKECOMM Earphone Accessories Set,BK-S1 BKS1 耳機配件組,private
Apple iPhone 5 I Phone 5 / 5S phone case / ip5 / Phone Case / Cover,Apple iPhone 5 i Phone 5/5S 手機殼/iP5/手機殼/保護殼,private
The Culture Mt 2013Summer _ Mt Slim 3Mm B (Mtslims02),＊小徑文化＊mt 2013summer _ mt slim 3mm B ( MTSLIMS02 ),private
TWICE Phone Case For ASUS ZENFONE 4 3 2 Deluxe Ultra MAX ZOOM LASER SELFIE,TWICE手機殼華碩ZENFONE 4 3 2 Deluxe Ultra MAX ZOOM LASER SELFIE,private
Toppro Ladys Imported 360 Degree Rotary Nail Scissors (M) Tv - 55M With Nail Cutter 【Ur8D】,TOPPRO LADYS 進口360度迴轉式指甲剪(M) TV-55M 附指甲挫刀【UR8D】,private
The Trend Of The Shop Palace Triangle Logo British Tide Brand Short Tee Army Green,玉米潮流本舖 PALACE 三角 LOGO 英國潮牌 短TEE 軍綠色,private
Hair Flower Phyto 7 Hair Cream - 50Ml,髮朵 PHYTO 七號髮霜【富山】-50ml,private
Bonjouracc Rose Small Diamond Adjustable 925 Sterling Silver Dangle Earringsbonjouracc,Bonjouracc 玫瑰 小鑽 可調 925銀針 垂墜 耳環,private
National wind Totem Ankle Socks (Grey),民族風圖騰踝襪(淺灰),private
Oblique Backpack David Elegant Ring With Oblique Backpack,斜背包 回歸優雅圓環手拿斜背包,private
Card / Popcorn Happy Party Box,卡滋爆米花-歡樂派對箱,private
US NASA East f40 Premium Automobile Racing Engine Level Oil Essence 15 PG City,US NASA EAST F40 高級汽機車 競技級引擎機油精 15瓶 PG CITY,private
Huawei Y7 Prime Y7S Y6 2018 Korean Leather Case Protective Cover,華為 HUAWEI Y7 prime Y7s Y6 2018 韓版 手機保護皮套 保護套 手機套,private
Korean Pin Buckle Women'S Belt,韓版針扣女款褲帶,private
Dayneeds 120x45x180 Five Paint Punch Metal,【dayneeds】120x45x180五層烤漆沖孔鐵架,private
Care Joe Cell Meet Me Water SPA Tencel Soft Mask 6 Pc / Set,健喬信元 Meet Me水SPA天絲柔面膜 6入/組,private
Kgh Classic 15.6 Inch Laptop Backpack,KGH 經典15.6吋筆電背包 812DA9184,private
Molly Round Neck Asymmetric Print Dress / Brown Stone,Molly 圓領不對稱印花洋裝/棕小石,private
American Airwalk Backpack Tablet Backpack Computer Bag Thick Zipper Backpack A615323692,美國AIRWALK 筆電包 背包 後背包 電腦包 粗拉鍊後背包 A615323692,private
Notebook Backpack Computer Bag 15.6 inch 14 Inch Waterproof Anti-Theft Backpack,筆記本雙肩電腦包15.6寸14寸防水防盜背包雙肩包,private
Big Pocket Trousers Irregular Loose Denim Long Pants,大口袋褲管不規則鬆緊牛仔長褲,private
Japanese German Bloody By Dvd,日軍德軍血腥的暴行DVD,private
OPPO Phone Case Cartoon Fat Cat f1f R7 R7S R7 A77 a51f R9 a73 a75 a79 R11 r15,OPPO 手機殼 卡通 胖貓 F1F R7 R7S R7 A77 A51F R9 A73 A75 A79 R11 R15,private
Scale - 15 Cm * 151,比例尺-15㎝*151,private
Asus Asus H-S340Mc-I58400003T Desktop,ASUS华硕 H-S340MC-I58400003T 桌面计算机,private
Polo Shirt Digital Armband Pink Polo Shirt (M),Polo衫 數字臂章大馬POLO衫 (男),private
Truvii Classic Black teak Wood Handle Enamel cup 400ml,Truvii 經典黑柚木柄琺瑯杯 400ml,private
Parker Jotter Series Steel Rod White Ballpoint Pen p0032770,派克 PARKER JOTTER 記事系列 鋼桿白夾 原子筆 P0032770,private
Crystal Ball ( Galsia Markez Crown Canvas Tote Bag ),CRYSTAL BALL ( GALSIA MARKEZ Crown Canvas Tote Bag ),private
64GB Camera Memory Card 300s Series SDXC UHS-I U3 V30 Support 4K Video,創見 64GB 相機記憶卡 300S 系列 SDXC UHS-I U3 V30 支援4K錄影,private
Cowboy Curling Jeans Shorts,牛仔捲邊破褲 短褲,private
6879 - 0621 Metal Ring Hanging Neck Slim Strapless Dress,【6879-0621】金属圆环挂脖修身露肩连身裙 洋装,private
ADIDAS D Rose englewood IV TD basketball shoes men S85564ADIDAS,ADIDAS 愛迪達 D ROSE ENGLEWOOD IV TD 籃球鞋 男 S85564,private
Nike Court Royale Canvas Men'S Casual Shoes White,NIKE COURT ROYALE CANVAS 男休闲鞋( 白 AA2156100,private
Late Smell - No Add Pure Tuna Loose 130G,旬之味-無添加純鮪魚鬆130g,private
Korean Made. Silk pattern Size Box Earrings,韩制。丝纹大小方框耳环,private
Tinker Bell'S - Tuner / Metronome Korg Tm - 50 Tm - 60,小叮噹的店- 調音器/節拍器 KORG TM-50 TM-60,private
Michael Kors Bedford Lichee Pattern Metal Chain Crossbody Bags,MICHAEL KORS BEDFORD 荔枝纹金属炼条斜背包,private
Jansen Natural Aroma Handmade Ink / Tulip (Crimson) 2108 * Reservationjansen,JANSEN天然香氣手工墨水/鬱金香(深紅色)2108*需預定,private
Loafers Flat White Canvas Shoes Shoes A Pedal Lazy Shoes Small,乐福鞋平底白色帆布鞋 鞋一脚蹬懒人布鞋小白鞋,private
The Girl Of Canvas Shoes Student Casual Shoes,《小蘿莉》帆布鞋布鞋學生休閒板鞋,private
Green Lake dtpa Iron af027 20g Water Iron fertilizer,台灣TBS翠湖DTPA鐵劑AF027 20g水草鐵劑肥料,private
【 NEW POWER 】 Flying Air Cushion Shock couple casual shoes - 5PCS,【NEW POWER】飛織氣墊減震情侶休閒鞋◆鞋子嚴選,private
BETO Cld - 032Ag Aluminum Alloy Portable Pump,BETO CLD-032AG鋁合金攜帶式打氣筒,private
Hawk H31 Multifunctional Car Magnetic Holder,Hawk H31 多功能汽車後座磁吸支架,private
ASUS ZenFone 2 3 4 5 6 Selfie Go TV Max 9H Tempered Glass Protective Glass,ASUS 華碩 Zenfone 2 3 4 5 6 selfie GO TV MAX 9H 鋼化玻璃保護貼 玻璃貼,private
Innoshop New sanrio Train Bath Ball,【innoshop 玩新】三麗鷗火車造型沐浴球,private
3M 3036 - 6 Scotch Packaging Scotch Tape 48mmx40y - 6 Roll PC,3M 3036-6 Scotch 封箱透明膠帶48mmx40y -6捲入,private
◤ Bubble Life ◢ Japan CB Japan Flow Kitchen Series Glass Chopping Board,◤泡泡生活◢ 日本CB Japan Flow廚房系列玻璃杯砧板收納架,private
Bessie Byer All Natural Tropical Fruit Juice 300ml x 6,Bessie Byer貝思寶兒 熱帶水果汁300ml*6,private
Desk Bay - Multifunction Warmer Small Roll Pillow Magic Baby ~ Id70 - 1 _ B,台灣製多功能暖手小捲捲枕 魔法Baby~id70-1_b,private
Ling Legend DVD Full 30 Set / 6pcs Ada choi / bosnia,靈鏡傳奇DVD (全30集/6片裝) 蔡少芬/于波,private
Wild College Wind Shoulder Bag Big Bag Bt - 15104,百搭學院風肩背包 大包 BT- 15104,private
NEKOPARA Vol mobile phone shell HTC U Ultra U PLAY 10 PRO LIFESTYLE 728 830,NEKOPARA Vol手機殼HTC U Ultra U PLAY 10 PRO LIFESTYLE 728 830,private
Yan Text Small Banana Key Pendant Stress Relief Cellphone Charm,顏文字小香蕉 鑰匙掛飾 紓壓小物 手機吊飾,private
Apollo Safe Iron Cabinet Gold Treasury Library Wealth Lucky Essential Original Warranty 30Lr3C,阿波羅保險箱 保險櫃 鐵櫃 金庫 財庫 財神 招財必備 公司原廠保固 30LR3C,private
Tsaio Grass Balance Shampoo 1000ml,tsaio上山採藥 蕺草均衡洗髮精1000ml,private
IFairies Sleeveless Dress Floral Stitching Halter Dress 【 40413 】,iFairies 無袖洋裝 碎花拼接吊帶連身裙【40413】,private
Henze: Fairy Cd Henze Ondine Knutson Command Ecuador,亨策：水中仙 CD Henze Ondine 克努森指揮 厄瓜多爾編舞家艾胥頓,private
Gift - Vintage Motorcycle Key Ring Pendant,禮品-復古摩托車鑰匙圈吊飾,private
Yogurt 0% Zero - Salmon Sensitive Formula - 14lb Full Age Litter,優格 0%零穀 鮭魚 敏感配方 - 14lb 全年齡貓用,private
The Generation 6000 Eco Marker / Pcs,利百代 6000 環保白板筆 / 支,private
Shiba Seba Med Baby Care Lipstick The - 4.8 G,施巴 Seba med 嬰兒護唇膏【富山】-4.8克,private
Fashion Simple Practical Pillow 39 Cushion Sofa Decor Pillow Bolster,時尚簡約實用抱枕39 靠墊 沙發裝飾靠枕,private
Israel Red Sea K potassium Test Set r21435 Water Test Set,以色列Red Sea紅海 K鉀離子測試組 R21435 海水測試組,private
French American Love Series - No Rinse Skin Cleansing Milk 200ml,法國貝貝 愛家系列-免沖洗肌膚清潔乳 200ml,private
iphone6 6S i6 plus Disney Mickey Minnie Couple Shell,正韓 現貨 iPhone6 6s i6 Plus 迪士尼 米奇 米妮 情侶殼 手機殼,private
Canada 3 sprouts Toy Storage Box - Small Buffalo Taiwan authorized Distributor,加拿大 3 Sprouts玩具收納箱- 小水牛 台灣授權代理商,private
LIYO Casual Printed Tank Top,LIYO理優休閒印花坦克背心E722026,private
Australia Cedel Propolis Antibacterial Black Toothpaste 110G (Value Three Into),澳洲CEDEL蜂膠抗菌無糖牙膏110g(超值三入),private
Salvatore Ferragamo Classic Logo Vintage Sunglasses,Salvatore Ferragamo 經典logo復古太陽眼鏡,private
Cotton White Shirt Art Slim White Shirt Dress,純棉白襯衫女文藝修身百搭白襯衣職業裝,private
Phone Case Asus Green Zd551Kl Zd552Kl Zb551Kl Zb552Kl Zc554Kl,手机壳 文青绿叶 华硕 ZD551KL ZD552KL ZB551KL ZB552KL ZC554KL ZE554KL,private
Pet Space Pack Pet Capsule Pack Capsule Pet Backpack Pet Pack,正品 現貨 寵物太空包 寵物太空艙包 太空艙寵物背包 寵物硬殼包 寵物外出包,private
Children Hat T Thick Bristles very Warm Hooded Tops Magic Baby ~ k38781,兒童帽T 厚刷毛極保暖連帽上衣 魔法Baby~k38781,private
Zebra s4a11 4 Colors Snoopy Pen Tube,斑馬S4A11 4色Snoopy筆管,private
Shakugan no Shana phone case ZENFONE4 MAX SELFIE PRO ZENFONE AR 4 4S 3,灼眼的夏娜手機殼ZENFONE4 MAX SELFIE PRO ZENFONE AR 4 4S 3,private
Mitsubishi - 170 National Gel Pen 0.7Mm / Pcs,三菱 UM-170 國民中性筆 0.7mm / 支,private
Drink Tea Black Bean 200g ak07020 Buy Dessert I - Style,下酒泡茶 黑豆200g【AK07020】團購點心i-style,private
Dido Deflect - O 6Cl0604 Seats Card Holder (A) - 130X70X60Mm / Pcs,迪多deflect-o 6CL0604 座席卡架(A)-130X70X60mm / 個,private
Alfastar Bluetooth Sports Headset SH360B,alfastar 藍牙運動耳機 SH360B,private
◤ Bubble Life ◢ Germany playmais Play Corn Clay Small Box - Horse,◤泡泡生活◢ 德國PlayMais 玩玉米黏土小巧盒-馬,private
The Rise Of Dvd,中國崛起的強權DVD,private
Miravivi LG Optimus G Pro e988 A series Stand Type Notebook Cover,Miravivi LG Optimus G Pro E988 悠系列立架式筆記本皮套,private
New Balance 574 Series Running Shoes Devil Felt Pink Children Kids Shoes KV574QGI no337,New Balance 574系列 跑鞋 魔鬼氈 桃紅色 小童 童鞋 KV574QGI no337,private
HATer Snapback Velvet Cap Flannel Snapback - Black,HATer Snapback Velvet Cap 絨布老帽 - 黑,private
Adidas Female Softening Moisturizing Body Wash 250Ml,阿迪达斯 女用柔肤保湿沐浴乳 250ml,private
Simple Buckle Shoulder Bag S7 S8 Key Bt - 16206 (Black White),簡約環扣肩背包 鍊條包‧BT-16206 (黑/白),private
Pentel Dragon xgfl 102 ~ 111 Color Brush/pcs,【Pentel飛龍】XGFL (102~111) 彩色毛筆 /支,private
BOTANIST Botanical Body Wash 490ml,BOTANIST 植物性沐浴乳 490ml,private
Augelute Baby Cotton Stripe Maxi Jumpsuit 35011,Augelute Baby 嬰兒純棉條紋款連身衣 35011,private
Hater Snapback Velvet Bucket Hat- Burgundy/Royal Blue,HATer Snapback Velvet Bucket Hat- Burgundy/Royal Blue,private
Xiaomi/A1/Mix2S/Plus Fashion Marble Crystal Shell Glass Shell Millet Phone,小米/A1/MIX2s/plus 時尚大理石紋水晶殼玻璃殼 小米手機殼,private
ALVIERO MARTINI Map Pack Map Love Scarf (45X180),ALVIERO MARTINI 地圖包 地圖愛心絲巾(45X180),private
A807 Stainless Steel L Shape Sign Holder 81x61x119cm S1 - 57010807,A807 不銹鋼L型標示架81X61X119cm S1-57010807,private
Thailand doikham Royal Tomato Dry 140G Single (Cherry Jewelry) 【 24566 】,泰國 doikham 皇家 番茄乾 140g 單包【櫻桃飾品】 【24566】,private
The SAK with Shrimp Feed - Young Shrimp 75g Sinking Type,捷克 SAK 觀賞蝦飼料-幼蝦 75g 下沉型,private
Mickey Mouse Phone Case Samsung A7 2017 A8 2016 J3 2016 J3Prime J7Pro,卡通 米老鼠 手機殼 Samsung A7 2017 A8 A8 2016 J3 2016 j3prime J7PRO,private
Korean Waterproof Nylon Triangle Iron Brand Backpack - Catsbag - 46471024,韓系防水尼龍三角鐵牌後背包-Catsbag-46471024,private
Kate Spade personality Double Color Leather Backpack,kate spade 個性雙色皮革後背包,private
Sunflower Buckle Clip Foot Slippers With Noa06,向日葵 鞋扣 夾腳拖鞋用 noA06,private
Fleet Collection Phone case OPPO R9 R9S R11 R11S PLUS F1 F1S A39 A57 A77,艦隊收藏手機殼OPPO R9 R9S R11 R11S PLUS F1 F1S A39 A57 A77,private
Sherlock Holmes-four Signature DVD,福爾摩斯-四個簽名DVD,private
Streamlight SURVIVOR LED Flashlight Shopping168,Streamlight SURVIVOR LED 手電筒 Shopping168,private
Airpillow Samsung Note 4 / Note 5 Full Air Cushion Clear Transparent Back Cover,Airpillow Samsung Note 4 / Note 5 全包覆氣墊透明空壓殼,private
Karl Lagerfeld Fever Theme Cat Hat (Black),KARL LAGERFELD 發燒話題 cat咪毛線帽(黑色),private
All Model Marble phone case IphoneX iPhone8 7 6S Plus i6 i7 i8 ix 5S SE,所有型號 宇宙 大理石 手機殼 iPhoneX iPhone8 7 6s Plus i6 i7 i8 ix 5S SE,private
Mit Different Material Line Sneakers - Peach - sunnyqMIT,MIT異材質流線運動鞋-桃-SunnyQ,private
Fashion Simple Practical Pillow 58 Cushion Sofa Decor Pillow Bolster,時尚簡約實用抱枕58 靠墊 沙發裝飾靠枕,private
Seeberger Love Del Chocolate Integrated Nuts 150G / Pack 【,【SEEBERGER喜德堡】巧克力综合坚果(150g/包),private
Coach Cute Little Fox Leather Handbag Pendant Key Ring,COACH 可愛小狐狸皮革包包掛飾鑰匙圈,private
Double XU Instant Beige Powder - drunk Beige Powder (3 PC / Bag),雙人徐即食米粉-醉米粉（3入/袋）,private
Tide Laundry Soap 130g,TIDE洗衣皂 130g,private
Watsons Multiple Moisturizing Mask 10 PC,屈臣氏多元保濕面膜 10片,private
LaiKou Sleep Mask Moisturizing Sleep Mask 120G Sleep Mask,現貨 萊蔻睡眠面膜 保濕睡眠面膜 120g 睡眠面膜 睡前保養,private
IFairies Chiffon Tops 【 45804 】,iFairies 雪紡上衣【45804】,private
Crystal Ball×Shaun The Sheep『Have A Sweet Day!』),CRYSTAL BALL×Shaun the Sheep『Have a sweet day!』),private
Fashion Girls Samsung S8+J7+A5 2016 A5 2017 A7 2016,時尚新款 個性女生 Samsung S8 S8+ J7+ A5 A5 2016 A5 2017 A7 A7 2016,private
SWAROVSKI 925 Sterling Silver Bracelet E15,SWAROVSKI 施華洛世奇 925純銀手鍊 E15,private
Nike Pro Belt 2.0 Black,【強登】NIKE PRO調節式護腰帶2.0 亞規 黑色 NMZ15010SL,private
Hater Snapback Gunmetal Logo Beanie- Black,HATer Snapback Gunmetal Logo Beanie- Black,private
Samsung Note4 Mirror Quality Material 360 degree all-inclusive Protective,Samsung 三星 NOTE4 鏡面手機殼 優質材質360度全包防護鋁合金框金屬邊框電鍍保護殼可當鏡子,private
Leonard Hills California Flame Natural raisins (360g X 6 Can),歐納丘美國加州火焰天然葡萄乾(360g*6罐),private
REMOVED_SECRETReal Techniques, Eyes, Starter Kit, 5 Brushes + Case Eye Makeup Brush Travel SetREMOVED_SECRET,REMOVED_SECRETReal Techniques, Eyes, Starter Kit, 5 Brushes + Case 眼妝刷+旅行套S107REMOVED_SECRET,private
TSA Safety Customs Lock (Taiwan),TSA安全海關鎖（台灣制）,private
Haruhi The Melancholy Episode02 Limited Edition Dvd+Storage Box,涼宮春日的憂鬱Episode02 限定版DVD+收藏盒,private
Samsung Note4 note5 S6 S6Edge S7 S7edge Case Jelly Case Back Cover,三星 Note4 Note5 S6 S6edge S7 S7edge 手機殼 果凍套 軟殼 保護殼 背面磨砂,private
Slippers Soft Q cushioning comfortable slippers Magic Baby ~ sd0339,拖鞋 軟Q緩震舒適拖鞋 魔法Baby~sd0339,private
Desk Bay - Single 3X6 Feet Double Sided Cloth Breathable Mattress Magic Baby ~ U2322,台灣製單人3x6尺雙面布透氣床墊 魔法Baby~u2322,private
Lace thin Crochet Shorts - 2 Colors F M058527,花邊顯瘦可內搭短褲-2色 F M058527,private
REMOVED_SECRETSpot Tide Brand Model, Brush Necking Pants Fs319REMOVED_SECRET,現貨🔥潮牌版型，刷毛縮口褲 FS319,private
Polarstar Windproof Warm Jacket Blue Green,PolarStar 中性 防風保暖外套『藍綠』 P18219,private
Apple iPhone X iPhone8 plus iPhone7 Plus i6s Plus Cherry Blossom Series Soft,蘋果 iPhoneX iPhone8 Plus iPhone7 Plus i6s Plus 櫻花系列 軟殼 手機殼,private
Neotec Hyaluronic Acid Efficient Skin Hydrogel Film 30ml 10 PC / Box,NEOTEC玻尿酸高效潤膚水凝膜30ml 10片/盒,private
Tops Casual Multi Color Polo Shirt Elsa 【 TME5232 】,上衣 休閒多色系POLO杉 艾爾莎【TME5232】,private
Personality Tiger Phone Case I5S I6S I7S I8S I5 I6 I7 I8 I6 + I7 + I8 +,個性老虎手機殼I5S I6S I7S I8S I5 I6 I7 I8 I6+ I7+ I8+,private
Germany Jansen Handmade Ink # 2403 Wine / Bottle,德國 JANSEN 手工墨水 #2403 紅酒 / 瓶,private
The And The The Pineapple Dry 150G,【池上鄉農會】池上鳳梨乾150g,private
Mig Inventor Tm - 009A Travel Universal Adapter / Pcs,MIG明家 TM-009A 旅行萬用轉接頭 / 個,private
Augelute Kids Set Home Forest Belly Short Sleeve Set,Augelute 兒童 套裝 居家森林護肚短袖套裝 31152,private
Rearth Samsung Note8 Note 8 Ringke Fusion Full Cover Transparent Back Cover Case,Rearth Samsung Note8 Note 8 Ringke Fusion 全包覆透明背蓋手機殼,private
Life Attract Fortune CB - 335n Portable cash box / pcs,Life 徠福 CB-335N 手提現金管理箱 /個,private
Iphone 6/6S Case Classic Plain Leather 4.7 Inch Hard Case-Red,iPhone 6/6S 手機殼 經典素面 皮革 4.7吋 硬殼-紅色,private
Sentinel Dog Baking Chicken Meat Roll 170G Paul Pet Products,御天犬－烘烤雞腿肉捲170g【寶羅寵品】,private
~ Nillkin Samsung Galaxy E5 Qin Series Leather Flip Card Cover,強尼拍賣~ NILLKIN Samsung Galaxy E5 秦系列側翻皮套 可插卡 保護套,private
Taiwan Up Yabai - Simple Style Disposable CO2 System Set A - 163,台灣UP雅柏-簡易式拋棄式CO2系統組 A-163,private
Japan Edison Toddler Learning Spoon Fork Set - Purple+Pink with Storage Box,日本 Edison 幼兒學習湯匙叉子組-紫+粉(附收納盒),private
Polka Dots Lotus Leaf word Short Tops,點點荷葉一字領短上衣,private
Black Stripe Cloth Set # 8891,黑現貨🖤 條紋花布套裝 #8891,private
Crystal Ball ( Cb Rachel Lace Flower ),CRYSTAL BALL ( CB Rachel Lace Flower ),private
Hills Indoor Abyssinian Special Formula 2Kg / 4Kg,希爾思室內成貓專用配方2kg/4kg,private
Electric Toothbrush Adult Rechargeable Fur Smart Vibration Automatic Toothbrush,電動牙刷成人充電式軟毛智慧震動自動牙刷igo,private
1028 Oil Control Cushion Soft Focus Powder 01 Bright Nude 12g,1028 控油柔焦氣墊粉餅 01 明亮膚 12g,private
Hole Bow Lazy Running Shoes Peach 1Ce28,洞洞蝴蝶結懶人慢跑鞋桃色1CE28,private
Polo Shirt Classic Embroidery Polo Shirt (CUSTOM FIT),Polo衫 經典刺繡 polo衫（CUSTOM FIT）,private
Alviero Martini Map Pack Tassel Leather Shoulder Bag,ALVIERO MARTINI 地图包 流苏 小牛皮肩背包,private
2018 New Winter Moccasin Lazy Shoes White Gray Pink2018,2018秋冬新款 莫卡辛懒人鞋白色 粉色 灰色 1DA57,private
NATIVE JEFFERSON Cream Head Casual Shoes Lightweight Shoes Unisex 001006399NATIVE JEFFERSON,NATIVE JEFFERSON 奶油頭休閒鞋 輕便鞋 男女共用 001006399,private
Korean Made. Knitted Hole Sexy Mesh Breathable Socks,韩制。针织洞洞感网状透气短袜,private
US Baby Paper Baby Sound Paper Square - pink Plain,美國Baby Paper寶寶響紙安撫方巾-桃紅普普,private
Karite Paris Shea Rose Queen Moisturizing Hand Cream 75ml,Institut Karite Paris 巴黎乳油木 玫瑰皇后滋潤保濕護手霜 75ml,private
hot Professional C with Ingot - 500 100 Tablets / Bottle # Vitamin C,303489#溫士頓C 口含錠-500 100錠/瓶#維生素C,private
Mara Multilayer Sports Sunglasses Swan - GRB MOLA SPORTS,摩拉多層膜運動太陽眼鏡 Swan-GRB MOLA SPORTS,private
Straps English Padded Sports Vest,肩帶英文襯墊運動背心,private
IFairies Thick Bottom Sandals 【 48920 】,iFairies 厚底涼鞋【48920】,private
Toast Hamburger Cutter K-2200,三箭牌 吐司漢堡切割器 K-2200,private
Venessa arizaga shopsmart 2fl Home Girls Silver Pendant Black Bracelet,Venessa Arizaga 台北ShopSmart直營店 HOME GIRLS 銀墜 黑色手鍊組,private
Foam Mousse Bottle (60Cc / 240Cc),泡沫慕斯瓶(60cc/240cc),private
Squeaky Apw043 Xiaolu Book Purchase Tide 8,吱吱 APW043 小魯圖書 (購潮8),private
Magic Girl ipass The Love Kitchen on Card,魔法少女iPASS《LOVE KITCHEN》一卡通,private
ABSNY Silky Long Lasting Liquid Eyeliner ABLL01,ABSNY絲滑持久眼線液ABLL01,private
Fashion Simple Practical Pillow 101 Cushion Sofa Decor Pillow Bolster,時尚簡約實用抱枕101 靠墊 沙發裝飾靠枕,private
MICHAEL KORS Voyager Scratch Resistant Leather Tote Pack (medium),MICHAEL KORS Voyager 防刮皮革托特包 (中),private
Plus Purchase Panties Subscript Zone R333 - Honey Nude Pink,加購內褲下標區 【R333－蜜膚粉】,private
Phyto Hair Flower Plant Shampoo (100Ml / 200Ml) [Paris D],PHYTO 髮朵 植物洗髮精(100ml / 200ml)【巴黎丁】,private
Denim Jacket * Elsa * Bf Style Loose Frayed Denim Jacket 【 Tae1767 】,牛仔外套＊艾爾莎＊BF款寬鬆磨破牛仔外套【TAE1767】,private
Slippers Cute Big Bowknot Slippers - Elsa 【 TSB8779 】,拖鞋 可愛大蝴蝶結百搭拖鞋-3 艾爾莎【TSB8779】,private
Running Sports Shoes Shoes Shoes Shoes,韓版跑步運動鞋女鞋學生單鞋女球鞋百搭休閒鞋子,private
Lovedo The Only Multi Kids Star Rocket Dig Back Vest (Navy),【LOVEDO艾唯多童裝】星際火箭 挖背背心 (深藍),private
Polo Shirt Classic Denim Pocket Long Sleeve Shirt,Polo衫 經典丹寧 口袋長袖襯衫,private
Minimalist Clear Light Free Stacking Three Grid Drawer 3 PC,極簡澈亮可自由堆疊三格抽屜_3入,private
Tree De Sc Multifunctional Locker - Scm3 - 3M6S,樹德 SC多功能置物櫃-SCM3-3M6S,private
COGHLANS Canada 0044 Finger Compass Thermometer Whistle,Coghlans 加拿大 Coghlans #0044 指北針 溫度計 哨子,private
[With Incense] Jujube Pack 5 Pc / Pack (2 Pack) 【,【滿面香】棗泥包5入/包(共2包),private
Japan gex schisandra Kittens Water Dispenser 900Ml GE2316,日本GEX五味 幼貓用循環淨水飲水器 900ml GE2316,private
Moonstar Hiking Shoes Sneakers Brown Shoes Men'S Shoes,Moonstar 健走鞋 运动鞋 棕色 男鞋 SUM1861 no193,private
Long coat OL aesthetic Double Breasted Houndstooth Coat Elsa 【 TAK6174 】,長大衣 OL美學雙排釦千鳥格大衣 艾爾莎【TAK6174】,private
Innoshop New Disney Paradise Princess Bottle Shape Necklace,【innoshop 玩新】迪士尼樂園公主瓶中造型項鍊,private
Human Peace Casual Shoes Doll Shoes Black Women'S Shoes,HUMAN PEACE 休闲鞋 娃娃鞋 黑色 女鞋 no629,private
Sign: Video Surveillance 9x25cm (S16083),指示牌:錄影監視中 9X25cm (S16083),private
Usa Fat Cat Grass Toy,美國FAT CAT貓草玩具,private
The Movie ~ Heaven Love DVD,伊朗電影~天堂摯愛DVD,private
Alfastar Fashion Wood In-Ear Earphone W412,alfastar 時尚原木入耳式耳機 W412,private
Baby Thin Section A Home Vest Magic Baby ~ K60513,嬰兒薄款內搭及居家背心 魔法Baby~k60513,private
Make Up Ever Tote Bag 37X7.5 X39Cm,MAKE UP FOR EVER 手提袋(37X7.5X39cm),private
Jelly TUBE Jelly Grip Rope (Low / Mid /),Jelly TUBE 果凍握力繩 (弱/中/強),private
Chicken with case OPPO R9 R9S R11 R11S PLUS F1 F1S A39 A57 A77,雞與牛手機殼OPPO R9 R9S R11 R11S PLUS F1 F1S A39 A57 A77 A75,private
ROYAL ELASTICS Oblique Backpack Shoulder Black 517 0408 097 no041ROYAL ELASTICS,ROYAL ELASTICS 斜背包 肩背 黑色 517 0408 097 no041,private
Keyway RC - 830 Lily Wide Type Anti Slip Chair Replacement,KEYWAY RC-830 百合寬型止滑摺合椅,private
70x45x180 cm 4 layer rack - Black Style,70x45x180公分 四層架-黑色時尚風,private
120X35X180 cm Plated Four Layers Metal / Wave Rack / Shelf,120X35X180公分電鍍四層鐵架/波浪架/鐵架,private
Screen Protector Samsung Galaxy Core Prime g360h g360g Light Stickers,亮面螢幕保護貼 SAMSUNG 三星 Galaxy Core Prime G360H G360G 小奇機 亮貼 亮面貼,private
At Ink Topmore 32Gb Micro Sdhc Class 10 Memory Card,達墨 TOPMORE 32GB microSDHC Class 10 記憶卡,private
Palmers palmer's Natural Olive Essence Hair Strong wash - 400ml,Palmers帕瑪氏 天然橄欖菁華髮根強健洗髮乳400ml,private
ADATA UV130 Racing Drive,威剛ADATA UV130 賽車行動碟,private
Canada 3 sprouts Hooded Towel - Boar Taiwan authorized Distributor,加拿大 3 Sprouts 連帽浴巾-小野豬 台灣授權代理商,private
Crystal Health Series 55G,晶健康系列55g,private
Attract Fortune No. 2398 Hallo 1Y Price Organic Cotton / Pcs,徠福 NO.2398 HALLO 1Y 標價機棉 / 個,private
Ahc Fairy Water Travel Three Set,AHC 神仙水中樣旅行三件組,private
And Well Comds Safety Series Reflective Vu - 03 Patella Band Knuckle Protection,康得適 COMDS 護具系列 反光 VU-03 髕骨帶 關節保護,private
Japan kalita Red Brass coffee spoon 10g,日本 Kalita 紅銅咖啡豆匙 咖啡匙 10g,private
The 100: The Stars DVD,世界百大發現：天文星象DVD,private
Sexy White Shiny Three-Piece Nurse Cosplay Costume White 【 Ab01619 】 I - Style,情趣純白亮面三件式護士角色扮演服 白【AB01619】i-style,private
Blue Aurora 4 Port USB HUB 4 Port 4 Switch,藍極光4埠USB集線器 4孔4開關,private
Life & Accessories Variety 120x35 cm Layers Mesh Special PP Plastic Plate,【限加購配件類】120x35公分 層網專用PP塑膠墊板,private
Taste Sweet Soft Satin Sleep Shirt Blue - First Love Vibrato 【 Ab02355 - 1 】,情趣甜美柔緞睡襯衣 藍 -初戀顫動【AB02355-1】,private
HD-The Travel-Guilin DVD,高畫質HD-實境之旅-桂林DVD,private
Kai's Portable Sanitary Cotton (Short Pipe) Type 10 Pcs,凱娜 攜帶式衛生棉條(短導管)普通型10支,private
IFairies Coin Pack 【 46892 】,iFairies 零錢包【46892】,private
White Gold CP-90 Card Ink Pen,白金牌 CP-90 卡式墨筆,private
Canada Hagen Hogan Laguna Max - Floor Surface Motor 7600L / H - With Base,加拿大HAGEN赫根 LAGUNA MAX-FLO 海陆马达 7600L/H-附底座,private
Algae soil Absorbent Mat - Large (B7676),珪藻土吸水踏墊-大(B7676),private
Baby Hat Magic Baby ~ G3604A,嬰兒帽 魔法Baby~g3604a,private
KGH Backpack Korean Backpack Tablet Backpack Casual Backpack kgh Male,KGH 後背包 筆電包 韓版背包 旅行背包 休閒背包 KGH 男 77c9218,private
GAP Kids Long Sleeve Logo Patch Top,GAP 童裝長袖Logo貼布上衣,private
CPU03S USB to Lightning Cable MFi Apple Certified Silver,銀欣 CPU03S/USB轉Lightning 傳輸線/MFi蘋果原廠認證/銀色,private
【 toro 】 Good Plant 8 * 7 Door Wardrobe (CF610),【toro】優植8*7開門衣櫃 (CF610),private
New 82% organic Essence Natural Lip Vitality grapefruit 6g (Boxed),特惠82折 Organic Essence 天然護唇膏 元氣葡萄柚6g(盒裝),private
QUEENSHOP 【 04090331 】 Men's camouflage multi-pocket Washed Shorts,QUEENSHOP 【04090331】男裝 迷彩多口袋水洗短褲,private
The Spring 185 13K 20 Paper Sheets / Pack,同春 185 13K十段隔頁紙 / 包,private
MACADAMIA USA Maca Miracle Oil Ultra Moisturizing Hair Bath 100ml,MACADAMIA美國瑪卡奇蹟油 超潤澤髮浴 100ml,private
Pokemon Go Pikachu Case S4 S5 S6 S7 EDGE PLUS S8 + NOTE4 NOTE5 NOTE8,神奇寶貝皮卡丘手機殼三星 S4 S5 S6 S7 EDGE PLUS S8 S8+ NOTE4 NOTE5 NOTE8,private
【babyeo】2 PC Baby Silicone Bib (5 options),【babyeo】任選2入 小寶貝立體矽膠圍兜(五款可選),private
Merbliss Wedding Nurse Repair Mask 25G X 5 Pc/Korean Wedding Mask Nurse Mask,『預購』Merbliss 婚紗護士修護面膜 25g x 5入 / 韓國 婚紗 婚紗面膜 護士面膜,private
Depend x Amelie Beauty Hand Cleansing Spray Paris Series - Apple 15ml,Depend x Amelie Beauty 手部潔膚噴霧巴黎系列-蘋果 15ml,private
Perfect Cut m50305 Hit Color Lovers Casual Baseball Coat,★完美剪裁★M50305 撞色情侶款休閒棒球外套,private
Waist Drawstring Simple Jumpsuit Skirt,腰抽繩簡約連身裙,private
Thailand Chocolate brownie brittle PC 60g Cherry Jewelry 【 28592 】,泰國 巧克力布朗尼脆片 60g【櫻桃飾品】【28592】,private
Hold Live Pink Girl 6 Color Eyeshadow Palette,hold live玫瑰之戀炫彩六色眼影 水果妝西柚妝 裸裝煙熏色HL061,private
ELLE Classic Geometric Logo Clutch / Dinner Pack,ELLE 經典幾何LOGO手拿包/晚宴包,private
Vitamin Foam Din Vitamin B Orange Flavor - 20 Tablets,克魯格維他命發泡錠(維他命B群) 橘子風味【富山】-20錠,private
REMOVED_SECRET【 PolarStar 】 Flower bud Automatic Inflatable Pillow Triangle REMOVED_SECRETREMOVED_SECRET』 P17737REMOVED_SECRET,【PolarStar】花漾自動充氣枕『三角』P17737,private
Square Cookie Pastry Bag 300g,德一 卡賀方塊酥袋裝300G,private
Minnie biore Net Tender Cream - Net Light Glazed 1000ml oshima Camellia Hong,蜜妮 Biore淨嫩沐浴乳 - 淨亮光澤型1000ml 大島山茶花香,private
VIO The Desktop Condenser Microphone,VIO 指向性桌上型電容麥克風,private
French Premium - top Fish Scale Collagen Peach Flavor,法國水漾-頂級魚鱗膠原蛋白水蜜桃口味,private
Temperament Fresh Practical Hair Band Hair Accessories Hair Hoop 306,時尚氣質清新實用髮帶 髮飾 髮箍306,private
Venessa arizaga Taipei shopsmart 2fl You 'Re One In A Melon Bracelet,Venessa Arizaga 台北ShopSmart直營店YOU'RE ONE IN A MELON 手鍊,private
iphone7 i7 i8 Plus i7 + Apple Cartoon Cute Lying Doll phone shell Soft Case,Apple iphone7 i7 i8 plus i7+ 蘋果 卡通可愛趴趴公仔 手機殼 手機套 保護殼 保護軟套,private
Nike Air Berwuda Prm Retro Sports Shoes Male 844978300 Big - O Sports,NIKE 耐吉 NIKE AIR BERWUDA PRM 復古運動鞋 男 844978300 Big-O Sports,private
Kingston Dt106/64Gb Datatraveler 106 64G Usb3.0,Kingston 金士頓 DT106/64GB 隨身碟 DataTraveler 106 64G USB3.0,private
Handheld Telescopic Focusing LED Flashlight with Holder SINFW5349,手持式伸縮調焦LED手電筒 附支架 SINFW5349,private
Orient Watch Date Ii Mechanical Watch Fac0000Ddorient,ORIENT 東方錶 DATEⅡ機械錶 FAC0000DD,private
Perfect Cut Korean Stamp Drawstring Design Comfortable Casual Shorts,★完美剪裁★M55508 韓系嚴選印花抽繩設計舒適休閒短褲,private
Pet Dog Phone Case Cover INFOCUS M812 M810 M535 M808 M511 M2 M320,寵物狗狗手機殼INFOCUS M812 M810 M535 M808 M511 M2 M320,private
Summer fresh leaves Phone Case Asus ZB551KL ZC554KL ZE554KL ZE520KL Case,夏日清新葉子 手機殼 ASUS ZB551KL ZB552KL ZC554KL ZE554KL ZE520KL 保護殼,private
Adhesive Automatic Induction LED Lamp LED Night Light L04069,黏貼式自動感應LED燈 櫥櫃燈 LED小夜燈 L04069,private
Htc Phone Case 626 728 816 820 825 826 830 U Ultra U Play,HTC 手机壳 卡通 小清新 626 728 816 820 825 826 830 U ULTRA U PLAY A9,private
R1 Nylon Simple Shoe Covers,R1尼龙简便型鞋套,private
Speed Park schwalbe Tubular gule Tube Tyres 180g,速度公園 Schwalbe Tubular Gule 管胎膠 180g,private
Outerspace Official Donkey Jesus Polo Shirt,OUTERSPACE官方♦ 騎驢的耶穌POLO衫,private
HTC U11 Ultra Desire 10 Pro EVO 830 728 X10 X9 Cartoon Cat Rhinestone Shell,HTC U11 Ultra Desire 10 Pro evo 830 728 X10 X9 卡通貓咪水鑽殼 手機殼,private
German Original Imported Online Night Touch Pen 26009 - Red / pcs,德國原裝進口 Online 超時空觸控鋼筆 26009 - 寶石紅 F /支,private
Morinoxlucas Designer Joint - Classic Plain Sports Vest Value 3 Pcs mo5110,MORINOxLUCAS設計師聯名-經典素色運動背心(超值3入組) MO5110,private
Rose Girl Rozen Maiden DVD Vol-6,薔薇少女 Rozen Maiden DVD VOL-6,private
Paris Laya 3 in 1 Stereo Eyebrow Pencil # 02 Chocolate,巴黎萊雅3合1立體眉彩筆#02巧克力,private
Oversized Storage Net Bag 20 * 8Cm Mesh Debris Storage 【 Ae10120 】,超大號儲物網兜 20*8cm 網狀雜物收納【AE10120】,private
Green Market Banana Chips 150g,菓青市集 香蕉脆片150g,private
Winter Warm Ladies Wind A Button Topper Elsa 【 Tak6257 】,禦寒保暖 名媛風一粒釦短大衣 艾爾莎【TAK6257】,private
Small Fresh Two Piece Bikini,現貨 小清新 兩件式比基尼,private
Faber-castell huibai 1207 0.7mm Refill/Case,Faber-Castell輝柏 1207 0.7mm筆芯 / 盒,private
◤ Bubble Life ◢ Mickey Silicone Anti Slip Invisible Socks (15 - 24cm),◤泡泡生活◢ 迪士尼-米奇矽膠止滑隱形襪(15-24cm),private
Sandisk 64Gb 128Gb 256Gb Ultra Fit Usb 3.1 Pendrive 64G 128G 256G,SanDisk 64GB 128GB 256GB ULTRA FIT USB 3.1 随身碟 64G 128G 256G,private
Acorn * Acorn - Korean college wind Cross Buckle Back Backpack 6417 (Black),Acorn*橡果-韓風學院風十字扣後背包6417(黑色),private
Baby Shoes Infant Anti-Slip Prewalker Magic Baby ~ G3072,寶寶鞋 嬰幼兒止滑學步鞋 魔法Baby~g3072,private
Erotic Comics Teacher MI redmi NOTE 4X 6 2 3 4 5 4I 5S PLUS,情色漫畫老師手機殼小米機紅米機NOTE 4X 6 2 3 4 5 4I 5S PLUS,private
Beer the in case SONY Z2 Z3 + Z5 COMPACT M4 M5 C4 C5 Premium,啤酒海尼根手機殼SONY Z2 Z3 + Z5 COMPACT M4 M5 C4 C5 Premium,private
St-30039 Waterproof Decor Big Sticker 05-08,珠友 ST-30039 防水装饰大贴纸(05-08),private
Korea - Tassel Candy Color Straw Thick Bag Shoes,韓-流蘇糖果撞色草編厚底包鞋-14420223,private
Roush - Stand Collar Open Button Design Brush Cap teee 【 715583 】,Roush - 立領開釦設計刷毛帽TEEE 【715583】,private
Q3 Locomotive Boutique Germany Original autosol Metal Light Cream Wax,Q3機車精品 德國原裝 AUTOSOL 金屬亮光膏 蠟,private
Star Crown Morocco Hair Care Gold Oil (50ml),星之冠 摩洛哥護髮黃金果油 (50ml),private
Adh2990 Adidas Wild Burst Silicone Watch - Black / Red,ADH2990 adidas 野生戰隊矽膠電子錶-黑面/紅,private
IFairies Hat Back Slit Bow Straw Hat Sun Hat 【 44216 】,iFairies 遮陽帽 後開衩蝴蝶結草帽防曬帽子【44216】,private
PLATINUM Preppy Colorful Pen / Ink Tube,PLATINUM Preppy 炫彩鋼筆/墨水管,private
buy 2 get 4 Kailash Khadi Luxury Herbal Handmade Soap - Honey,【買 2 送 4 活動見詳情】Kailash Khadi 豪華草本手工皂 - 草本蜂蜜 125g,private
DOUBLENINE Fashion suede Peaked Cap Letter Embroidery Cap s64613DOUBLENINE,DOUBLENINE時尚麂皮絨鴨舌帽嘻哈帽字母刺繡百搭潮帽s64613,private
Super Mini Harmonica Necklace (not Color),超迷你口琴項鏈 (不挑色),private
Fujitsu F500 - 256Gb SSD,Fujitsu F500-256GB 固態硬碟,private
Mei'S Grandma Rustic Natural Dog Pet Food 1.81/6.35 Kg,梅亚奶奶 乡村天然狗宠粮 1.81/6.35 kg,private
【ANCKO - USA】Anti UV Candy Ice T - Men (Black),【ANCKO-USA】抗UV涼感冰T 涼感衣-男款(黑),private
SHILLS Small Waist Curve Hula Cream,SHILLS 小腰曲線呼拉霜,private
Envirosax Australia Bags National Brand bondi Pavilion federation Coast,ENVIROSAX 澳洲環保購物袋國民品牌 Bondi Pavilion 邦代海岸 多紋,private
Modern Character Series Ii Dvd,近代歷史人物系列第二輯DVD,private
Gatsby with Antibacterial Wipes (Frozen orange) Value Pack,GATSBY體用抗菌濕巾(極凍冰橙)超值包,private
Beauty De Luxe Muscle Beauty! Inside Maintenance Set,Beauty De Luxe 裸肌美人!由內而外保養組,private
At The Secret Diary Second Dvd,應召女郎的秘密日記第二季DVD,private
Christian Dior Fashion Thick Frame Sunglasses,Christian Dior 時尚粗框太陽眼鏡,private
Two-piece Set Thick Thread Coat + Skirt M - XXL,現貨-兩件式套裝加厚螺紋外套+長裙 M-XXL,private
Taiwan jns Magnetic procreation () H - 40,台灣JNS磁吸式珊瑚繁殖架(角)H-40,private
REMOVED_SECRETREMOVED_SECRETREMOVED_SECRETAcc Card I Brush / PcsREMOVED_SECRET,英士ACC 卡式小楷毛筆 / 支,private
BMW Genuine Diamond Cup 250ml (SHWLV250),寶馬牌真鑽隨手杯250ml(SHWLV250),private
Big V Cross Bandage Leaves Rompers S - Xl,大V交叉绑带树叶连身短裤S-XL,private
Dr.wu Hyaluronic Acid Serum 35ML,DR.WU玻尿酸保濕精華液35ML,private
Charcoal Pit Drawing Artist Yamamoto The Guard Dvd,炭坑繪師山本作兵衛DVD,private
New BALANCE 247 sports shoes running shoes black shoes Child ka247t2p no338,New Balance 247 運動鞋 跑鞋 黑色 中童 童鞋 KA247T2P no338,private
Skechers Women When - High Running Shoes,SKECHERS 女 Liv-High 慢跑鞋 - 99830WSL,private
Mr.Bubble phone case SONY X XA1 XA ULTRA XZs XZ XZP X1 XZ1 Compact Z5 Z3 +,泡泡先生手機殼SONY X XA1 XA ULTRA XZs XZ XZP X1 XZ1 Compact Z5 Z3+,private
Logitech C922 Pro Stream Webcam,羅技 C922 PRO STREAM 網路攝影機,private
REMOVED_SECRETWith silk, Lip Honey 1329mlREMOVED_SECRET,艾森絲歐若拉唇蜜 1329ml,private
Reese'S Away Rarefatto Baroque Purple Empty Decoration Design Ball Pen,芮菲客rarefatto巴洛克紫色縷空紋飾設計鋼珠筆,private
AM - 7072ZR Floral Bottle,AM-7072ZR 花藝瓶,private
Gcomm Iphone 6S / 6 Embossed Dots Fashion Dot Cover Elegant Blue,GCOMM iPhone 6S/6 Embossed Dots 時尚圓點超纖皮套 優雅藍,private
Adisi Heat Enhanced Brass Head Camp As16104 / Urban Adisi,ADISI 热处理强化铜头营槌 AS16104 / 城市绿洲,private
FM Collection-Texture Leather Casual white shoes-,FM collection-質感真皮休閒小白鞋-12260001,private
Adidas Accel Short Sports Shorts Leisure Shorts Ce6969Adidas,ADIDAS 愛迪達 ACCEL SHORT 運動短褲 休閒短褲 CE6969,private
Strong R8402D D 2 Hole Tube Clip - 12 Enter / Box,立強 R8402D D型二孔管夾 -12個入 / 箱,private
The London Mxa - Bottom 10 Double Row Price / Desk,巨倫 MXA-6600 10位數雙排標價機 / 台,private
P1232 Space Response - Japanese Folding in Racks (Angle 32 Clip),P1232空間對策-日式折合曬衣架(角型32夾),private
Ready Stock Leaves In Relief Ready Stock - Joanna Shop,短夾 落葉歸根浮雕短夾-Joanna Shop,private
IFairies Dress Floral Dress 【 42735 】,iFairies 洋裝 碎花連身裙【42735】,private
Amiss 【 A420 - 1 】 Silver Green Off Shoulder Knee Socks (Black / Glitter),Amiss【A420-1】金銀蔥平口膝上襪(黑/金蔥),private
Kw - Trio Kw5330 Stapler - 12 Pc /,KW -trio KW5330 訂書機 -12入 / 打,private
< kk11 > iPhone 6 Plus Geometric Gradient Color Scrub phone case k1120,<kk11>iphone 6 plus 幾何漸層拼色磨砂手機殼k1120,private
Love Tyrant phone shell Sony Z2 Z3 + Z5 Compact M4 M5 C4 C5 Premium Case,戀愛暴君手機殼SONY Z2 Z3 + Z5 COMPACT M4 M5 C4 C5 Premium手機殼,private
Silver Princess Dream Crown Stud Earrings Ifairies 【 33924 】,銀針公主夢皇冠 耳釘★ifairies【33924】,private
Children'S Slippers Disney Mickey Genuine Magic Slippers Baby ~ Sk0249,兒童拖鞋 迪士尼米奇正版拖鞋 魔法Baby~sk0249,private
Marlmarl Shorts Gentleman Little Shorts - Green Onions,MARLMARL Shorts 紳士小短褲-蔥青,private
Nike As W Nk Df Knit Tank Sports Vest Jogging Vest Female 831497011,NIKE 耐吉 AS W NK DF KNIT TANK 運動背心 慢跑背心 女 831497011,private
Garmma iPhone 7 Hello Kitty Transparent Protective Cover Shell Naughty,GARMMA iPhone 7 Hello Kitty 透明保護軟殼 - 淘氣款,private
~ ALL ~ STUSSY WORLD TOUR CREW Bristles inside of Cotton Tee Grey 1913753,~ALL~STUSSY WORLD TOUR CREW 刷毛內裡 棉T 灰色 1913753,private
Kimo Outdoor Casual shoes black shoes no544Kimo,Kimo 戶外休閒鞋 黑色 女鞋 no544,private
Nike Cheyenne 3.0 Premium Sport Backpack Ba5265011 Big - O Sports,NIKE 耐吉 CHEYENNE 3.0 PREMIUM 運動後背包 BA5265011 Big-O Sports,private
Organic Cotton Doughnut Bite Toy ohohmini European Baby Minnie,有機棉甜甜圈安撫玩具 ohohmini歐歐咪妮,private
IFairies iPhone6 / iPhone7 Data Line 1 Beige 【 32180 】,iFairies iPhone6/ iPhone7數據線 1米【32180】,private
Miss. Sugar female.nevertheless nov Sunscreen Cream SPF35 PA + + 30g,【Miss.Sugar】娜芙 NOV 防曬隔離霜SPF35 PA++ 30g,private
【 TORO 】 SN - 2 - 8 Crystal Light Walnut Loving man Cabinet,【TORO】SN-2-8克莉絲淺胡桃木色男櫃,private
Cloud Story The 2Dvd Vol - 7,彩雲國物語2DVD VOL-7,private
Baseus King Mobile Phone Radiator Cooling Gamepad Stand Charging Power,Baseus倍思 王者手机散热器 散热手柄 支架 充电电源,private
Italian Wave monarka Front Filter Barrel,義大利Wave MONARKA 前置過濾桶 圓桶 免運,private
Polo Shirt Classic Plain Pony Embroidery Polo Shirt _ youth version,Polo衫 經典素面小馬刺繡POLO衫_青年版,private
Fashion Wild Cat Mini Small Shoulder Pack Inclined Shoulder Pack 《 Fm - Aj3023 》,時尚百搭貓咪迷你小方包 單肩包 斜肩包《FM-AJ3023》,private
Dieter Army 3C WOW ozaki cs3150r 3.1 Wave HiFi Surround ww440 wr325,【迪特軍3C】WOW OZAKI CS3150R 3.1風潮機 HiFi 環繞喇叭 另有 WW440 WR325,private
Augelute Rose Fleece Horn Button Hooded Warm Coat 50605,Augelute 玫瑰絨牛角釦連帽保暖外套 50605,private
Lotus Leaf Cake Top + Wide Tube Pants Set,荷叶蛋糕上衣+宽管长裤套装,private
Moschino Fresh Couture Line Small Fresh Women EDT 100ml,MOSCHINO FRESH COUTURE 小清新女性淡香水 100ml,private
Handscript Manuscript Series Pen * Ef Tiphandscript,Handscript手稿系列鋼筆*EF尖,private
Boys Sandals Desk Bay - Poli Genuine Flash Sport Sandals Magic Baby ~ Sa71106,男童涼鞋 台灣製POLI正版閃燈運動涼鞋 魔法Baby~sa71106,private
Adidas Originals Superstar W White Embroidered Floral Casual Shoes,ADIDAS ORIGINALS SUPERSTAR W 白色 刺绣 花卉 休闲鞋 B28014,private
Zhuyou. 03023 10 Inch Smile Round Balloon / Pack,珠友 BI-03023 10吋 微笑 圓型氣球/小包裝,private
Yu Germany U4462 Computer Printing Label 16 Grid 105X37Mm - 100 Pcs / Pack,裕德 U4462電腦列印標籤16格105X37mm-100張入 / 包,private
Pooh Tea Time Cartoon Sleeping Bag Combed Cotton Desk Bay - Disney,維尼 午茶時光 卡通睡袋 精梳棉 台灣製 迪士尼,private
Custom - Elegant Fragrance Woolen Stitching High Heels-,訂製款-典雅香風毛呢拼接高跟鞋-12080050,private
Toddler Set 0 ~ 3 Years Baby Sleeveless Set Magic Baby ~ K50409,幼兒套裝 0~3歲寶寶無袖套裝 魔法Baby~k50409,private
Phone Case Asus Cactus Ze520Kl Ze552Kl Selfie Ze553Kl Zs550Kl,手机壳 原宿风仙人掌 华硕 ZE520KL ZE552KL SELFIE ZE553KL ZS550KL ZS570KL,private
Q3 Locomotive Boutique gjms Adjustable Rod Grey 4th Fighting bws R smax,Q3機車精品 GJMS 可調拉桿 灰 四代勁戰 BWS R SMAX,private
[bunty Rose] Red Stone Mud Handmade Soap Material Pack,[芭蒂蘿絲]紅石泥手工皂 材料包,private
TRANSCEND 16/32/64 MicroSDHC Class10 60mb/s400x Memory Card,Transcend 16/32/64 microSDHC Class10 60MB/s400X記憶卡公司貨,private
Sexy Side Cardigan Two Type Sleep Shirt Powder - Sweet Heart 【 Ab03549 】,情趣側開襟二件式睡襯衣 粉 -甜蜜情懷【AB03549】,private
Twill ・ Black MT Washi Tape mt,斜紋・黑 mt和紙膠帶,private
Hello Kitty Ceramic Mug Cup White Cup sanrio Imported Genuine 029524,Hello Kitty 凱蒂貓 陶瓷 馬克杯 白色 水杯 茶杯 陶瓷杯三麗鷗 韓國進口正版 029524,private
《 jami Honey 》 jc3000 Animal Carnival Party 12 Color Pencil Set,《Jami Honey》【JC3000】動物狂歡會12色彩色鉛筆組,private
REMOVED_SECRET12 REMOVED_SECRETREMOVED_SECRETSuper Bright Luminous Stereo Convex word Mute Clock 0737REMOVED_SECRET,12吋超亮夜光立體凸字靜音時鐘 0737,private
【KALOYA】 Absolute Sexy Velvet Lip Glaze Colored Optional (3G),【KALOYA】絕對霧感絲絨唇釉 五色任選(3g),private
Indexes Porter Popular Coin Pack nzp4 G Color S,日標PORTER人氣零錢包[NZP4]柒彩年代,private
Pacific Rim phone case OPPO R9 R9S R11 R11S PLUS F1 F1S A39 A57 A77,環太平洋手機殼OPPO R9 R9S R11 R11S PLUS F1 F1S A39 A57 A77,private
Lancome Super Tight - 5D Space Massage Cream 75Ml Testerlancome,LANCOME蘭蔻 超緊顏5D太空按摩霜75ml TESTER,private
DIY Cut Bangs Artifact,DIY剪瀏海神器,private
Youth Winter 13 Plus Velvet Thick Sweater Boy 14 Student Sweater Warm Sweater,青少年冬裝13加絨加厚毛衣男孩14高中學生針織衫保暖羊毛衫,private
Reebok Sharp Running Furylite Jersey Retro Shoes Sports Shoes Female Ar3043 Big - O Sports,Reebok 銳跑 FURYLITE JERSEY 復古鞋 運動鞋 女 AR3043 Big-O Sports,private
Kids Classic Ribbon Sandals Raspberry Red,TEVA Hurricance XLT2 兒童經典織帶涼鞋 覆盆子紅 1019390CSRRS 現貨,private
Create Synthetic Life DVD,創造合成生命DVD,private
◤ Bubble Life ◢ Chinese Red Oil Mushrooms (All),◤泡泡生活◢ 京紅 麻油猴頭菇(蛋奶素),private
Medical Grade manuka 15 + Elixir of Major Cream 50g,藥級麥盧卡15+極效霜 50g,private
OPPO VOOC Mini New Flash Power Adapter ak779 (green Box),OPPO VOOC mini 新款 原廠閃充電源適配器AK779 (環保紙盒裝) MR03AK779W1,private
Nike Women Wmns Nike Air Zoom Pegasus 35 Running Shoes,NIKE 女 WMNS NIKE AIR ZOOM PEGASUS 35 慢跑鞋 - 942855602,private
【 HARIO 】 tca Filter F - 103S TCA,【HARIO】TCA濾器 F-103S,private
A Canteen Mall Yilibalo Natural Color Hair【,【豐食堂商城】憶麗貝蘿 YILIBALO 自然色彩 染髮霜,private
Cartoon Large Waist Long Waist Sofa Back Cushion,卡通大號護腰長條靠枕腰枕沙發靠背 YX050427,private
Men'S Pin Buckle Leather Belt,男士針扣牛皮腰帶,private
Blue Flower White Leopard Sexy Mid Waist Elastic Bodycon Underwear,蓝花白豹纹_性感中腰弹力贴身内裤,private
Salvatore ferragamo Fashion Styling Round Face Sunglasses,Salvatore Ferragamo 時尚造型圓面太陽眼鏡,private
Asus Ze620Kl Zs620Kl Zc600Kl Zb570Tl Zd553Kl Phone Toughened Glass,华硕ZE620KL ZS620KL ZC600KL ZB570TL ZD553KL手机钢化玻璃膜,private
Adidas Tf Mcb Mchth Aerobic Rhythm Bra Sport Bra Ak0238 Big - O Sports,ADIDAS 愛迪達 TF MCB MCHTH 有氧韻律BRA 運動內衣 女 AK0238 Big-O SPORTS,private
Caran D '' Ache ike Flower Heritage Pen M Tip * 958.349,Caran d''Ache艾可朵Heritage鋼筆M尖*958.349,private
Integrated Forming Road Safety Hat,一體成型公路安全帽子,private
Men'S Linen Trousers Simple Pants,男士亞麻長褲簡約男褲,private
IFairies large size dress 【 45074 】,iFairies 中大尺碼洋裝 連身裙【45074】,private
Beitou Last Train DVD Clear/Li's,北投最後一班列車DVD 蘇明明/李志奇,private
The Horse Drum - Datang Six Jun Dvd,秦安駿鼓-大唐六駿DVD,private
Speed Park parktool scw - 16 Hi Drum with Open Wrench,【速度公園】ParkTool SCW-16 專業型花鼓用開口扳手,private
The sak Green Algae Feed Thin PC 25g Floating Type Shaped Peacock Fish Lily,捷克 SAK 綠藻飼料 薄片 25g 飄浮型 異型 孔雀魚 麗麗,private
Apollo Excellent E Century Electronic Safe _ Smart (300Bld),阿波羅 Excellent e世紀電子保險箱_智慧型(300BLD),private
Cute Cartoon Samsung S6 - Edge S7 - Edge S8 + A8 - J7 - Parrot,手機殼 可愛卡通 三星 S6 S6-edge S7 S7-edge S8 S8+ A8-2016 J7-2016鸚鵡兄弟,private
Fatties Hand Warm Pack _ Cute Lion (Animal Doll),Fatties手心暖暖包_俏皮獅子Lion(動物玩偶),private
Etude House Natural Moisturizing Lip Dew 10g,ETUDE HOUSE 自然潤色保濕唇露 10g,private
[Head Gear] Slow Iron Hook Easy Pack Fishing Special Accessories,【職人漁具】慢速鐵板鉤 簡易包 釣魚專用配件,private
Irma L C Firming Cream 50g (Original Price 4500),歐瑪左旋C 緊緻面霜50g (原價4500元),private
Spring Spa Bath Barrel ~ foreign (BX2),春天SPA泡澡桶~限宅配 (BX2),private
Nine Pants Male Loose Feet Pants Men'S Pants Yx042813,九分裤男宽松小脚休闲裤潮流男士裤子 YX042813,private
Colorful Comfortable Cotton Plain Polo Blouse _ Purple,多彩舒適棉素面百搭大尺碼POLO短衫_薰衣紫,private
[Hello Kitty] Hello Kitty Back Bag - Pink (KT - 6653),【Hello Kitty】凱蒂貓後背書包-粉紅(KT-6653),private
Earrings 18203 Orange Bags Earrings Funny Cute,耳环 现货 18203〈柳橙〉包装袋耳环 搞怪 可爱,private
Super Ant Boy DVD,超能蟻男孩DVD,private
The trend of the shop Cloth Tai Chi noon Short Tee Grey,玉米潮流本舖 CLOT 太極正午線 短TEE 灰色,private
J Ii Double Arrow Little Nylon Backpack - 6171J Ii,J II 雙箭頭小款尼龍後背包-6171,private
Wallet Phone Pack Cheeks Layer Universal Packages Shoulder Bag Double Zipper,钱包 手机包 双颊层 通用包款 肩背小包 双层拉链包,private
Paris Laya Perfect UV Conditioning Protective Isolation Lotion SPF50 (Nude),巴黎萊雅完美UV全效防護隔離乳液SPF50(膚),private
NEW BALANCE 574 KL574SKG Women Jogging Suede Mesh Black Lime,NEW BALANCE 574 KL574SKG 女款 慢跑鞋 麂皮 網布 黑白灰,private
Simple Fresh Case For Asus Ze520Kl Ze552Kl Ze553Kl Zs550Kl Zs570Kl Zd551Kl,簡約清新 手機殼 華碩 ZE520KL ZE552KL ZE553KL ZS550KL ZS570KL ZD551KL,private
Disney Sweet sour ~ Plain Leather Strap Casual Shoes Green,DISNEY 🎀 甜蜜爆棚~素色皮質綁帶休閒鞋 ( 綠色 ),private
Lancome Best Water Yan Soothing Moisturizing Water Cream 50Ml Testerlancome,LANCOME蘭蔻 超水妍舒緩保濕水凝霜50ml TESTER,private
Tinker Bell'S - Taiwan Jts Fgm - 170T Carbon 170Cm Floor Microphone,小叮噹的店 - 台灣 JTS FGM-170T Carbon 170CM 落地式麥克風,private
High Density Yoga Brick 4 * 6 * 9 50D Eva Yoga Brick (1 / Pcs),高密度瑜珈磚 4*6*9 50D EVA瑜珈磚(1/PCS),private
HABA Whitening Houndfish Pure Liquid 15ml,HABA 美白角鯊精純液15ml,private
CENTURION 29 inch Suitcase-Golden Akita E06,CENTURION美國百夫長29吋行李箱- 金黃秋田 E06,private
Double Zipper Pocket Solid Waterproof Nylon Backpack - Catsbag - 4531107,雙拉鍊口袋純色防水尼龍後背包-Catsbag-4531107,private
Solid Color Cotton Tassel Scarf the Tassels of,純色棉麻流蘇圍巾《流蘇款》,private
Nb Radiator Suction Lenovo Dell Asus Fan 15.6 Inch 14,筆記本抽風式散熱器側吸式聯想戴爾華碩電腦風扇機15.6寸14 YX050427,private
Flamingo Flower Glass Phone Case S9/S9+/J7+/s7 edge/J7Prime/NOTE8/A8 2018,火烈鸟 花儿 玻璃镜面 手机壳 S9/S9+/J7+/s7 edge/J7Prime/NOTE8/A8 2018 吊饰孔,private
Home Big Cushion Desk Bay for Household Bedding Magic Baby ~ id8 _ P,居家大靠墊 台灣製家用寢飾 魔法Baby~id8_p,private
Japan KITTA portable sticker Seal series fat animals,日本 KITTA 攜帶型貼紙 Seal系列 胖胖動物,private
Macaron Water Sprayer 300ml (132671),馬卡龍噴水器300ml(132671),private
Klorane Star The Hair Gift Set The - 400Ml 2 Pc + 200Ml 1 Pc The Hair Shampoo,法國蔻蘿蘭KLORANE 明星養髮禮盒組【富山】- 400ml 2入+200ml 1入 養髮洗髮精,private
KELRA Angel Wings Rhinestone Ring,❤KELRA❤ 天使翅膀水鑽戒指,private
New Balance Female 90 Lightweight Running Shoes,New Balance 女 90轻量跑鞋 慢跑鞋- WSONIBS,private
Phone Shell Asus Ze551Ml Ze500Kl Ze550Kl Zc520Tl Zc551Kl Zc553Kl,情侶款 手機殼 ASUS ZE551ML ZE500KL ZE550KL ZC520TL ZC551KL ZC553KL,private
Shoes Shoes Men Sports Shoes Men'S Shoes,板鞋休閒鞋男士運動板鞋男布鞋,private
Asus Phone Case Pinocchio Ze520Kl Ze552Kl Ze553Kl Ze554Kl Zd552Kl Z00,ASUS 手机壳 韩风 匹诺曹 ZE520KL ZE552KL ZE553KL ZE554KL ZD552KL Z00,private
Live Life The Dvd,活人生祭DVD,private
Baby Home Suit Thick Cotton Three Extremely Warm Pajamas Set Magic Baby ~ K60432,寶寶居家套裝 超厚三層棉極暖睡衣套裝 魔法Baby~k60432,private
The future Diary Case SONY X XA1 XA ULTRA XZs XZ XZP X1 XZ1 Compact Z5 Z3 +,未來日記手機殼SONY X XA1 XA ULTRA XZs XZ XZP X1 XZ1 Compact Z5 Z3+,private
Artex give me A Hand Shape Pen Holder Light Silver No Pen,ARTEX Give me a hand手形筆座 亮銀(不含筆),private
Stripe Wave Point Phone Case Samsung S7 Edge S8+ J7+ A5 - 2016 A5 - 2017 A7,條紋波點 手機殼 Samsung S7 S7 edge S8 S8+ J7+ A5 A5-2016 A5-2017 A7,private
Duel Reflect Painting War 60 Anniversary Picks-Japan Classic Dvd,戰記映畫戰後60周年精選-日本海戰經典DVD,private
Rainbow Rubber Cup Brush Bottle Brush Mug Brush Cup Brush,彩虹橡膠杯刷 奶瓶刷 保溫杯刷 杯刷 SINF6695,private
IFairies Earrings 【 46207 】,iFairies 耳環【46207】,private
Mr Building Ergosoft National Yellow Rod Pencil - Wide - 12 Pcs Ms153,施德樓 Ergosoft 全美黃桿鉛筆-加寬型12支入 MS153,private
Back Home Orange Pc (200G),元氣家 香橙片(200g),private
Boys' Desk Bay - Toddler Summer Harem Shorts Magic Baby ~ k50327,男童裝 台灣製幼兒夏季哈倫短褲 魔法Baby~k50327,private
ST Chick Card Privacy Eliminating - Love Fruity 400ml ST - 124503,ST雞仔牌 部屋消臭力-戀愛花果香400ml ST-124503,private
Brand'S Intensive Scent Berries Drink 50Ml 14 Bottles,白兰氏 活颜馥莓饮 50ml 14瓶装,private
Story Learning Machine Story T,【sofertic】爱倪羊故事语言学习机(故事机) T,private
Lucky Star Dvd Vol - 07,幸運星DVD VOL-07,private
QUEENSHOP 【 01022815 】 Men's Gradient Denim Shirt S / M / L / XL * purchase *,QUEENSHOP 【01022815】男裝 漸層牛仔襯衫 S/M/L/XL＊預購＊,private
Nike Jordan Flight Runner 3 Basketball Shoes Men'S 820253603 Big - O Sports,NIKE 耐吉 JORDAN FLIGHT RUNNER 3 籃球鞋 男 820253603 Big-O Sports,private
Thick Bottom Loose Bottom Travel Shoes Harajuku Shoes Yx042813,厚底松糕底内增高旅游鞋原宿休闲女鞋 YX042813,private
Sport Lightweight Minimalist Heather Fabric Space Athletic,Sport 輕量 極簡主義 麻花織布 太空運動鞋-09709,private
Toy Eyes 12M / M / Pack,玩具眼睛 12m/m / 包,private
American crawlings Lying Climbing Knee Brace Sleeve Princess Crown (2015 New),美國Crawlings趴趴爬護膝套公主皇冠 (2015新款),private
Korean personality Heather Chunky bracelet small puzi 【 B11051 】,韓國個性麻花寬邊手鐲 Small Puzi 【B11051】,private
Natural Beautiful Maintenance Heart trend,自然美麗的保養心趨勢,private
【 MIHONG 】 anthocyanins lutein x 8 Package Groups (30 Pcs / Pack),【MIHONG】花青素葉黃素 x 8包組（30顆/包）,private
Max - HD - 10dfl New Stapler,MAX-HD-10DFL（NEW） 釘書機,private
HTC A9S X10 Desire 10 Pro EVO U Play X9 Desire 728 phone shell,HTC A9s X10 Desire 10 Pro Evo U PLAY X9 Desire 728 手機殼 天鵝流蘇,private
Breathable Canvas Harajuku Thick Bottom Increased Pink Shoes,透氣帆布鞋原宿厚底運動增高粉色板鞋,private
Amiss 【 A110 - 35 】 Exclusive Japanese Classic - size Peach,Amiss【A110-35】獨家★日系經典-大小桃心,private
CANMAKE Just for You In Color Change Lip Gloss 212 - 023g,CANMAKE 只為妳存在變色唇蜜 212-023g,private
C10J1 Classic Cover Oppo R15 / R15 Pro Flip Cover Simple Convenient Plain Pu Leather Case,C10J1 經典 皮套 OPPO R15 / R15 Pro 手機殼 翻蓋 保護套 簡單 方便 素色 插卡 磁扣 手機套,private
Georgia Plus for Back Half Mesh Computer Chair Model 105 Lua Multicolor,吉加吉 高背半網 電腦椅 型號105 LUA 多色,private
SC Taiwan manufacturing Luxury DIY female,SC台灣製造-豪華型DIY母插,private
Crying India: A Bride Dvd,哭泣的印度：浴火新娘DVD,private
Mediterranean Series Star ornaments home furnishings zakka,地中海系列 星星掛飾 居家擺設 zakka,private
Pentel Dragon Zeh - 20 Standard Eraser 12Pcs / Box,【Pentel飛龍】ZEH-20 標準型橡皮擦 12個/盒,private
BAISKY Men Short Car Clothing new wave Grey,BAISKY 男款短車衣 NEW WAVE 灰,private
Simpson Family Case SONY Z2 Z3 + Z5 COMPACT M4 M5 C4 C5 Premium,辛普森家庭手機殼SONY Z2 Z3 + Z5 COMPACT M4 M5 C4 C5 Premium,private
Coated Color Cleaning Pad (Sweet Pink) - Double Size,包覆式彩色保潔墊 (舒心粉) -雙人尺寸,private
Pink Stitching Low Heel Pack.,粉嫩拼接低跟包鞋．白鳥麗子,private
Taiwan azoo Love Ethnic Sea Integrated Poster az90174 Sea Integrated Poster,台灣AZOO愛族- 海水魚綜合海報 AZ90174 海水魚綜合海報,private
Asus Phone Case Zb551Kl Zc554Kl Ze554Kl Ze552Kl Ze520Kl Zb552Kl,华硕 大理石纹 手机壳 ZB551KL ZC554KL ZE554KL ZE552KL ZE520KL ZB552KL,private
Estee Lauder Fashion Side Shoulder Bucket Pack Three Set,雅詩蘭黛 時尚側肩水桶包三件組,private
White Formula Hyaluronic Acid Moisturizing Cleanser 240Ml,自白肌 玻尿酸保濕極淨卸妝水 240ml,private
Your name Case For ASUS ZENFONE 4 3 2 Deluxe Ultra MAX ZOOM LASER SELFIE GO,你的名字手機殼華碩ZENFONE 4 3 2 Deluxe Ultra MAX ZOOM LASER SELFIE GO,private
Kiro cat Love Cat Waterproof Work / Home Patchwork Apron 230560,【Kiro cat】戀愛 cat咪防水工作/居家拼布圍裙 【230560】,private
Men'S Shoes Sports Shoes Shoes Running Shoes Air Cushion Shoes,男鞋運動鞋男休閒鞋跑步鞋氣墊鞋子,private
【 HARIO 】 Black Vacuum Insulation Pot 02 VHS - 60B,【HARIO】黑色真空02保溫壺 VHS-60B,private
Pilot Tupper Hfgp - 20R7 Colorful Shook Mechanical Pencils 0.7Mm / Pcspilot,PILOT 百樂 HFGP-20R7 七彩搖搖自動鉛筆 0.7mm / 支,private
Personality Print Phone Case HTC ONE ME 820 830 826 816 628 626 728 A9 X9,個性印花手機殼HTC ONE ME 820 830 826 816 628 626 728 A9 X9,private
Bonjouracc Women Choker 3D Circle Triangle Zircon Earrings,Bonjouracc 正韓。立體圈圈三角鋯石耳環,private
Korean E - glips nini Bear Mirror b PC Cherry Jewelry 【 26593 】,韓國 E-glips 妮妮熊鏡子 乙入【櫻桃飾品】【26593】,private
Germany Kaweco Supra Series Brass Pen,德國KAWECO Supra系列 黃銅鋼筆,private
Kose Sekkisei Love Sea 5 Pcs Set,高絲 Kose 雪肌精 珍愛海洋5件組,private
Bear Mosquito Repellent 6H Herbal Cool Type,熊掌防蚊液 (6h草本微涼型),private
Ao Provence Rose Original Essence 5Ml. Rose Abs Maroc. Aqua Oleum Uk Originalao,AO 普羅旺斯玫瑰原精 5ml。Rose Abs Maroc。Aqua Oleum 英國原裝,private
Panelled Pants Net Cool Type L ~ XL (12 + 1 Pc) X6 Pack / Box,安安 成褲淨爽型L~XL號(12+1片)X6包/箱,private
Hills 7 Years Abyssinian Hairball Control Formula 2Kg / 4Kg,希爾思7歲以上成貓毛球控制配方2kg/4kg,private
< kk14 > iPhone 6 / 6S Punk Rivet Hair Ball Pendant Universal Phone Case k1411,<kk14>iphone 6 /6s 龐克鉚釘毛球吊飾通用手機殼k1411,private
Space DIY Drawer Separator Super Simple Super Convenient Storage Organizer,空間DIY抽屜隔板 超簡單超方便收納管理,private
Coach horse carriage Logo Leather Flip Long Wallet,COACH 馬車 LOGO 皮革翻蓋長夾,private
A Village mammy village Postpartum Tight Pants (M ~ XL) 56864 Good doll,六甲村 Mammy village產後緊縮褲(M~XL) 56864 好娃娃,private
Boots Snow Boots the Fur Warm Black Shoes b6217 no332,靴子 雪靴 內鋪毛 保暖 黑色 女鞋 B6217 no332,private
Cartoon Pokemon ZE520KL ZE552KL ZE553KL ZC553KL ZC554KL ZE550KL,卡通 手機殼 口袋妖怪 ZE520KL ZE552KL ZE553KL ZC553KL ZC554KL ZE550KL,private
REMOVED_SECRETMorino REMOVED_SECRETREMOVED_SECRETto Microfiber Towel Value 2 Pcs Set mo725REMOVED_SECRET,【MORINO摩力諾】超細纖維大毛巾(超值2件組)~MO725,private
NIKE wmns Nike Air Zoom Pegasus 34 High running shoes women 880560001NIKE,NIKE 耐吉 WMNS NIKE AIR ZOOM PEGASUS 34 高階慢跑鞋 女 880560001,private
At Ink Topmore Stone Dual Usb Car Charger 3.1 A,達墨TOPMORE STone 雙USB車用充電器 3.1A,private
Keith Pure Titanium Children Spoon Fork / Titanium Tableware,Keith純鈦 Ti5312兒童湯匙叉子／鈦餐具,private
Merrell Moab Fst 2 Gtx Shoes Dark Green Men'S Shoes,MERRELL MOAB FST 2 GTX 多功能鞋 深绿色 男鞋 ML77447 no924,private
LIYO-English Spelling Beaded Top,LIYO理優英文拼字釘珠上衣E722023,private
White Gold Adjustable Pen Ink * Inkm - 1200,白金牌可調式鋼筆用墨水*INKM-1200,private
Genuine Leather Female Small Handbag / Crossbody Weave Pack 🎀,🎀真皮女用小手提/斜背二用包🎀,private
Multifunctional Touch Bicycle Cycling Bicycle Front Pack S125,多功能觸摸自行車 單車 腳踏車前包s125,private
SunnyQ - Breathable Mesh Shiny lazy shoes. Blue,SunnyQ-透氣網紗閃鑽懶人鞋．藍,private
IFairies zircon tassel earrings 【 33531 】,iFairies 鋯石流蘇耳環【33531】,private
Taylor Silk Taylor Swift Case SONY Z2 Z5 COMPACT M5 C5 Premium,泰勒絲Taylor Swift手機殼SONY Z2 Z3 + Z5 COMPACT M4 M5 C5 Premium,private
American Kid O Traffic Series - Puff Car - Blue,美國 Kid O 交通系列-噗噗車-藍,private
Brilliance Ghn - 3621 Two Straight Non-Carbon Multiple Value 20 Pc / Pack,光華 GHN-3621 二聯直式非碳紙複寫估價 20本入 / 包,private
New Balance 247 White Retro Casual Shoes,NEW BALANCE 247 全白色 袜套 复古休闲鞋 MRL247DD,private
Newton S6 Adult Dogs Chicken Pumpkin 2.72 Kg Paul Pet Products,紐頓 S6成犬 雞肉南瓜 2.72KG【寶羅寵品】,private
120x45x150 Three Layer Paint Punch Metal,120x45x150三層烤漆沖孔鐵架,private
Sanrio ring buckle Phone Holder _ Hello Kitty Head Series,Sanrio三麗鷗 指環扣 手機支架_Hello Kitty大頭系列,private
College Wind Lace Drawstring Shorts-M051058,學院風百搭蕾絲花邊抽繩短褲-M051058,private
Side Backpack Oblique Backpack Leather Tote Bag,側背包 斜背包 真皮菱格包 QSF包包,private
[Natural Replenishment] Collagen Rose Muscle beverages 200ml / Bottle,【自然補給】膠原玫肌凍飲 200ml/瓶,private
Paulownia Wood Sand - Rose 6L,桐木砂-玫瑰6L,private
Frozen Snow Forest Blue Cartoon Sleeping Bag Desk Bay - Disney,冰雪奇緣 白雪森林 藍 卡通睡袋 台灣製 迪士尼,private
Clean Keep Cp - 820C - 2H Public Chair / Set,潔保 CP-820C-2H 公共排椅 / 組,private
Canada 3 sprouts storage box - Rabbit Taiwan authorized Distributor,加拿大 3 Sprouts 收納箱-兔子 台灣授權代理商,private
Power Big Abel 66189 A4 Working Model Clip (Color Random Shipment) / Pcs,力大牌 ABEL 66189 A4橫式板夾(顏色隨機出貨) / 個,private
Hippored Torn Fun Unique Style Straight Jeans O591 445,【HippoRed】撕破乐趣★独特风格★中直筒牛仔裤 O591_445,private
Kids Set Table Bay - Thin Long Sleeve Home Suit Magic Baby ~ K60092,兒童套裝 台灣製薄長袖居家套裝 魔法Baby~k60092,private
LONGCHAMP Le Pliage Neo High Density Nylon Backpack (medium),LONGCHAMP Le Pliage Neo高密尼龍後背包(中型),private
IFairies Opening Adjustable Ring ifairies [56472] 【 56472 】,iFairies 開口可調節戒指★ifairies【56472】【56472】,private
PolarStar Women Sweat Quick Dry T-shirt Black 』 P18102PolarStar,PolarStar 女 排汗快干T恤『黑』P18102,private
