data,target,split
<start> broken plate casual shorts slim casual hot pants ifairies sm24454 <end>,<start> 破盤出清短褲 顯瘦休閒熱褲ifairiessm24454 <end>,private
<start> henze fairy cd henze ondine knutson command ecuador <end>,<start> 亨策水中仙 cd henze ondine 克努森指揮 厄瓜多爾編舞家艾胥頓 <end>,private
<start> ifairies coin pack 46892 <end>,<start> ifairies 零錢包46892 <end>,private
<start> alfastar bluetooth sports headset sh360b <end>,<start> alfastar 藍牙運動耳機 sh360b <end>,private
<start> twill black mt washi tape mt <end>,<start> 斜紋黑 mt和紙膠帶 <end>,private
<start> nike pro belt 2.0 black <end>,<start> 強登nike pro調節式護腰帶2.0 亞規 黑色 nmz15010sl <end>,private
<start> p20 pro nova3e y7s redmi note xiaomi mix2s zenfone 5 v30s tassel phone case <end>,<start> p20 pro nova3e y7s 紅米note5 小米mix2s zenfone5 v30s 手機殼 邊鑽流蘇鑽殼 <end>,private
<start> brands intensive scent berries drink 50ml 14 bottles <end>,<start> 白兰氏 活颜馥莓饮 50ml 14瓶装 <end>,private
<start> american airwalk backpack tablet backpack computer bag thick zipper backpack a615323692 <end>,<start> 美國airwalk 筆電包 背包 後背包 電腦包 粗拉鍊後背包 a615323692 <end>,private
<start> boys sandals desk bay poli genuine flash sport sandals magic baby sa71106 <end>,<start> 男童涼鞋 台灣製poli正版閃燈運動涼鞋 魔法babysa71106 <end>,private
<start> johnny auction baseus apple iphone se55s space shell transparent shell <end>,<start> 強尼拍賣 baseus 倍思 apple iphone se55s 太空殼 透明殼 保護殼 硬殼 <end>,private
<start> taiwan aotu bottom small fish special floating feed particles 50g <end>,<start> 台灣奧圖otto 小型魚專用全浮性微粒飼料 50g <end>,private
<start> toy eyes 12m m pack <end>,<start> 玩具眼睛 12mm 包 <end>,private
<start> yu germany u4462 computer printing label 16 grid 105x37mm 100 pcs pack <end>,<start> 裕德 u4462電腦列印標籤16格105x37mm100張入 包 <end>,private
<start> lovedo the only multi kids star rocket dig back vest navy <end>,<start> lovedo艾唯多童裝星際火箭 挖背背心 深藍 <end>,private
<start> star wars ep7 metal key ring 003 the horse the section the beast <end>,<start> 星際大戰 ep7 金屬鑰匙圈 003 法司馬隊長款野獸國 <end>,private
<start> innoshop new disney paradise princess bottle shape necklace <end>,<start> innoshop 玩新迪士尼樂園公主瓶中造型項鍊 <end>,private
<start> thin color straps padded sports vest. black white <end>,<start> 直紋拼色肩帶襯墊運動背心黑白 <end>,private
<start> baby home suit thick cotton three extremely warm pajamas set magic baby k60432 <end>,<start> 寶寶居家套裝 超厚三層棉極暖睡衣套裝 魔法babyk60432 <end>,private
<start> pokemon go pikachu case s4 s5 s6 s7 edge plus s8 note4 note5 note8 <end>,<start> 神奇寶貝皮卡丘手機殼三星 s4 s5 s6 s7 edge plus s8 s8 note4 note5 note8 <end>,private
<start> skechers skech air infinity fashion casual series male 51483bkw big o sports <end>,<start> skechers skechair infinity 時尚休閒系列 男 51483bkw bigo sports <end>,private
<start> htc phone case 626 728 816 820 825 826 830 u ultra u play <end>,<start> htc 手机壳 卡通 小清新 626 728 816 820 825 826 830 u ultra u play a9 <end>,private
<start> white gold adjustable pen ink inkm 1200 <end>,<start> 白金牌可調式鋼筆用墨水inkm1200 <end>,private
<start> witch of dvd 151 <end>,<start> 魔女的考驗dvd 151 <end>,private
<start> flamingo flower glass phone case s9s9j7s7 edgej7primenote8a8 2018 <end>,<start> 火烈鸟 花儿 玻璃镜面 手机壳 s9s9j7s7 edgej7primenote8a8 2018 吊饰孔 <end>,private
<start> low sugar mango dry 250g be the royal <end>,<start> 低糖芒果乾 250g 臻御行 <end>,private
<start> canada 3 sprouts toy storage box small buffalo taiwan authorized distributor <end>,<start> 加拿大 3 sprouts玩具收納箱 小水牛 台灣授權代理商 <end>,private
<start> hollow totem embroidery shirt <end>,<start> 鏤空圖騰刺繡襯衫 <end>,private
<start> shoes shoes men sports shoes mens shoes <end>,<start> 板鞋休閒鞋男士運動板鞋男布鞋 <end>,private
<start> gift vintage motorcycle key ring pendant <end>,<start> 禮品復古摩托車鑰匙圈吊飾 <end>,private
<start> folk day dvd value karaoke picks <end>,<start> 民歌紀念日dvd 超值卡拉ok精選 <end>,private
<start> power big abel 66189 a4 working model clip color random shipment pcs <end>,<start> 力大牌 abel 66189 a4橫式板夾顏色隨機出貨 個 <end>,private
<start> toppro ladys imported 360 degree rotary nail scissors m tv 55m with nail cutter ur8d <end>,<start> toppro ladys 進口360度迴轉式指甲剪m tv55m 附指甲挫刀ur8d <end>,private
<start> korean waterproof nylon triangle iron brand backpack catsbag 46471024 <end>,<start> 韓系防水尼龍三角鐵牌後背包catsbag46471024 <end>,private
<start> casual breathable mesh simple seven hole boots no. 09757 <end>,<start> casual 率性透氣網布 簡約七孔短靴 no. 09757 <end>,private
<start> oblique backpack greenwood velvet bucket pack <end>,<start> 斜背包 格林伍德天鵝絨水桶包joanna shop <end>,private
<start> nike men jordan h86 d.y.k. cap leisure caps <end>,<start> nike 男女 jordan h86 d.y.k. cap 休闲帽 aa3790010 <end>,private
<start> kk14 iphone 6 6s punk rivet hair ball pendant universal phone case k1411 <end>,<start> kk14iphone 6 6s 龐克鉚釘毛球吊飾通用手機殼k1411 <end>,private
<start> pentel dragon gfkp3 a portable card type brush pcspentel <end>,<start> pentel 飛龍 gfkp3a 攜帶型卡式毛筆 支 <end>,private
<start> the french royal as34 sterilization greedy cat 2kg <end>,<start> 法國皇家as34絕育貪嘴貓2kg <end>,private
<start> the culture japan imported round top space craft diamond sc mk 010 <end>,<start> 小徑文化日本進口round top space craft diamond scmk010 <end>,private
<start> sports half finger equipment single bar training equipment fitness gloves <end>,<start> 運動半指器械單杠訓練裝備健身手套 <end>,private
<start> michael kors bedford lichee pattern metal chain crossbody bags <end>,<start> michael kors bedford 荔枝纹金属炼条斜背包 <end>,private
<start> kw trio kw5330 stapler 12 pc <end>,<start> kw trio kw5330 訂書機 12入 打 <end>,private
<start> baby shorts baby pants baby shorts kids ug40523 good doll <end>,<start> 嬰幼兒短褲 嬰兒褲子 寶寶短褲 童裝 ug40523 好娃娃 <end>,private
<start> purchase korean hit color stripe tshirt ab050306 <end>,<start> 预购韩版撞色条纹t恤ab050306 <end>,private
<start> zs cleome personalized army women feather coat <end>,<start> zs cleome 個性軍裝女款羽毛外套 <end>,private
<start> baby boy shoes desk bay spiderman authorized genuine canvas shoes magic baby sa89326 <end>,<start> 男童鞋 台灣製蜘蛛人授權正版帆布鞋 魔法babysa89326 <end>,private
<start> blu ray critical 72 hours bd <end>,<start> bluray關鍵救援72小時bd <end>,private
<start> pressure clean bubble gum knit patent bath towel blue <end>,<start> 優力潔 泡泡糖新型針織專利浴巾藍 <end>,private
<start> in the fashion polarized sports sunglasses vie pbpl mola sports <end>,<start> 摩拉時尚偏光運動太陽眼鏡 viepbpl mola sports <end>,private
<start> frozen snow forest blue cartoon sleeping bag desk bay disney <end>,<start> 冰雪奇緣 白雪森林 藍 卡通睡袋 台灣製 迪士尼 <end>,private
<start> gcomm iphone 6s 6 embossed dots fashion dot cover elegant blue <end>,<start> gcomm iphone 6s6 embossed dots 時尚圓點超纖皮套 優雅藍 <end>,private
<start> solid color cotton tassel scarf the tassels of <end>,<start> 純色棉麻流蘇圍巾流蘇款 <end>,private
<start> mizuno wave rider 20 w advanced professional running shoes women j1gd170328 big o sports <end>,<start> mizuno 美津濃 wave rider 20w進階專業慢跑鞋 女 j1gd170328 bigo sports <end>,private
<start> caran d ache swiss to lemans light black mechanical pencils gold clip 0.7 pcs <end>,<start> caran dache 瑞士卡達 leman 利曼亮黑漆自動鉛筆金夾 0.7 支 <end>,private
<start> new power flying air cushion shock couple casual shoes 5pcs <end>,<start> new power飛織氣墊減震情侶休閒鞋鞋子嚴選 <end>,private
<start> boys desk bay toddler summer harem shorts magic baby k50327 <end>,<start> 男童裝 台灣製幼兒夏季哈倫短褲 魔法babyk50327 <end>,private
<start> nike jordan flight runner 3 basketball shoes mens 820253603 big o sports <end>,<start> nike 耐吉 jordan flight runner 3 籃球鞋 男 820253603 bigo sports <end>,private
<start> thunderbird lt 234 japanese wood grain table mat 45 x 60 cm pc <end>,<start> 雷鳥 lt234 日式木紋桌墊 45 x 60 cm 片 <end>,private
<start> pet dog phone case cover infocus m812 m810 m535 m808 m511 m2 m320 <end>,<start> 寵物狗狗手機殼infocus m812 m810 m535 m808 m511 m2 m320 <end>,private
<start> bunty rose cypress essential oil <end>,<start> 芭蒂蘿絲絲柏精油 <end>,private
<start> german original imported online colorful pen 30334 black f pcs <end>,<start> 德國原裝進口 online 繽紛鋼筆 30334 黑色 f 支 <end>,private
<start> converse malefemale chuck taylor all star high canvas shoes black <end>,<start> converse 男女 chuck taylor all star 高筒 帆布鞋 黑m3310c <end>,private
<start> fabercastell emotion series crocodile pattern ballpoint pen <end>,<start> fabercastell emotion 系列鱷魚紋原子筆148350 <end>,private
<start> the sak green algae feed thin pc 25g floating type shaped peacock fish lily <end>,<start> 捷克 sak 綠藻飼料 薄片 25g 飄浮型 異型 孔雀魚 麗麗 <end>,private
<start> amiss a420 1 silver green off shoulder knee socks black glitter <end>,<start> amissa4201金銀蔥平口膝上襪黑金蔥 <end>,private
<start> samsung galaxy note8 note5 note4 note3 s5 s6 s7 s8 edge plus hard phone <end>,<start> 三星note8 note5 note4 note3 s5 s6 s7 s8 edge plus 硬殼 手機殼 <end>,private
<start> polo shirt classic embroidery polo shirt custom fit <end>,<start> polo衫 經典刺繡 polo衫custom fit <end>,private
<start> guerlain symphony meteor powder ball 2 clair <end>,<start> 娇兰幻彩流星蜜粉球 2 clair <end>,private
<start> korean pin buckle womens belt <end>,<start> 韓版針扣女款褲帶 <end>,private
<start> lanyard frosted shell oppo r9 r9s s8 plus note8 f1s j7 j7p s7 edge note5 solid <end>,<start> 掛繩 磨砂殼 oppo r9 r9s s8 plus note8 f1s j7 j7p s7 edge note5 純色 <end>,private
<start> klorane star the hair gift set the 400ml 2 pc 200ml 1 pc the hair shampoo <end>,<start> 法國蔻蘿蘭klorane 明星養髮禮盒組富山 400ml 2入200ml 1入 養髮洗髮精 <end>,private
<start> marus bluetooth wireless moving coil microphone mcr 10 <end>,<start> marus 藍牙無線動圈式麥克風 mcr10 <end>,private
<start> innoshop new sanrio train bath ball <end>,<start> innoshop 玩新三麗鷗火車造型沐浴球 <end>,private
<start> the farm mountain bitter gourd tea 20 pack box <end>,<start> 大雪山農場 山苦瓜茶20包盒 <end>,private
<start> montane women lightweight water repellent down hooded jacket peacock ffedj <end>,<start> montane 女 輕量防潑水羽絨 連帽外套 孔雀藍 ffedj <end>,private
<start> samsung note4 note5 s6 s6edge s7 s7edge case jelly case back cover <end>,<start> 三星 note4 note5 s6 s6edge s7 s7edge 手機殼 果凍套 軟殼 保護殼 背面磨砂 <end>,private
<start> korean kit kat raspberry sandwich crisp 3 box cherry jewelry 28526 <end>,<start> 韓國 kit kat 覆盆子夾心酥 3條盒櫻桃飾品28526 <end>,private
<start> skechers women when high running shoes <end>,<start> skechers 女 livhigh 慢跑鞋 99830wsl <end>,private
<start> coach cute little fox leather handbag pendant key ring <end>,<start> coach 可愛小狐狸皮革包包掛飾鑰匙圈 <end>,private
<start> ifairies dress floral dress 42735 <end>,<start> ifairies 洋裝 碎花連身裙42735 <end>,private
<start> me before you phone case sony x xa1 xa ultra xzs xz xzp xz1 compact z5 z3 <end>,<start> 我就要你好好的 手機殼sony x xa1 xa ultra xzs xz xzp xz1 compact z5 z3 <end>,private
<start> small pig mini jule tops single letter tassel sleeve cotton t saa71006833 <end>,<start> 小豬兒mini jule 現貨 上衣 單行字母流蘇袖棉tsaa71006833 <end>,private
<start> jack wolfskin inflatable neck pillow <end>,<start> jack wolfskin充氣護頸枕 <end>,private
<start> vitamin foam din vitamin b orange flavor 20 tablets <end>,<start> 克魯格維他命發泡錠維他命b群 橘子風味富山20錠 <end>,private
<start> skechers on the go glide casual shoes dark coffee shoes no697 <end>,<start> skechers onthego glide 休閒布鞋 深咖啡 男鞋 no697 <end>,private
<start> japan pipapu animal embroidery harness pocket lunch bag 6 <end>,<start> 日本 pipapu 動物刺繡束口袋便當袋 共六款 <end>,private
<start> nike w blazer low le classic retro shoes aa3961105 <end>,<start> nike 耐吉 w blazer low le 經典復古鞋 女 aa3961105 <end>,private
<start> kiro cat love cat waterproof work home patchwork apron 230560 <end>,<start> kiro cat戀愛 cat咪防水工作居家拼布圍裙 230560 <end>,private
<start> asus phone case zb551kl zc554kl ze554kl ze552kl ze520kl zb552kl <end>,<start> 华硕 大理石纹 手机壳 zb551kl zc554kl ze554kl ze552kl ze520kl zb552kl <end>,private
<start> ready stock leaves in relief ready stock joanna shop <end>,<start> 短夾 落葉歸根浮雕短夾joanna shop <end>,private
<start> asus asus hs340mci58400003t desktop <end>,<start> asus华硕 hs340mci58400003t 桌面计算机 <end>,private
<start> xotic box logo beanie basic square patch unisex knitted hat pink red grey black <end>,<start> dot聚點 xotic box logo beanie 基本款 方形 貼布 毛帽 針織帽 保暖 粉色 紅 灰 黑 男女 <end>,private
<start> germany hamptons wok pan series 28cm 1 pc cherry jewelry 28306 <end>,<start> 德國 hamptons 炒鍋平底鍋系列 28cm 1入櫻桃飾品28306 <end>,private
<start> parker urban the series hacker violet ball pen p1906867 <end>,<start> 派克 parker urban 都會系列 駭客紫羅蘭 鋼珠筆 p1906867 <end>,private
<start> c10j1 classic cover oppo r15 r15 pro flip cover simple convenient plain pu leather case <end>,<start> c10j1 經典 皮套 oppo r15 r15 pro 手機殼 翻蓋 保護套 簡單 方便 素色 插卡 磁扣 手機套 <end>,private
<start> twinings downing tea strawberry mango tea 2gx25 pc <end>,<start> twinings唐寧茶 草莓芒果茶2gx25入 <end>,private
<start> anacomda python t1 titan series 120gb ssd drive <end>,<start> anacomda 巨蟒 t1 泰坦系列 120gb ssd固態硬碟 <end>,private
<start> toro pvc relief light 3x7 feet wardrobe cs p27 <end>,<start> toropvc浮雕淺色3x7尺衣櫃 csp27 <end>,private
<start> israel red sea k potassium test set r21435 water test set <end>,<start> 以色列red sea紅海 k鉀離子測試組 r21435 海水測試組 <end>,private
<start> ego improved qv baby care bath oil 250mlego <end>,<start> ego意高 qv嬰兒呵護沐浴油250ml <end>,private
<start> the trend of the shop palace triangle logo british tide brand short tee army green <end>,<start> 玉米潮流本舖 palace 三角 logo 英國潮牌 短tee 軍綠色 <end>,private
<start> parker urban the series pink white pen p0844870 f <end>,<start> 派克 parker urban 都會系列 桃紅白夾 鋼筆 p0844870f <end>,private
<start> bmw genuine diamond cup 250ml shwlv250 <end>,<start> 寶馬牌真鑽隨手杯250mlshwlv250 <end>,private
<start> your name case for asus zenfone 4 3 2 deluxe ultra max zoom laser selfie go <end>,<start> 你的名字手機殼華碩zenfone 4 3 2 deluxe ultra max zoom laser selfie go <end>,private
<start> cake test stick 9836n <end>,<start> 三箭牌 蛋糕測試棒 9836n <end>,private
<start> kate spade personality double color leather backpack <end>,<start> kate spade 個性雙色皮革後背包 <end>,private
<start> canmake just for you in color change lip gloss 212 023g <end>,<start> canmake 只為妳存在變色唇蜜 212023g <end>,private
<start> augelute baby cotton stripe maxi jumpsuit 35011 <end>,<start> augelute baby 嬰兒純棉條紋款連身衣 35011 <end>,private
<start> fashion girls samsung s8j7a5 2016 a5 2017 a7 2016 <end>,<start> 時尚新款 個性女生 samsung s8 s8 j7 a5 a5 2016 a5 2017 a7 a7 2016 <end>,private
<start> nekopara vol mobile phone shell htc u ultra u play 10 pro lifestyle 728 830 <end>,<start> nekopara vol手機殼htc u ultra u play 10 pro lifestyle 728 830 <end>,private
<start> airpillow samsung note 4 note 5 full air cushion clear transparent back cover <end>,<start> airpillow samsung note 4 note 5 全包覆氣墊透明空壓殼 <end>,private
<start> macadamia usa maca miracle oil ultra moisturizing hair bath 100ml <end>,<start> macadamia美國瑪卡奇蹟油 超潤澤髮浴 100ml <end>,private
<start> korea welfare bbia golden rose collection lipstick 3.5g colored optional <end>,<start> 韓國 福利品bbia 金色玫瑰珍藏唇膏 3.5g 五色任選 <end>,private
<start> computer label paper 3 form 807 b white 1000 copy laser inkjet <end>,<start> 金魚池龍德 電腦標籤紙 3格 ld807wb 白色 1000張 影印 雷射 噴墨 貼紙 <end>,private
<start> magic amah antibacterial laundry detergent 4000g <end>,<start> 妙管家 抗菌洗衣精4000g <end>,private
<start> sushi go kaohsiung ponzi cards kangagames <end>,<start> 迴轉壽司 sushi go 繁體中文版 高雄龐奇桌遊 kangagames <end>,private
<start> handheld telescopic focusing led flashlight with holder sinfw5349 <end>,<start> 手持式伸縮調焦led手電筒 附支架 sinfw5349 <end>,private
<start> a canteen mall vietnam black coffee g7 15 2g <end>,<start> 豐食堂商城越南g7 黑咖啡 152g <end>,private
<start> samsung s9 plus s9 panda silicone shell case cover full cover silicone soft case <end>,<start> 三星 s9 plus s9 熊貓矽膠殼 手機殼 保護殼 全包覆 矽膠 軟殼 <end>,private
<start> sport shoes running summer men women outdoor riding warm knee <end>,<start> 運動跑步夏季男女士戶外騎行保暖護膝 <end>,private
<start> audrey hepburn double resentment dvd <end>,<start> 奧黛麗赫本雙姝怨dvd <end>,private
<start> electric toothbrush adult rechargeable fur smart vibration automatic toothbrush <end>,<start> 電動牙刷成人充電式軟毛智慧震動自動牙刷igo <end>,private
<start> acc card i brush pcs <end>,<start> 英士acc 卡式小楷毛筆 支 <end>,private
<start> 64gb camera memory card 300s series sdxc uhsi u3 v30 support 4k video <end>,<start> 創見 64gb 相機記憶卡 300s 系列 sdxc uhsi u3 v30 支援4k錄影 <end>,private
<start> panties cotton cartoon triangle panties 5 pcs set blue car a257 <end>,<start> 內褲 純棉 卡通三角內褲5件組03紅藍車a257 <end>,private
<start> national wind totem ankle socks grey <end>,<start> 民族風圖騰踝襪淺灰 <end>,private
<start> depend x amelie beauty hand cleansing spray paris series apple 15ml <end>,<start> depend x amelie beauty 手部潔膚噴霧巴黎系列蘋果 15ml <end>,private
<start> aromatherapy heart music 2 anthology cd purchase tide 8 <end>,<start> 芳香療法心靈音樂 2 精選輯 cd 購潮8 <end>,private
<start> toro good plant 8 7 door wardrobe cf610 <end>,<start> toro優植87開門衣櫃 cf610 <end>,private
<start> phoenix youth large movement dvd <end>,<start> 鳳凰臺 一九四九大遷徒dvd <end>,private
<start> french premium top fish scale collagen peach flavor <end>,<start> 法國水漾頂級魚鱗膠原蛋白水蜜桃口味 <end>,private
<start> 1028 oil control cushion soft focus powder 01 bright nude 12g <end>,<start> 1028 控油柔焦氣墊粉餅 01 明亮膚 12g <end>,private
<start> oppo a75 a75s a73 phone case soft rabbit silicone case <end>,<start> oppo a75 a75s a73 手机壳 软壳 挂绳壳 大眼兔硅胶壳 <end>,private
<start> coach floral splicing handbag crossbody boston pack <end>,<start> coach coach 馬車緹花拼接手提斜背波士頓包 <end>,private
<start> the spring 185 13k 20 paper sheets pack <end>,<start> 同春 185 13k十段隔頁紙 包 <end>,private
<start> salvatore ferragamo classic logo vintage sunglasses <end>,<start> salvatore ferragamo 經典logo復古太陽眼鏡 <end>,private
<start> etude house natural moisturizing lip dew 10g <end>,<start> etude house 自然潤色保濕唇露 10g <end>,private
<start> apollo safe iron cabinet gold treasury library wealth lucky essential original warranty 30lr3c <end>,<start> 阿波羅保險箱 保險櫃 鐵櫃 金庫 財庫 財神 招財必備 公司原廠保固 30lr3c <end>,private
<start> bk s1 bks1 bikecomm earphone accessories set <end>,<start> bks1 bks1 耳機配件組 <end>,private
<start> japan laundrin perfume aromatherapy spray 370ml elegant floral <end>,<start> 日本laundrin香水芳香噴霧370ml 典雅花香 <end>,private
<start> grunland lazy shoes casual shoes cat blue shoes ci2206 no004grunland <end>,<start> grunland 懶人鞋 休閒鞋 貓咪 藍色 女鞋 ci2206 no004 <end>,private
<start> johnsons earplugs oillavender 500ml <end>,<start> johnsons 舒眠潤膚油 薰衣草 500ml <end>,private
<start> huawei talkband b3 lite smart bracelet bluetooth headset call sports monitor <end>,<start> 華為 huawei talkband b3 lite 智能手環 藍芽耳機通話 運動監測 現貨黑色 <end>,private
<start> caco stripe embroidered word socks male ost025 <end>,<start> caco條紋繡字中筒襪男ost025 <end>,private
<start> zebra s4a11 4 colors snoopy pen tube <end>,<start> 斑馬s4a11 4色snoopy筆管 <end>,private
<start> phone shell asus ze551ml ze500kl ze550kl zc520tl zc551kl zc553kl <end>,<start> 情侶款 手機殼 asus ze551ml ze500kl ze550kl zc520tl zc551kl zc553kl <end>,private
<start> international brand blue battery special store <end>,<start> 國際牌藍電池特殊賣場 <end>,private
<start> mediterranean series star ornaments home furnishings zakka <end>,<start> 地中海系列 星星掛飾 居家擺設 zakka <end>,private
<start> league of legends lol case infocus m812 m810 m535 m808 m511 m2 m320 <end>,<start> 英雄聯盟lol手機殼infocus m812 m810 m535 m808 m511 m2 m320 <end>,private
<start> olima sensation coating touch coating car coating increased <end>,<start> olima sensation coating 感動鍍膜 汽車鍍膜 撥水劑 增加滑順度 <end>,private
<start> nb radiator suction lenovo dell asus fan 15.6 inch 14 <end>,<start> 筆記本抽風式散熱器側吸式聯想戴爾華碩電腦風扇機15.6寸14 yx050427 <end>,private
<start> love cat snack 5 pc hybrid 35g <end>,<start> 愛貓零食5入混合35g <end>,private
<start> pentel xpp507 0.7 mm orenz mechanical pencils <end>,<start> pentel xpp507 0.7mm orenz寫不斷自動鉛筆 <end>,private
<start> collectors cd 105 versatile fashion cabinets <end>,<start> 收藏家 cd105 全能型時尚防潮箱 <end>,private
<start> vince camuto vince vaca rest premium secret border women light fragrance fragrant 7.5 ml ur8d <end>,<start> vince camuto文斯卡穆托 水漾秘境女性淡香精 小香 7.5mlur8d <end>,private
<start> super nice cod honey jasmine 80g economy pack ak07037 <end>,REMOVED_SECRET<start> 超好吃鱈魚蜜汁香片80g,經濟包ak07037 <end>REMOVED_SECRET,private
<start> lena ceramic electric hair sticklena <end>,<start> lena陶瓷電卷發棒 <end>,private
<start> baseus iphone 7 plus simple case tightly hand delicate protective cover <end>,<start> baseus倍思 iphone 7 plus 簡致保護殼 緊密貼合 手感細膩 防摔保護套 <end>,private
<start> sign no smoking 6x16cm s16224 <end>,<start> 指示牌請勿吸煙 6x16cm s16224 <end>,private
<start> streamlight survivor led flashlight shopping168 <end>,<start> streamlight survivor led 手電筒 shopping168 <end>,private
<start> korean bbi golden perfect waterproof eyeliner plastic pen chocolate series <end>,<start> 韓國bbi 絕色完美防水眼線膠筆巧克力系列 <end>,private
<start> loafers shoes shoes female flat british wind small leather shoes <end>,<start> 乐福鞋女鞋春季单鞋女平底英伦风百搭小皮鞋女 <end>,private
<start> swarovski 925 sterling silver bracelet e41 <end>,<start> swarovski 施華洛世奇 925純銀手鍊 e41 <end>,private
<start> educational friends baby adult thai coloring book <end>,<start> 教育之友 dear baby成人舒壓著色本 <end>,private
<start> at the secret diary second dvd <end>,<start> 應召女郎的秘密日記第二季dvd <end>,private
<start> uni sxr 10 spinning pen 1.0mm special for core <end>,<start> uni sxr10溜溜筆1.0mm專用替芯 <end>,private
<start> paul canvas bag shoulder dslr pack 60d700d 70d 650 diagonal outdoor fashion <end>,<start> 寶羅專業 攝影包 單肩 單反相機包60d700d 70d 650斜跨戶外時尚 <end>,private
<start> nike women wmns nike air zoom pegasus 35 running shoes <end>,<start> nike 女 wmns nike air zoom pegasus 35 慢跑鞋 942855602 <end>,private
<start> bottega veneta bv nappa classic woven sheepskin zipper shell oblique backpack <end>,<start> bottega veneta bv nappa 經典編織羊皮拉鍊貝殼斜背包 <end>,private
<start> queenshop 04090331 mens camouflage multipocket washed shorts <end>,<start> queenshop 04090331男裝 迷彩多口袋水洗短褲 <end>,private
<start> a0014 bmw the network stickers 3 e36 e39 e46 e53 e87 f01 f02 f10 f20 f30 x4 <end>,<start> a0014 bmw中網貼 三色貼 e36 e39 e46 e53 e87 f01 f02 f10 f20 f30 x4 <end>,private
<start> japan gatsby styling hair cream strong adhesive 200g 171n ur8d <end>,<start> 日本 gatsby 造型髮雕霜 強黏性 200g g171nur8d <end>,private
<start> the sand kid dvd vol08 <end>,<start> 狂砂小子dvd vol08 <end>,private
<start> winter warm ladies wind a button topper elsa tak6257 <end>,<start> 禦寒保暖 名媛風一粒釦短大衣 艾爾莎tak6257 <end>,private
<start> apple iphone 5 i phone 5 5s phone case ip5 phone case cover <end>,<start> apple iphone 5 i phone 55s 手機殼ip5手機殼保護殼 <end>,private
<start> mitsubishi pencil ball pen sxn 189ds 05 <end>,<start> 三菱鉛筆迪士尼限量鋼珠筆 sxn189ds05 <end>,private
<start> stripe wave point phone case samsung s7 edge s8 j7 a5 2016 a5 2017 a7 <end>,<start> 條紋波點 手機殼 samsung s7 s7 edge s8 s8 j7 a5 a52016 a52017 a7 <end>,private
<start> toro sn 2 8 crystal light walnut loving man cabinet <end>,<start> torosn28克莉絲淺胡桃木色男櫃 <end>,private
<start> hido handmade soap 100g pc <end>,<start> hido 手工皂100g入 <end>,private
<start> mask original 3200 maskanti paint anti formaldehyde chemicalindustrial <end>,<start> 防毒面具原装3200防毒面具防油漆异味防甲醛化工工业 <end>,private
<start> adidas accel short sports shorts leisure shorts ce6969adidas <end>,<start> adidas 愛迪達 accel short 運動短褲 休閒短褲 ce6969 <end>,private
<start> temperament fresh practical hair band hair accessories hair hoop <end>,<start> 時尚氣質清新實用髮帶 髮飾 髮箍319 <end>,private
<start> augelute baby layeredlook gentleman dress jumpsuit 37251 <end>,<start> augelute baby 假兩件紳士禮服連身衣 37251 <end>,private
<start> thick bottom loose bottom travel shoes harajuku shoes yx042813 <end>,<start> 厚底松糕底内增高旅游鞋原宿休闲女鞋 yx042813 <end>,private
<start> scale 15 cm 151 <end>,<start> 比例尺15cm151 <end>,private
<start> mt wrap mini sizewilliam morris arbutus mt and paper from sticky paper <end>,<start> mt wrap迷你尺寸 william morris arbutus mt和紙自黏包裝紙 <end>,private
<start> paulownia wood sand rose 6l <end>,<start> 桐木砂玫瑰6l <end>,private
<start> christian dior fashion thick frame sunglasses <end>,<start> christian dior 時尚粗框太陽眼鏡 <end>,private
<start> petal lens holder set <end>,<start> 花瓣鏡頭支架組 <end>,private
<start> japan ambai snow pan 14cm koizumi and japan made isk 52014 <end>,<start> 日本ambai 雪平鍋 14cm小泉誠 日本製 isk52014 <end>,private
<start> white gold cp90 card ink pen <end>,<start> 白金牌 cp90 卡式墨筆 <end>,private
<start> 5 japan soup small clay pot casserole a 19 <end>,<start> 健康物語日本湯物小陶鍋砂鍋a19 <end>,private
<start> double xu instant beige powder drunk beige powder 3 pc bag <end>,<start> 雙人徐即食米粉醉米粉3入袋 <end>,private
<start> car seat back drinks storage hanging bag not color <end>,<start> 汽車椅背飲料收納掛袋 不挑色 <end>,private
<start> missha velvet perfect filter mesh air cushion powder <end>,<start> missha絲絨完美濾光網狀氣墊粉餅 <end>,private
<start> rb60 a4 pastel pp material60 page <end>,<start> 珠友 rb60 a4粉彩pp資料本60頁 <end>,private
<start> q3 locomotive boutique germany original autosol metal light cream wax <end>,<start> q3機車精品 德國原裝 autosol 金屬亮光膏 蠟 <end>,private
<start> longchamp le pliage neo high density nylon backpack medium <end>,<start> longchamp le pliage neo高密尼龍後背包中型 <end>,private
<start> japanese wool blend warm pile cap beret hat <end>,<start> 日系羊毛混紡保暖堆堆帽 貝雷帽 毛線帽 <end>,private
<start> kgh fashion casual messenger pack korean cycling pack oblique backpack <end>,<start> kgh 時尚休閒郵差包 韓版潮流單車包 斜背包 801rr2276 <end>,private
<start> shiba seba med baby care lipstick the 4.8 g <end>,<start> 施巴 seba med 嬰兒護唇膏富山4.8克 <end>,private
<start> yan text small banana key pendant stress relief cellphone charm <end>,<start> 顏文字小香蕉 鑰匙掛飾 紓壓小物 手機吊飾 <end>,private
<start> life attract fortune cb 335n portable cash box pcs <end>,<start> life 徠福 cb335n 手提現金管理箱 個 <end>,private
<start> kais portable sanitary cotton short pipe type 10 pcs <end>,<start> 凱娜 攜帶式衛生棉條短導管普通型10支 <end>,private
<start> american crawlings lying climbing knee brace sleeve princess crown 2015 new <end>,<start> 美國crawlings趴趴爬護膝套公主皇冠 2015新款 <end>,private
<start> solar five hand cat <end>,<start> 太陽能五招手貓 <end>,private
<start> mattress memory cotton quick dry sports 8cm bamboo charcoal memory mattress queen kotas <end>,<start> 床墊 記憶棉 吸濕排汗 8cm 竹炭記憶床墊 雙人 kotas <end>,private
<start> cowboy curling jeans shorts <end>,<start> 牛仔捲邊破褲 短褲 <end>,private
<start> loafers flat white canvas shoes shoes a pedal lazy shoes small <end>,<start> 乐福鞋平底白色帆布鞋 鞋一脚蹬懒人布鞋小白鞋 <end>,private
<start> lucky star dvd vol 07 <end>,<start> 幸運星dvd vol07 <end>,private
<start> charcoal pit drawing artist yamamoto the guard dvd <end>,<start> 炭坑繪師山本作兵衛dvd <end>,private
<start> iron man sports ea183 plus seal box pcs <end>,<start> 鐵人 sports ea183 加大印章箱 個 <end>,private
<start> polo shirt classic plain pony embroidery polo shirt youth version <end>,<start> polo衫 經典素面小馬刺繡polo衫青年版 <end>,private
<start> merbliss wedding nurse repair mask 25g x 5 pckorean wedding mask nurse mask <end>,<start> 預購merbliss 婚紗護士修護面膜 25g x 5入 韓國 婚紗 婚紗面膜 護士面膜 <end>,private
<start> canada 3 sprouts hooded towel boar taiwan authorized distributor <end>,<start> 加拿大 3 sprouts 連帽浴巾小野豬 台灣授權代理商 <end>,private
<start> q3 locomotive boutique gjms adjustable rod grey 4th fighting bws r smax <end>,<start> q3機車精品 gjms 可調拉桿 灰 四代勁戰 bws r smax <end>,private
<start> green lake dtpa iron af027 20g water iron fertilizer <end>,<start> 台灣tbs翠湖dtpa鐵劑af027 20g水草鐵劑肥料 <end>,private
<start> new adata uv150 16gb usb 3.0 action dish black lifetime warranty <end>,<start> 全新 adata 威刚 uv150 16gb usb 3.0 行动碟 黑色 终身保固 <end>,private
<start> tassel solid thread moka one blue black df337 <end>,<start> 流蘇立體縫線莫卡辛鞋 藍黑色df337 <end>,private
<start> hold live pink girl 6 color eyeshadow palette <end>,<start> hold live玫瑰之戀炫彩六色眼影 水果妝西柚妝 裸裝煙熏色hl061 <end>,private
<start> hair flower phyto 7 hair cream 50ml <end>,<start> 髮朵 phyto 七號髮霜富山50ml <end>,private
<start> hater snapback velvet bucket hat burgundyroyal blue <end>,<start> hater snapback velvet bucket hat burgundyroyal blue <end>,private
<start> momus flocking puff face powder <end>,<start> momus 植絨粉撲蜜粉專用 <end>,private
<start> exid mobile phone shell sony x xa1 xa ultra xzs xz premium t3 t4 <end>,<start> exid手機殼sony x xa1 xa ultra xzs xz premium t3 t4 <end>,private
<start> dinosaur giant tooth bites super bluetooth kaohsiung ponzi cards kangagames <end>,<start> 恐龍 巨齒咬咬 super tooth 高雄龐奇桌遊 kangagames <end>,private
<start> marlmarl dolce dessert bib pink lace <end>,<start> marlmarl dolce 甜點圍兜粉紅蕾絲 <end>,private
<start> hot professional c with ingot 500 100 tablets bottle vitamin c <end>,<start> 303489溫士頓c 口含錠500 100錠瓶維生素c <end>,private
<start> perfect cut m10675 maple leaf loveteam letter casual short t <end>,<start> 完美剪裁m10675 楓葉loveteam字樣休閒短t <end>,private
<start> lakme hair mud 250ml <end>,<start> lakme 萊肯 髮泥250ml <end>,private
<start> contrast color tassel quarter socks 22100242 <end>,<start> 撞色流蘇四分短襪22100242 <end>,private
<start> 120x45x180cm light five paint white wave rack <end>,<start> 120x45x180cm輕型五層烤漆白波浪架 <end>,private
<start> the soothing dry itching cream 5ml <end>,<start> 雅漾 舒緩乾癢霜5ml <end>,private
<start> and traditional crystal sugar 600gx3 pack <end>,<start> 和吉 传统结晶 冰糖 600gx3包 <end>,private
<start> reeses away milan rose gold ball pen <end>,<start> 芮菲客米蘭玫瑰金鋼珠筆 <end>,private
<start> taiwan jns calcium reactor 2 tube x 1 long <end>,<start> 台灣jns鈣反應器第二反應管 x1 免運 <end>,private
<start> tsaio bearberry whitening exfoliating gel 100g <end>,<start> 上山採藥 熊果素美白去角質凝膠100g <end>,private
<start> the trend of the shop cloth tai chi noon short tee grey <end>,<start> 玉米潮流本舖 clot 太極正午線 短tee 灰色 <end>,private
<start> mig inventor tm 009a travel universal adapter pcs <end>,<start> mig明家 tm009a 旅行萬用轉接頭 個 <end>,private
<start> summer anti mosquito classical dome princess mosquito net <end>,<start> 夏日防蚊蟲古典圓頂公主蚊帳 <end>,private
<start> thailand doikham royal tomato dry 140g single cherry jewelry 24566 <end>,<start> 泰國 doikham 皇家 番茄乾 140g 單包櫻桃飾品 24566 <end>,private
<start> nike wmns nike air zoom pegasus 34 high running shoes women 880560001nike <end>,<start> nike 耐吉 wmns nike air zoom pegasus 34 高階慢跑鞋 女 880560001 <end>,private
<start> slippers cute big bowknot slippers elsa tsb8779 <end>,<start> 拖鞋 可愛大蝴蝶結百搭拖鞋3 艾爾莎tsb8779 <end>,private
<start> liyo casual printed tank top <end>,<start> liyo理優休閒印花坦克背心e722026 <end>,private
<start> karl lagerfeld fever theme cat hat black <end>,<start> karl lagerfeld 發燒話題 cat咪毛線帽黑色 <end>,private
<start> 2018 new winter moccasin lazy shoes white gray pink2018 <end>,<start> 2018秋冬新款 莫卡辛懒人鞋白色 粉色 灰色 1da57 <end>,private
<start> baby love baby softening lotion 12oz <end>,<start> baby love 嬰兒柔膚乳液12oz <end>,private
<start> human peace casual shoes doll shoes black womens shoes <end>,<start> human peace 休闲鞋 娃娃鞋 黑色 女鞋 no629 <end>,private
<start> chicken with case oppo r9 r9s r11 r11s plus f1 f1s a39 a57 a77 <end>,<start> 雞與牛手機殼oppo r9 r9s r11 r11s plus f1 f1s a39 a57 a77 a75 <end>,private
<start> fashion simple practical pillow 58 cushion sofa decor pillow bolster <end>,<start> 時尚簡約實用抱枕58 靠墊 沙發裝飾靠枕 <end>,private
<start> head gear slow iron hook easy pack fishing special accessories <end>,<start> 職人漁具慢速鐵板鉤 簡易包 釣魚專用配件 <end>,private
<start> german original imported online flower fairy multifunction set pen set 57917 set <end>,<start> 德國原裝進口 online 花仙子多功能套筆組 57917 組 <end>,private
<start> play it then beige phone case asus zd552kl zb551kl zb552kl zc554kl ze554kl <end>,<start> 姆明 亚美 噜噜米 手机壳 asus zd552kl zb551kl zb552kl zc554kl ze554kl <end>,private
<start> lamborghini aventador sv indonesia police car 1 64 play animal traffic play mat <end>,<start> lamborghini aventador sv 印度尼西亚警车 164玩达人交通玩具垫 <end>,private
<start> native jefferson cream head casual shoes lightweight shoes unisex 001006399native jefferson <end>,<start> native jefferson 奶油頭休閒鞋 輕便鞋 男女共用 001006399 <end>,private
<start> new balance 574 kl574skg women jogging suede mesh black lime <end>,<start> new balance 574 kl574skg 女款 慢跑鞋 麂皮 網布 黑白灰 <end>,private
<start> alfastar fashion wood inear earphone w412 <end>,<start> alfastar 時尚原木入耳式耳機 w412 <end>,private
<start> button tie flix mix from kaohsiung ponzi cards new swan castle <end>,<start> 钮钮相扣 flix mix 繁体中文版 高雄庞奇桌游 新天鹅堡 <end>,private
<start> three low protein formula 800g <end>,<start> 三多 低蛋白配方 800g <end>,private
<start> carnation slim butterfly type cotton night 14 pc <end>,<start> 康乃馨超薄蝶型棉夜用14片 <end>,private
<start> the human body conjoined twins dvd <end>,<start> 特異人體連體雙胞dvd <end>,private
<start> samsung note4 mirror quality material 360 degree allinclusive protective <end>,<start> samsung 三星 note4 鏡面手機殼 優質材質360度全包防護鋁合金框金屬邊框電鍍保護殼可當鏡子 <end>,private
<start> panelled pants net cool type l xl 12 1 pc x6 pack box <end>,<start> 安安 成褲淨爽型lxl號121片x6包箱 <end>,private
<start> cornell japan design nordic style dining table set 5 pcs set table chair ax4 cornell <end>,<start> cornell 日本設計北歐款餐桌組5件組餐桌餐椅ax4 <end>,private
<start> perfect cut p9015 line shape socks <end>,<start> 完美剪裁p9015 線條造型襪子 <end>,private
<start> viewsonic 24 inch full hd ergonomic led lcd screen <end>,<start> viewsonic优派 24吋 full hd 人体工学led液晶屏幕 vg2439smh <end>,private
<start> philips daily collection toast cutter hd2582 <end>,<start> 飛利浦 daily collection 烤麵包機 hd2582 <end>,private
<start> bubble life japan cb japan flow kitchen series glass chopping board <end>,<start> 泡泡生活 日本cb japan flow廚房系列玻璃杯砧板收納架 <end>,private
<start> american the enzyme tablets personal bottle 100 pcs bottle <end>,<start> 模美安纖維酵素錠個人瓶100顆瓶 <end>,private
<start> flashing girls baotou sandals children 21 25 <end>,<start> 閃燈女童包頭涼鞋小童2125 <end>,private
<start> extra natural sweet grape flavor 28g <end>,<start> extra無糖口香糖香甜葡萄口味28g <end>,private
<start> max hd 10dfl new stapler <end>,<start> maxhd10dflnew 釘書機 <end>,private
<start> nike lebron xiv low ep basketball shoes ao1756100 <end>,<start> nike 耐吉 lebron xv low ep 籃球鞋 ao1756100 <end>,private
<start> japan imported yohaku original series washi tape stripe pattern y 006 <end>,<start> 日本進口 yohaku 原創系列 和紙膠帶 條紋圖案 y006 <end>,private
<start> side backpack oblique backpack leather tote bag <end>,<start> 側背包 斜背包 真皮菱格包 qsf包包 <end>,private
<start> queenshop 01022815 mens gradient denim shirt s m l xl purchase <end>,<start> queenshop 01022815男裝 漸層牛仔襯衫 smlxl預購 <end>,private
<start> amiss a110 35 exclusive japanese classic size peach <end>,<start> amissa11035獨家日系經典大小桃心 <end>,private
<start> desk bay single 3x6 feet double sided cloth breathable mattress magic baby u2322 <end>,<start> 台灣製單人3x6尺雙面布透氣床墊 魔法babyu2322 <end>,private
<start> crystal ballshaun the sheephave a sweet day! <end>,<start> crystal ballshaun the sheephave a sweet day! <end>,private
<start> tops casual multi color polo shirt elsa tme5232 <end>,<start> 上衣 休閒多色系polo杉 艾爾莎tme5232 <end>,private
<start> pgs7 photo cover fuji sq can be sticky 10 pc scz7937 <end>,<start> pgs7 相片保護套富士 sq可黏款 10入scz7937 <end>,private
<start> apieu color lip pencil matt silk satin <end>,<start> apieu color lip pencil matt絲緞 <end>,private
<start> pilot card water marker card water 10 boxes 1 box 10 pcs <end>,<start> pilot 可換卡水白板筆卡水10盒1盒10支入 <end>,private
<start> tsaio grass balance shampoo 1000ml <end>,<start> tsaio上山採藥 蕺草均衡洗髮精1000ml <end>,private
<start> roger gallet spain citrus fragrance body lotion 200ml <end>,<start> roger gallet 西班牙柑橘香水身体乳液 200ml rng0420013 <end>,private
<start> sexy plaid styling casual business shirt <end>,<start> 經典流行特色格子造型百搭休閒商務襯衫w0180755651 <end>,private
<start> doma jojoba oil 200ml new packaging <end>,<start> 朵瑪 荷荷芭滋養油200ml新包裝 <end>,private
<start> germany staedlerms323sb10 triangular writing pen <end>,<start> 德國施德樓ms323sb10三角書寫彩繪筆 <end>,private
<start> big pocket trousers irregular loose denim long pants <end>,<start> 大口袋褲管不規則鬆緊牛仔長褲 <end>,private
<start> nine pants male loose feet pants mens pants yx042813 <end>,<start> 九分裤男宽松小脚休闲裤潮流男士裤子 yx042813 <end>,private
<start> hater snapback gunmetal logo beanie black <end>,<start> hater snapback gunmetal logo beanie black <end>,private
<start> roush stand collar open button design brush cap teee 715583 <end>,<start> roush 立領開釦設計刷毛帽teee 715583 <end>,private
<start> oppo a3 a75s a75 a73 a73s find x phone case mirror soft stand case <end>,<start> oppo a3 a75s a75 a73 a73s find x 手機殼 鏡面軟殼 鏡面氣囊支架殼 <end>,private
<start> 0 2 girls short sleeve home suit magic baby k50475 <end>,<start> 02歲寶寶短袖居家套裝 魔法babyk50475 <end>,private
<start> michael kors jet set travel scratch resistant leather button type long wallet <end>,<start> michael kors jet set travel 防刮皮革釦式長夾 <end>,private
<start> salvatore ferragamo free time extraordinary journey men edt syringe 1.5 ml <end>,<start> salvatore ferragamo free time 非凡之旅 男性淡香水 針管 1.5ml <end>,private
<start> chl np h7tof 907 a k 250 code wedding new house diy ribbon 11 colors <end>,<start> chl nph7tof907ak 250碼婚慶結婚新房用diy絲帶彩帶 11色可選 <end>,private
<start> cute cartoon samsung s6 edge s7 edge s8 a8 j7 parrot <end>,<start> 手機殼 可愛卡通 三星 s6 s6edge s7 s7edge s8 s8 a82016 j72016鸚鵡兄弟 <end>,private
<start> j ii double arrow little nylon backpack 6171j ii <end>,<start> j ii 雙箭頭小款尼龍後背包6171 <end>,private
<start> palmers palmers natural olive essence hair strong wash 400ml <end>,<start> palmers帕瑪氏 天然橄欖菁華髮根強健洗髮乳400ml <end>,private
<start> now promotion lamy star series 26 2 pen ef f m <end>,<start> 即日起促銷lamy恆星系列26銀黑鋼筆effm <end>,private
<start> native jefferson block crocs white men and women shoes 11100102 8559 no410 <end>,<start> native jefferson block 洞洞鞋 白色 男女鞋 111001028559 no410 <end>,private
<start> duel reflect painting war 60 anniversary picksjapan classic dvd <end>,<start> 戰記映畫戰後60周年精選日本海戰經典dvd <end>,private
<start> strong r8402d d 2 hole tube clip 12 enter box <end>,<start> 立強 r8402d d型二孔管夾 12個入 箱 <end>,private
<start> ao provence rose original essence 5ml. rose abs maroc. aqua oleum uk originalao <end>,<start> ao 普羅旺斯玫瑰原精 5mlrose abs marocaqua oleum 英國原裝 <end>,private
<start> attract fortune no. 2398 hallo 1y price organic cotton pcs <end>,<start> 徠福 no.2398 hallo 1y 標價機棉 個 <end>,private
<start> kikiko action professional sport swimming goggles blue <end>,<start> kikiko action 專業休閒運動泳鏡blue <end>,private
<start> korean e glips nini bear mirror b pc cherry jewelry 26593 <end>,<start> 韓國 eglips 妮妮熊鏡子 乙入櫻桃飾品26593 <end>,private
<start> baby shoes infant antislip prewalker magic baby g3072 <end>,<start> 寶寶鞋 嬰幼兒止滑學步鞋 魔法babyg3072 <end>,private
<start> iron maiden dvd korea arielwhite eagle <end>,<start> 鐵娘子dvd 韓湘琴白鷹 <end>,private
<start> the generation 6000 eco marker pcs <end>,<start> 利百代 6000 環保白板筆 支 <end>,private
<start> nillkin apple iphone 8 plus 5.5 inch magic case tpu case shockproof case <end>,<start> 強尼拍賣 nillkin apple iphone 8 plus 5.5吋 魔力套 tpu 防摔抗震 手機殼 手機套 <end>,private
<start> papago 368mini hd driving recorder <end>,<start> papago 368minihd行車記錄器 <end>,private
<start> qoopet multifunctional pet bag pink <end>,<start> qoopet多功能寵物背包粉 <end>,private
<start> star crown morocco hair care gold oil 50ml <end>,<start> 星之冠 摩洛哥護髮黃金果油 50ml <end>,private
<start> lunch bags poli bonny authorized genuine bags magic baby f0245 <end>,<start> 便當袋 poli波力授權正版提袋 魔法babyf0245 <end>,private
<start> jeans harem pants denim drawstring pants <end>,<start> 牛仔褲 男友褲 牛仔抽繩褲 <end>,private
<start> new balance 247 white retro casual shoes <end>,<start> new balance 247 全白色 袜套 复古休闲鞋 mrl247dd <end>,private
<start> imarflex 2 litres 304 stainless quick kettle ik20062 <end>,<start> imarflex 伊玛2公升304不锈钢快煮壶 ik2006 <end>,private
<start> magic baby children girls running shoes light sneakers sa68305 <end>,<start> 魔法baby 兒童慢跑鞋 中大童輕量運動鞋sa68305 <end>,private
<start> sign video surveillance 9x25cm s16083 <end>,<start> 指示牌錄影監視中 9x25cm s16083 <end>,private
<start> caran d ache ike flower heritage pen m tip 958.349 <end>,<start> caran dache艾可朵heritage鋼筆m尖958.349 <end>,private
<start> baby coat terry zipper casual coat jacket ug13220 good doll <end>,<start> 寶寶外套 毛圈拉鍊休閒外套夾克 ug13220 好娃娃 <end>,private
<start> ikea treasure japanese kitchen magnetic storage rack <end>,<start> 宜家寶 日式廚房磁吸收納架 <end>,private
<start> children hat t thick bristles very warm hooded tops magic baby k38781 <end>,<start> 兒童帽t 厚刷毛極保暖連帽上衣 魔法babyk38781 <end>,private
<start> bunty rose red stone mud handmade soap material pack <end>,<start> 芭蒂蘿絲紅石泥手工皂 材料包 <end>,private
<start> lovedo the only multi kids sport player 23 trend polo shirt navy <end>,<start> lovedo艾唯多童裝運動球員23號 潮流polo衫 深藍 <end>,private
<start> hole bow lazy running shoes peach 1ce28 <end>,<start> 洞洞蝴蝶結懶人慢跑鞋桃色1ce28 <end>,private
<start> coach new c logo carriage pvc zipper long wallet <end>,<start> coach 新款c logo 馬車pvc拉鍊長夾 <end>,private
<start> bubble life germany playmais play corn clay small box horse <end>,<start> 泡泡生活 德國playmais 玩玉米黏土小巧盒馬 <end>,private
<start> united states hello kitty happy cutlery set <end>,<start> 康是美 hello kitty 開心餐具組 <end>,private
<start> taiwan up yabai simple style disposable co2 system set a 163 <end>,<start> 台灣up雅柏簡易式拋棄式co2系統組 a163 <end>,private
<start> bonjouracc triangle felt ball 925 silver ear clip type <end>,<start> bonjouracc 三角毛毡球 925银针 夹式 针式 耳环 <end>,private
<start> diy cut bangs artifact <end>,<start> diy剪瀏海神器 <end>,private
<start> sony xperia z5z5 compactz5 premium tempered glass screen protector <end>,<start> blue power sony xperia z5z5 compactz5 premium 9h鋼化玻璃保護貼 <end>,private
<start> the tide outdoor breathable sun hat baseball cap bq273 <end>,<start> 叫阿潮户外透气遮阳帽子棒球帽子bq273 <end>,private
<start> simple english phone case htc e9 m8 m9 m10 u11 u ultra u11 u play <end>,<start> 簡約英文 手機殼 軟殼 htc e9 e9 m8 m9 m9 m10 u11 u ultra u11 u play <end>,private
<start> perfect cut korean stamp drawstring design comfortable casual shorts <end>,<start> 完美剪裁m55508 韓系嚴選印花抽繩設計舒適休閒短褲 <end>,private
<start> attract fortune no. 75 premium moxa indonesia pcs <end>,<start> 徠福 no.75 特選艾絨印泥 個 <end>,private
<start> kgh british style classic tote briefcase large pc 14 inch laptop 805rr3659kgh <end>,<start> kgh 英伦风经典手提公文包 可放入14吋笔电 805rr3659 <end>,private
<start> peas shoes star sewing loafers the efforts sandaru 1459517 46 <end>,<start> 豆豆鞋 星星車縫樂福鞋 山打努sandaru145951746 <end>,private
<start> licensed holl kitty square luggage barrel desktop trash can desk taiwan made <end>,<start> 授權holl kitty方型置物桶桌上型垃圾桶台灣製 <end>,private
<start> card popcorn happy party box <end>,<start> 卡滋爆米花歡樂派對箱 <end>,private
<start> perfect cut big face cat cushion pillow <end>,<start> 完美剪裁p9006大臉貓猫咪靠墊抱枕 <end>,private
<start> coated color cleaning pad sweet pink double size <end>,<start> 包覆式彩色保潔墊 舒心粉 雙人尺寸 <end>,private
<start> korean made. silk pattern size box earrings <end>,<start> 韩制丝纹大小方框耳环 <end>,private
<start> adidas originals superstar w white embroidered floral casual shoes <end>,<start> adidas originals superstar w 白色 刺绣 花卉 休闲鞋 b28014 <end>,private
<start> laikou sleep mask moisturizing sleep mask 120g sleep mask <end>,<start> 現貨 萊蔻睡眠面膜 保濕睡眠面膜 120g 睡眠面膜 睡前保養 <end>,private
<start> the fresh adult diapers m 16 pc watsons <end>,<start> 利清爽 成人紙尿褲 m 16片屈臣氏 <end>,private
<start> clean keep s45 120180 5 five bearing heavy duty wave rack <end>,<start> 潔保 s451201805 五層 承重型波浪架 <end>,private
<start> apple wood sand rose 6l <end>,<start> 蘋果木砂玫瑰6l <end>,private
<start> hdthe travelguilin dvd <end>,<start> 高畫質hd實境之旅桂林dvd <end>,private
<start> korean beauty johnson mise en it perfect base hair nutrition hair oil gold 100ml ur8d <end>,<start> 韓國美強生 mise en scene 完美基底髮根營養護髮油金色100mlur8d <end>,private
<start> mens linen trousers simple pants <end>,<start> 男士亞麻長褲簡約男褲 <end>,private
<start> rainbow rubber cup brush bottle brush mug brush cup brush <end>,<start> 彩虹橡膠杯刷 奶瓶刷 保溫杯刷 杯刷 sinf6695 <end>,private
<start> new balance 574 beige rose gold metal retro casual shoes <end>,<start> new balance 574 米色 玫瑰金 金属 复古休闲鞋 wl574fsa <end>,private
<start> miss. sugar embryolisse 24 hour magic moisturizer 75ml <end>,<start> miss.sugarembryolisse 24小時神奇保濕乳 75ml <end>,private
<start> temperament fresh practical hair band hair accessories hair hoop 311 <end>,<start> 時尚氣質清新實用髮帶 髮飾 髮箍311 <end>,private
<start> men running shoes lightweight sneakers magic baby sd8035 <end>,<start> 慢跑鞋 男款輕量運動鞋 魔法babysd8035 <end>,private
<start> karite paris shea honey almond moisturizing body milk 200ml <end>,<start> institut karite paris 巴黎乳油木 蜂蜜杏仁保濕美體乳 200ml <end>,private
<start> polarstar women sweat quick dry tshirt black p18102polarstar <end>,<start> polarstar 女 排汗快干t恤黑p18102 <end>,private
<start> transcend 163264 microsdhc class10 60mbs400x memory card <end>,<start> transcend 163264 microsdhc class10 60mbs400x記憶卡公司貨 <end>,private
<start> speed park schwalbe tubular gule tube tyres 180g <end>,<start> 速度公園 schwalbe tubular gule 管胎膠 180g <end>,private
<start> tree de a4 b209 desktop data cabinet 1 5202a4 b209 <end>,<start> 樹德 a4b209 桌上型資料櫃 15202a4b209 <end>,private
<start> kaiyi musicchristmas student choice series book 3 <end>,<start> kaiyi music聖誕節樂譜christmas student choice series book 3 <end>,private
<start> keyway rc 830 lily wide type anti slip chair replacement <end>,<start> keyway rc830 百合寬型止滑摺合椅 <end>,private
<start> thailand kabuki grilled seaweed roll 12 roll box <end>,<start> 泰國kabuki烤海苔卷 12卷一盒 <end>,private
<start> fashion simple practical pillow 109 cushion sofa decor pillow bolster <end>,<start> 時尚簡約實用抱枕109 靠墊 沙發裝飾靠枕 <end>,private
<start> a village mammy village postpartum tight pants m xl 56864 good doll <end>,<start> 六甲村 mammy village產後緊縮褲mxl 56864 好娃娃 <end>,private
<start> one way dry beef and vegetables 1.5 kgx6 pack box <end>,<start> 寶路 乾糧牛肉及蔬菜口味 1.5kgx6包箱 <end>,private
<start> the spring gf663m round 4 holes clip 12 enter box <end>,<start> 同春 gf663m 圓形4孔夾12個入 箱 <end>,private
REMOVED_SECRET<start> with silk, lip honey 1329ml <end>REMOVED_SECRET,<start> 艾森絲歐若拉唇蜜 1329ml <end>,private
<start> asics arthurs gel nimbus 18 lite show top running shoes men t60xq5338 big o sportsasics <end>,<start> asics 亞瑟士 gelnimbus 18 liteshow 頂級慢跑鞋 男 t60xq5338 bigo sports <end>,private
<start> nekopara phone case for asus zenfone 4 3 2 deluxe ultra zoom laser selfie go <end>,<start> nekopara手機殼華碩zenfone 4 3 2 deluxe ultra zoom laser selfie go <end>,private
<start> korean personality heather chunky bracelet small puzi b11051 <end>,<start> 韓國個性麻花寬邊手鐲 small puzi b11051 <end>,private
<start> puku blue penguin thumb type newborn pacifier 10305 good doll <end>,<start> 藍色企鵝puku 姆指型初生安撫奶嘴10305 好娃娃 <end>,private
<start> soto camping lamp wick st2101 <end>,<start> soto 露營燈燈芯st2101 <end>,private
<start> home shortsheather grey 93007 <end>,<start> 居家短褲麻花灰93007 <end>,private
<start> black stripe cloth set 8891 <end>,<start> 黑現貨 條紋花布套裝 8891 <end>,private
<start> new balance tier 3 retro shoes w530pra big o sports <end>,<start> new balance 紐巴倫 tier 3 復古鞋 女 w530pra bigo sports <end>,private
<start> new fashion cute baby embroidery dress <end>,<start> 新品時尚可愛寶寶繡花連衣裙 洋裝 <end>,private
<start> nike cheyenne 3.0 premium sport backpack ba5265011 big o sports <end>,<start> nike 耐吉 cheyenne 3.0 premium 運動後背包 ba5265011 bigo sports <end>,private
<start> adisi heat enhanced brass head camp as16104 urban adisi <end>,<start> adisi 热处理强化铜头营槌 as16104 城市绿洲 <end>,private
<start> kimo outdoor casual shoes black shoes no544kimo <end>,<start> kimo 戶外休閒鞋 黑色 女鞋 no544 <end>,private
<start> for honor 19mm smile long tail clip bc070 24 pc box <end>,<start> 展榮 19mm微笑長尾夾 bc070 24入 筒 <end>,private
<start> yogurt 0 zero salmon sensitive formula 14lb full age litter <end>,<start> 優格 0零穀 鮭魚 敏感配方 14lb 全年齡貓用 <end>,private
<start> sentinel dog baking chicken meat roll 170g paul pet products <end>,<start> 御天犬烘烤雞腿肉捲170g寶羅寵品 <end>,private
<start> wood ear sweet lace chiffon tops 1709075 <end>,<start> 木耳邊甜美系帶雪紡上衣1709075 <end>,private
<start> lipstick 3.5g applestrawberrylemongrape <end>,<start> 曼秀雷敦脣膏3.5g青蘋果草莓檸檬葡萄 <end>,private
<start> longchamp folding short the leather nylon dumplings bag handbaggrey <end>,<start> longchamp 摺疊短提把 真皮 尼龍 水餃包 手提包 小包 女包 小灰 <end>,private
<start> pooh tea time cartoon sleeping bag combed cotton desk bay disney <end>,<start> 維尼 午茶時光 卡通睡袋 精梳棉 台灣製 迪士尼 <end>,private
<start> usa fat cat grass toy <end>,<start> 美國fat cat貓草玩具 <end>,private
<start> st30039 waterproof decor big sticker 0508 <end>,<start> 珠友 st30039 防水装饰大贴纸0508 <end>,private
<start> salvatore ferragamo fashion styling round face sunglasses <end>,<start> salvatore ferragamo 時尚造型圓面太陽眼鏡 <end>,private
<start> tod s tod s single knot leather ballet flats <end>,<start> tods tods 單結飾小牛皮芭蕾平底鞋 <end>,private
<start> shy by sydney evan wish bone sterling silver plated k gold necklace <end>,<start> shy by sydney evan wishbone 許願骨 鑲鑽純銀鍍k金項鍊 <end>,private
<start> haruhi the melancholy episode02 limited edition dvdstorage box <end>,<start> 涼宮春日的憂鬱episode02 限定版dvd收藏盒 <end>,private
<start> xiaomia1mix2splus fashion marble crystal shell glass shell millet phone <end>,<start> 小米a1mix2splus 時尚大理石紋水晶殼玻璃殼 小米手機殼 <end>,private
<start> oversized storage net bag 20 8cm mesh debris storage ae10120 <end>,<start> 超大號儲物網兜 208cm 網狀雜物收納ae10120 <end>,private
<start> dot focus adidas essentials chest logo square box gray blue hooded men b45729 <end>,<start> dot聚點 adidas essentials chest logo 方形 方塊 灰藍 連帽 帽t 男款 b45729 <end>,private
<start> tinker bells us rico s soprano saxophone bamboo soprano 25 pcs <end>,<start> 小叮噹的店 美國 rico ris 高音 薩克斯風竹片 soprano 25片裝 <end>,private
<start> phone case for samsung s8j7s6 edge s7 edge j3 pro j52016 <end>,<start> 煎蛋 零食 手机壳三星 s8 s8 j7 s6 s6 edge s7 s7 edge j3 pro j52016 <end>,private
<start> eaa 007 star wars light at imperial desert soldier the beast <end>,<start> eaa007 星際大戰 曙光乍現 帝國沙漠兵野獸國 <end>,private
<start> minimalist clear light free stacking three grid drawer 3 pc <end>,<start> 極簡澈亮可自由堆疊三格抽屜3入 <end>,private
<start> space diy drawer separator super simple super convenient storage organizer <end>,<start> 空間diy抽屜隔板 超簡單超方便收納管理 <end>,private
<start> gymboree us kids baby hat bear 0 3m 3 6m 6 12m <end>,<start> gymboree 美國童裝 嬰兒帽 毛線帽 熊熊 03m 36m 612m <end>,private
<start> korean bean x disney mascara 7g disney joint minnie mascara curling thick eye <end>,<start> 韓國 the saem x disney 睫毛膏 7g 迪士尼聯名 米妮睫毛膏 睫毛膏 捲翹 濃密 眼妝 美妝 <end>,private
<start> augelute kids set home forest belly short sleeve set <end>,<start> augelute 兒童 套裝 居家森林護肚短袖套裝 31152 <end>,private
<start> lace thin crochet shorts 2 colors f m058527 <end>,<start> 花邊顯瘦可內搭短褲2色 f m058527 <end>,private
<start> mizuno wave inspire men running shoes j1gc164503 big o sports <end>,<start> mizuno 美津濃 wave inspire 慢跑鞋 男 j1gc164503 bigo sports <end>,private
<start> urban the series circuit pattern rose gold ballpoint pen <end>,<start> 派克 parker urban 都會系列 電路紋 玫瑰金 原子筆 p0949140 <end>,private
<start> adh2990 adidas wild burst silicone watch black red <end>,<start> adh2990 adidas 野生戰隊矽膠電子錶黑面紅 <end>,private
<start> perfect cut m50305 hit color lovers casual baseball coat <end>,<start> 完美剪裁m50305 撞色情侶款休閒棒球外套 <end>,private
<start> temperament fresh practical hair band hair accessories hair hoop 306 <end>,<start> 時尚氣質清新實用髮帶 髮飾 髮箍306 <end>,private
<start> ahc fairy water travel three set <end>,<start> ahc 神仙水中樣旅行三件組 <end>,private
<start> ifairies zircon tassel earrings 33531 <end>,<start> ifairies 鋯石流蘇耳環33531 <end>,private
<start> the girl of canvas shoes student casual shoes <end>,<start> 小蘿莉帆布鞋布鞋學生休閒板鞋 <end>,private
<start> newton s6 adult dogs chicken pumpkin 2.72 kg paul pet products <end>,<start> 紐頓 s6成犬 雞肉南瓜 2.72kg寶羅寵品 <end>,private
<start> olfa dkb 5 economical 30 degree workpiece knife blade 50 pc box <end>,<start> olfa dkb5 經濟型30度細工刀刀片 50片 盒 <end>,private
<start> artex give me a hand shape pen holder light silver no pen <end>,<start> artex give me a hand手形筆座 亮銀不含筆 <end>,private
<start> elle on sold alone classic metal logo twill shoulder bag <end>,<start> elle 限量獨賣款經典金屬logo斜紋肩背包 <end>,private
<start> oppo vooc mini new flash power adapter ak779 green box <end>,<start> oppo vooc mini 新款 原廠閃充電源適配器ak779 環保紙盒裝 mr03ak779w1 <end>,private
<start> value 2 pack deodorant stuff insecticide camphor wood stick 10 pcs af07047 2 <end>,<start> 超值2包 除味驅蟲防霉樟木棒10支入af070472 <end>,private
<start> ista izmir 4 the mesh head 2pcs <end>,<start> ista 伊士達 4分濾網頭 2pcs <end>,private
<start> late smell no add pure tuna loose 130g <end>,<start> 旬之味無添加純鮪魚鬆130g <end>,private
<start> agn è s b. ab heart ordinary wind cosmetic bag small <end>,<start> agnès b. ab heart普普風化妝包小 <end>,private
<start> at ink topmore stone dual usb car charger 3.1 a <end>,<start> 達墨topmore stone 雙usb車用充電器 3.1a <end>,private
<start> pentel dragon zeh 20 standard eraser 12pcs box <end>,<start> pentel飛龍zeh20 標準型橡皮擦 12個盒 <end>,private
<start> jansen natural aroma handmade ink tulip crimson 2108 reservationjansen <end>,<start> jansen天然香氣手工墨水鬱金香深紅色2108需預定 <end>,private
<start> hario black vacuum insulation pot 02 vhs 60b <end>,<start> hario黑色真空02保溫壺 vhs60b <end>,private
<start> twice phone case for asus zenfone 4 3 2 deluxe ultra max zoom laser selfie <end>,<start> twice手機殼華碩zenfone 4 3 2 deluxe ultra max zoom laser selfie <end>,private
<start> htc phone shell cartoon alice for 530 626 728 825 826 828 830 a9 x9 eye e9 <end>,<start> htc 手機殼 卡通 愛麗絲 適用於 530 626 728 825 826 828 830 a9 x9 eye e9 <end>,private
<start> polarstar flower bud automatic inflatable pillow triangle p17737 <end>,<start> polarstar花漾自動充氣枕三角p17737 <end>,private
<start> colorful comfortable cotton plain polo blouse purple <end>,<start> 多彩舒適棉素面百搭大尺碼polo短衫薰衣紫 <end>,private
<start> mr building ms52850 progressive rubber pen pcs <end>,<start> 施德樓 ms52850 漸進式橡皮筆 支 <end>,private
<start> de oracle the oracle of delphi from kaohsiung ponzi cards new swan castle <end>,<start> 德爾斐神諭 the oracle of delphi 繁體中文版 高雄龐奇桌遊 新天鵝堡 <end>,private
<start> personality print phone case htc one me 820 830 826 816 628 626 728 a9 x9 <end>,<start> 個性印花手機殼htc one me 820 830 826 816 628 626 728 a9 x9 <end>,private
<start> amiss c202 45 personality totem key tattoo tights peach flowers cat <end>,<start> amissc20245 個性圖騰刺青褲襪桃心小花貓 <end>,private
<start> mens shoes sports shoes shoes running shoes air cushion shoes <end>,<start> 男鞋運動鞋男休閒鞋跑步鞋氣墊鞋子 <end>,private
<start> crystal music series crystal music 6 cd purchase tide 8 <end>,<start> 水晶音樂系列 水晶音樂版 6 cd 購潮8 <end>,private
<start> nivea fruit color care lipstick peach watermelon 4.8 g <end>,<start> 妮維雅 果漾潤彩護唇膏水蜜桃西瓜4.8g <end>,private
<start> girls summer dress magic baby k50319 <end>,<start> 女童裝 夏季洋裝 魔法babyk50319 <end>,private
<start> coach horse carriage logo leather flip long wallet <end>,<start> coach 馬車 logo 皮革翻蓋長夾 <end>,private
<start> long card nuts easy pack triangle stereo package series <end>,<start> 萬歲牌 堅果隨手包三角立體裝系列 <end>,private
<start> nike equilibrium modern tempo sports running shorts 723945010 big o sports <end>,<start> nike 耐吉 equilibrium modern tempo 運動路跑短褲 女 723945010 bigo sports <end>,private
<start> boots snow boots the fur warm black shoes b6217 no332 <end>,<start> 靴子 雪靴 內鋪毛 保暖 黑色 女鞋 b6217 no332 <end>,private
<start> medical grade manuka 15 elixir of major cream 50g <end>,<start> 藥級麥盧卡15極效霜 50g <end>,private
<start> new 82 organic essence natural lip vitality grapefruit 6g boxed <end>,<start> 特惠82折 organic essence 天然護唇膏 元氣葡萄柚6g盒裝 <end>,private
<start> indexes porter popular coin pack nzp4 g color s <end>,<start> 日標porter人氣零錢包nzp4柒彩年代 <end>,private
<start> poli bonny rescue hero robocar sandals blue cases no595 <end>,<start> poli 波力 救援小英雄 robocar 涼鞋 藍色 中童 no595 <end>,private
<start> a canteen mall yilibalo natural color hair <end>,<start> 豐食堂商城憶麗貝蘿 yilibalo 自然色彩 染髮霜 <end>,private
<start> ifairies large size dress 45074 <end>,<start> ifairies 中大尺碼洋裝 連身裙45074 <end>,private
<start> truvii classic black teak wood handle enamel cup 400ml <end>,<start> truvii 經典黑柚木柄琺瑯杯 400ml <end>,private
<start> morino to microfiber towel value 2 pcs set mo725 <end>,<start> morino摩力諾超細纖維大毛巾超值2件組mo725 <end>,private
<start> toddler set 0 3 years baby sleeveless set magic baby k50409 <end>,<start> 幼兒套裝 03歲寶寶無袖套裝 魔法babyk50409 <end>,private
<start> sherlock holmesfour signature dvd <end>,<start> 福爾摩斯四個簽名dvd <end>,private
<start> cartoon pokemon ze520kl ze552kl ze553kl zc553kl zc554kl ze550kl <end>,<start> 卡通 手機殼 口袋妖怪 ze520kl ze552kl ze553kl zc553kl zc554kl ze550kl <end>,private
<start> unix curly hair ball 38mm cherry blossom powder pw5381tw <end>,<start> unix卷髮球38mm櫻花粉pw5381tw <end>,private
<start> the future diary case sony x xa1 xa ultra xzs xz xzp x1 xz1 compact z5 z3 <end>,<start> 未來日記手機殼sony x xa1 xa ultra xzs xz xzp x1 xz1 compact z5 z3 <end>,private
<start> japan original rabuadabudabu sound <end>,<start> 日本原裝rabuadabudabu響板 <end>,private
<start> love tyrant phone shell sony z2 z3 z5 compact m4 m5 c4 c5 premium case <end>,<start> 戀愛暴君手機殼sony z2 z3 z5 compact m4 m5 c4 c5 premium手機殼 <end>,private
<start> canada 3 sprouts storage box rabbit taiwan authorized distributor <end>,<start> 加拿大 3 sprouts 收納箱兔子 台灣授權代理商 <end>,private
<start> korea tassel candy color straw thick bag shoes <end>,<start> 韓流蘇糖果撞色草編厚底包鞋14420223 <end>,private
<start> basecamp dustproof windproof mask <end>,<start> 貝斯卡 面罩防塵防風面罩 <end>,private
<start> v word hole cotton coat <end>,<start> v字挖洞純棉上衣 <end>,private
<start> the 100 the stars dvd <end>,<start> 世界百大發現天文星象dvd <end>,private
<start> white gold multipurpose series transplant owl pen mb 3000 <end>,<start> 白金牌多用途系列蒔繪貓頭鷹三用筆mb3000 <end>,private
<start> dot focus adidas bp power iii l backpack school bag hanging black three <end>,<start> dot聚點 adidas bp power iii l training 後背包 書包 掛勾 黑色 三條線 ay5101 <end>,private
<start> indexes porter free style key coin pack nzp10 g color s <end>,<start> 日標porter free style鑰匙零錢包nzp10柒彩年代 <end>,private
<start> acorn acorn korean college wind cross buckle back backpack 6417 black <end>,<start> acorn橡果韓風學院風十字扣後背包6417黑色 <end>,private
<start> seeberger love del chocolate integrated nuts 150g pack <end>,<start> seeberger喜德堡巧克力综合坚果150g包 <end>,private
<start> dr.wu hyaluronic acid serum 35ml <end>,<start> dr.wu玻尿酸保濕精華液35ml <end>,private
<start> jelly tube jelly grip rope low mid <end>,<start> jelly tube 果凍握力繩 弱中強 <end>,private
<start> samsung cartoon unicorn note2 note3 note4 note5 note8 a8 2018 a8 <end>,<start> 三星 卡通 手機殼 獨角獸 note2 note3 note4 note5 note8 a82018 a8 2016 <end>,private
<start> handmade low sugar cream puff box 16 pc <end>,<start> 手工低醣奶油酥餅盒16片 <end>,private
<start> fujifilm polaroid camera mini9 mini 9 whiteredgreenblue greenblue purple <end>,<start> 富士 拍立得 相機 mini9 mini 9 白 紅 綠 淺藍綠 藍紫 <end>,private
<start> mr building ms526b30 eraser pcs <end>,<start> 施德樓 ms526b30 橡皮擦 個 <end>,private
<start> taiwan azoo love ethnic sea integrated poster az90174 sea integrated poster <end>,<start> 台灣azoo愛族 海水魚綜合海報 az90174 海水魚綜合海報 <end>,private
<start> tennis badminton socks antibacterial cotton anti odor taiwan smile label m size <end>,<start> 網球 羽球襪 抗菌 純棉 抗臭 台灣微笑標章 m size <end>,private
<start> tree de sc multifunctional locker scm3 3m6s <end>,<start> 樹德 sc多功能置物櫃scm33m6s <end>,private
<start> lancome super tight 5d space massage cream 75ml testerlancome <end>,<start> lancome蘭蔻 超緊顏5d太空按摩霜75ml tester <end>,private
<start> buy 2 get 4 kailash khadi luxury herbal handmade soap honey <end>,<start> 買 2 送 4 活動見詳情kailash khadi 豪華草本手工皂 草本蜂蜜 125g <end>,private
<start> ifairies shoulder messenger bag shoulder bag 49146 <end>,<start> ifairies 單肩斜背包側背包肩背包49146 <end>,private
<start> all stussy world tour crew bristles inside of cotton tee grey 1913753 <end>,<start> allstussy world tour crew 刷毛內裡 棉t 灰色 1913753 <end>,private
<start> sea of spa wild orchid flower with almond milk exfoliating shower gel <end>,<start> sea of spa 死海野蘭花與杏仁牛奶去角質沐浴露 <end>,private
<start> goospery apple iphone 7 8 plus pudding case soft cover <end>,<start> 強尼拍賣 goospery apple iphone 78 plus 布丁套 軟套 保護套 保護殼 <end>,private
<start> phyto hair flower plant shampoo 100ml 200ml paris d <end>,<start> phyto 髮朵 植物洗髮精100ml 200ml巴黎丁 <end>,private
REMOVED_SECRET<start> backpack cloth, color english backpack joanna shop <end>REMOVED_SECRET,<start> 後背包 布爾文彩色英文後背包joanna shop <end>,private
<start> ao orange flower water 100ml. neroli water. aqua oleum ao <end>,<start> ao 橙花花水 100mlneroli wateraqua oleum 英國原裝 <end>,private
<start> small fresh two piece bikini <end>,<start> 現貨 小清新 兩件式比基尼 <end>,private
<start> a807 stainless steel l shape sign holder 81x61x119cm s1 57010807 <end>,<start> a807 不銹鋼l型標示架81x61x119cm s157010807 <end>,private
<start> japan edison toddler learning spoon fork set purplepink with storage box <end>,<start> 日本 edison 幼兒學習湯匙叉子組紫粉附收納盒 <end>,private
<start> summer fresh leaves phone case asus zb551kl zc554kl ze554kl ze520kl case <end>,<start> 夏日清新葉子 手機殼 asus zb551kl zb552kl zc554kl ze554kl ze520kl 保護殼 <end>,private
<start> haba whitening houndfish pure liquid 15ml <end>,<start> haba 美白角鯊精純液15ml <end>,private
<start> puma casual tops long dress casual tops <end>,<start> 強登puma 休閒上衣 長版上衣 連衣裙 休閒上衣 57770901 <end>,private
<start> neotec hyaluronic acid efficient skin hydrogel film 30ml 10 pc box <end>,<start> neotec玻尿酸高效潤膚水凝膜30ml 10片盒 <end>,private
<start> eyup sabri tuncer mini edt amber and rose 16ml turkish designated brand <end>,<start> eyup sabri tuncer迷你淡香水琥珀與玫瑰16ml 土耳其航空指定品牌 <end>,private
<start> white coffee shop mellow cappuccino white coffee box 5 pc <end>,<start> 白咖啡坊香醇 卡布奇诺白咖啡盒装5入 <end>,private
<start> weinashi vnice v 2608 strongly recommend solid knife shredder desk <end>,<start> 維娜斯 vnice v2608 強力推薦實體刀碎紙機 台 <end>,private
<start> am 7072zr floral bottle <end>,<start> am7072zr 花藝瓶 <end>,private
<start> straps english padded sports vest <end>,<start> 肩帶英文襯墊運動背心 <end>,private
<start> tinker bells taiwan jts fgm 170t carbon 170cm floor microphone <end>,<start> 小叮噹的店 台灣 jts fgm170t carbon 170cm 落地式麥克風 <end>,private
<start> pet space pack pet capsule pack capsule pet backpack pet pack <end>,<start> 正品 現貨 寵物太空包 寵物太空艙包 太空艙寵物背包 寵物硬殼包 寵物外出包 <end>,private
<start> simple fresh case for asus ze520kl ze552kl ze553kl zs550kl zs570kl zd551kl <end>,<start> 簡約清新 手機殼 華碩 ze520kl ze552kl ze553kl zs550kl zs570kl zd551kl <end>,private
<start> us nasa east f40 premium automobile racing engine level oil essence 15 pg city <end>,<start> us nasa east f40 高級汽機車 競技級引擎機油精 15瓶 pg city <end>,private
<start> paris laya perfect white and 100ml watsons <end>,<start> 巴黎萊雅完美淨白淨白潔面露100ml屈臣氏 <end>,private
<start> japan shells printed led magnifier nails kikq0334 pcs <end>,<start> 日本貝印 led放大鏡指甲剪kikq0334 支 <end>,private
<start> minnie biore net tender cream net light glazed 1000ml oshima camellia hong <end>,<start> 蜜妮 biore淨嫩沐浴乳 淨亮光澤型1000ml 大島山茶花香 <end>,private
<start> htc a9s x10 desire 10 pro evo u play x9 desire 728 phone shell <end>,<start> htc a9s x10 desire 10 pro evo u play x9 desire 728 手機殼 天鵝流蘇 <end>,private
<start> german original imported online night touch pen 26009 red pcs <end>,<start> 德國原裝進口 online 超時空觸控鋼筆 26009 寶石紅 f 支 <end>,private
<start> coghlans canada 0044 finger compass thermometer whistle <end>,<start> coghlans 加拿大 coghlans 0044 指北針 溫度計 哨子 <end>,private
<start> japan holbein heavy body 18 colors acrylic paint 20cc au993 <end>,<start> 日本 holbein heavy body 18色壓克力顏料 20cc au993 <end>,private
<start> adidas run sho m sport jogging shorts ai3295 big o sports <end>,<start> adidas 愛迪達 run sho m 運動慢跑短褲 男 ai3295 bigo sports <end>,private
<start> flavor love pheromones fragrances wild odor <end>,<start> flavor love費洛蒙香芬野性騷味 <end>,private
<start> the shu min repair moisturizing essence milk 2 pc set <end>,<start> 雅漾舒敏修護保濕精華乳二入組 <end>,private
<start> creative iphone8 iphone7 plus i7 i8 mobile phone lanyard all fall ph01215 <end>,<start> 創意 iphone8 iphone7 plus i7 i8 手機殼 掛繩 全包防摔 ph01215 <end>,private
<start> hario tca filter f 103s tca <end>,<start> hariotca濾器 f103s <end>,private
<start> polarstar windproof warm jacket blue green <end>,<start> polarstar 中性 防風保暖外套藍綠 p18219 <end>,private
<start> tory burch cute navy wind anchor totem straw loafers <end>,<start> tory burch 可愛海軍風船錨圖騰草編樂福鞋 <end>,private
<start> kose sekkisei love sea 5 pcs set <end>,<start> 高絲 kose 雪肌精 珍愛海洋5件組 <end>,private
<start> hello kitty note5 a5 a7 2016 case cover <end>,<start> hello kitty note5 a5 a7 2016 手機殼軟殼 <end>,private
<start> apple iphone x iphone8 plus iphone7 plus i6s plus cherry blossom series soft <end>,<start> 蘋果 iphonex iphone8 plus iphone7 plus i6s plus 櫻花系列 軟殼 手機殼 <end>,private
<start> moschino small pink fresh women edt 50ml 86 small shop recommend <end>,<start> moschino 小粉紅清新女性淡香水50ml 86小舖 <end>,private
<start> pet case oppo r9 r9s r11 r11s plus f1 f1s a39 a57 a77 <end>,<start> 寵物當家手機殼oppo r9 r9s r11 r11s plus f1 f1s a39 a57 a77 <end>,private
<start> sunshine and like pineapple enzyme natto x4 packs <end>,<start> 陽光康喜 鳳梨酵素納豆x4盒 <end>,private
<start> cat coin pack cute coin pack headset storage box horse mouth coin pack <end>,<start> 貓咪零錢包 可愛零錢包 零錢包 耳機收納盒 馬口零錢包 <end>,private
<start> airwalk slippers waterproof shoes pink peach child shoes <end>,<start> airwalk 拖鞋 勃肯鞋 防水 童鞋 桃红色 中童 137a014223 no009 <end>,private
<start> pentel k600 metal ball pen <end>,<start> pentel k600金屬鋼珠筆 <end>,private
<start> the struggle rival kings from kaohsiung ponzi multi fun cards <end>,<start> 皇位紛爭 rival kings 繁體中文版 高雄龐奇桌遊 多樂 <end>,private
<start> success 21333 japanese color magnet 3cm 12 card box <end>,<start> 成功 21333 日式彩色磁鐵 3cm 12卡盒 <end>,private
<start> tinker bells fjh2051 the of success piano this primary cd <end>,<start> 小叮噹的店 fjh2051 美啟思成功鋼琴教本初級cd <end>,private
<start> breathable canvas harajuku thick bottom increased pink shoes <end>,<start> 透氣帆布鞋原宿厚底運動增高粉色板鞋 <end>,private
<start> fujitsu f500 256gb ssd <end>,<start> fujitsu f500256gb 固態硬碟 <end>,private
<start> live life the dvd <end>,<start> 活人生祭dvd <end>,private
<start> sexy side cardigan two type sleep shirt powder sweet heart ab03549 <end>,<start> 情趣側開襟二件式睡襯衣 粉 甜蜜情懷ab03549 <end>,private
<start> disney sweet sour plain leather strap casual shoes green <end>,<start> disney 甜蜜爆棚素色皮質綁帶休閒鞋 綠色 <end>,private
<start> new disney ear set dot narikiri baby doll disney <end>,<start> 新迪斯尼 耳套點narikiri baby doll迪斯尼 <end>,private
<start> karite paris shea rose queen moisturizing hand cream 75ml <end>,<start> institut karite paris 巴黎乳油木 玫瑰皇后滋潤保濕護手霜 75ml <end>,private
<start> chloe croatian small double atmosphere ribbon on gift name rose heart essence 20ml ur8d <end>,<start> chloe克羅埃 小小雙氛緞帶限量禮盒同名玫瑰之心香精20mlur8d <end>,private
<start> mr.bubble phone case sony x xa1 xa ultra xzs xz xzp x1 xz1 compact z5 z3 <end>,<start> 泡泡先生手機殼sony x xa1 xa ultra xzs xz xzp x1 xz1 compact z5 z3 <end>,private
<start> modern character series ii dvd <end>,<start> 近代歷史人物系列第二輯dvd <end>,private
<start> r1 nylon simple shoe covers <end>,<start> r1尼龙简便型鞋套 <end>,private
<start> ifairies earrings 46207 <end>,<start> ifairies 耳環46207 <end>,private
<start> sw120 on sale penetration sexy faux stockings straight vine <end>,<start> sw120限量促銷透膚感造型絲襪直條藤蔓 <end>,private
<start> ifairies thick bottom sandals 48920 <end>,<start> ifairies 厚底涼鞋48920 <end>,private
<start> back home orange pc 200g <end>,<start> 元氣家 香橙片200g <end>,private
<start> erotic comics teacher mi redmi note 4x 6 2 3 4 5 4i 5s plus <end>,<start> 情色漫畫老師手機殼小米機紅米機note 4x 6 2 3 4 5 4i 5s plus <end>,private
<start> garmma iphone 7 hello kitty transparent protective cover shell naughty <end>,<start> garmma iphone 7 hello kitty 透明保護軟殼 淘氣款 <end>,private
<start> story learning machine story t <end>,<start> sofertic爱倪羊故事语言学习机故事机 t <end>,private
<start> polka dots lotus leaf word short tops <end>,<start> 點點荷葉一字領短上衣 <end>,private
<start> irma l c firming cream 50g original price 4500 <end>,<start> 歐瑪左旋c 緊緻面霜50g 原價4500元 <end>,private
<start> ifairies hat back slit bow straw hat sun hat 44216 <end>,<start> ifairies 遮陽帽 後開衩蝴蝶結草帽防曬帽子44216 <end>,private
<start> japan pilot tupper pen fco 3sr <end>,<start> 日本 pilot 百樂鋼筆 fco3sr <end>,private
<start> keith pure titanium children spoon fork titanium tableware <end>,<start> keith純鈦 ti5312兒童湯匙叉子鈦餐具 <end>,private
<start> adidas d rose englewood iv td basketball shoes men s85564adidas <end>,<start> adidas 愛迪達 d rose englewood iv td 籃球鞋 男 s85564 <end>,private
<start> quick drying ab glue 15g qs1 40g qs2 <end>,<start> 快乾型 ab膠 15gqs140gqs2 <end>,private
<start> dieter army 3c wow ozaki cs3150r 3.1 wave hifi surround ww440 wr325 <end>,<start> 迪特軍3cwow ozaki cs3150r 3.1風潮機 hifi 環繞喇叭 另有 ww440 wr325 <end>,private
<start> lancome muscle for revitalizes eye essence 15ml testerlancome <end>,<start> lancome蘭蔻 肌因賦活眼部精粹15ml tester <end>,private
<start> notebook backpack computer bag 15.6 inch 14 inch waterproof antitheft backpack <end>,<start> 筆記本雙肩電腦包15.6寸14寸防水防盜背包雙肩包 <end>,private
<start> caco stripe sweater women nch061 caco <end>,<start> caco條紋針織衫女nch061 <end>,private
<start> life accessories variety 120x35 cm layers mesh special pp plastic plate <end>,<start> 限加購配件類120x35公分 層網專用pp塑膠墊板 <end>,private
<start> michael kors jet set scratch resistant leather phone clutch bag <end>,<start> michael kors jet set 防刮皮革手機手拿包 <end>,private
<start> apollo excellent e century electronic safe smart 300bld <end>,<start> 阿波羅 excellent e世紀電子保險箱智慧型300bld <end>,private
REMOVED_SECRET<start> spot tide brand model, brush necking pants fs319 <end>REMOVED_SECRET,REMOVED_SECRET<start> 現貨潮牌版型,刷毛縮口褲 fs319 <end>REMOVED_SECRET,private
<start> make up ever tote bag 37x7.5 x39cm <end>,<start> make up for ever 手提袋37x7.5x39cm <end>,private
<start> men hiking shoes waterproof outdoor hiking shoes magic baby sa73503 <end>,<start> 男登山鞋 防水戶外登山鞋 魔法babysa73503 <end>,private
<start> american kid o traffic series puff car blue <end>,<start> 美國 kid o 交通系列噗噗車藍 <end>,private
<start> pacific rim phone case oppo r9 r9s r11 r11s plus f1 f1s a39 a57 a77 <end>,<start> 環太平洋手機殼oppo r9 r9s r11 r11s plus f1 f1s a39 a57 a77 <end>,private
<start> love in love with you dvd <end>,<start> 愛呀愛上你dvd <end>,private
<start> logitech c922 pro stream webcam <end>,<start> 羅技 c922 pro stream 網路攝影機 <end>,private
<start> 70x45x180 cm 4 layer rack black style <end>,<start> 70x45x180公分 四層架黑色時尚風 <end>,private
<start> korea. sexy personality trend wild baskets empty top m022053 <end>,<start> 韓性感個性潮流百搭簍空上衣m022053 <end>,private
<start> fashion simple practical pillow 101 cushion sofa decor pillow bolster <end>,<start> 時尚簡約實用抱枕101 靠墊 沙發裝飾靠枕 <end>,private
<start> clean keep km 203 breathable leather chair sheets <end>,<start> 潔保 km203 透氣皮椅 張 <end>,private
<start> japan kitta portable sticker seal series fat animals <end>,<start> 日本 kitta 攜帶型貼紙 seal系列 胖胖動物 <end>,private
<start> babyeo2 pc baby silicone bib 5 options <end>,<start> babyeo任選2入 小寶貝立體矽膠圍兜五款可選 <end>,private
<start> bbq hand fan ignition camping bbq ae02666 i style <end>,<start> bbq燒烤手搖鼓風扇 點火器 露營烤肉ae02666istyle <end>,private
<start> coach counter models taylor coach litchi grain leather shoulder tote pack <end>,<start> coach 專櫃款 taylor 馬車荔枝紋皮革 肩背托特包 <end>,private
<start> green market banana chips 150g <end>,<start> 菓青市集 香蕉脆片150g <end>,private
<start> hills indoor abyssinian special formula 2kg 4kg <end>,<start> 希爾思室內成貓專用配方2kg4kg <end>,private
<start> alviero martini map pack tassel leather shoulder bag <end>,<start> alviero martini 地图包 流苏 小牛皮肩背包 <end>,private
<start> broken plate girls dress vest dress sleeveless sweet slim sleeveless ifairies 25067 <end>,<start> 破盤出清洋裝 背心 連身裙 無袖甜美修身無袖ifairies25067 <end>,private
<start> heavy duty neoprene high performance gloves <end>,<start> 重型氯丁橡膠高性能防化手套 <end>,private
<start> asus zenfone4 pro max selfie live 3 zoom anti fall all inclusive <end>,<start> 華碩 asus zenfone4 pro max selfie live 3 zoom 防摔 全包保護殼 手機殼 <end>,private
<start> swarovski 925 sterling silver bracelet e42 <end>,<start> swarovski 施華洛世奇 925純銀手鍊 e42 <end>,private
<start> pilot tupper hfgp 20r7 colorful shook mechanical pencils 0.7mm pcspilot <end>,<start> pilot 百樂 hfgp20r7 七彩搖搖自動鉛筆 0.7mm 支 <end>,private
<start> cloud story the 2dvd vol 7 <end>,<start> 彩雲國物語2dvd vol7 <end>,private
<start> village masahiko micro lead pc gold foil mask massage cream <end>,<start> 村上正彥微導入金箔面膜按摩霜 <end>,private
<start> roush slim fit single pocket fit plain shirt 715610 <end>,<start> roush slim fit單口袋合身素面襯衫 715610 <end>,private
<start> crystal ball galsia markez crown canvas tote bag <end>,<start> crystal ball galsia markez crown canvas tote bag <end>,private
<start> mara multilayer sports sunglasses swan grb mola sports <end>,<start> 摩拉多層膜運動太陽眼鏡 swangrb mola sports <end>,private
<start> college wind lace drawstring shortsm051058 <end>,<start> 學院風百搭蕾絲花邊抽繩短褲m051058 <end>,private
<start> natural beautiful maintenance heart trend <end>,<start> 自然美麗的保養心趨勢 <end>,private
<start> asus phone case pinocchio ze520kl ze552kl ze553kl ze554kl zd552kl z00 <end>,<start> asus 手机壳 韩风 匹诺曹 ze520kl ze552kl ze553kl ze554kl zd552kl z00 <end>,private
<start> iphone 66s case classic plain leather 4.7 inch hard casered <end>,<start> iphone 66s 手機殼 經典素面 皮革 4.7吋 硬殼紅色 <end>,private
<start> cartoon large waist long waist sofa back cushion <end>,<start> 卡通大號護腰長條靠枕腰枕沙發靠背 yx050427 <end>,private
<start> childrens slippers disney mickey genuine magic slippers baby sk0249 <end>,<start> 兒童拖鞋 迪士尼米奇正版拖鞋 魔法babysk0249 <end>,private
<start> squeaky apw043 xiaolu book purchase tide 8 <end>,<start> 吱吱 apw043 小魯圖書 購潮8 <end>,private
<start> reebok sharp running furylite jersey retro shoes sports shoes female ar3043 big o sports <end>,<start> reebok 銳跑 furylite jersey 復古鞋 運動鞋 女 ar3043 bigo sports <end>,private
<start> dido deflect o 6cl0604 seats card holder a 130x70x60mm pcs <end>,<start> 迪多deflecto 6cl0604 座席卡架a130x70x60mm 個 <end>,private
<start> germany kaweco supra series brass pen <end>,<start> 德國kaweco supra系列 黃銅鋼筆 <end>,private
<start> sunflower buckle clip foot slippers with noa06 <end>,<start> 向日葵 鞋扣 夾腳拖鞋用 noa06 <end>,private
<start> p1232 space response japanese folding in racks angle 32 clip <end>,<start> p1232空間對策日式折合曬衣架角型32夾 <end>,private
<start> self card pp512 two hole clip box <end>,<start> 自強牌 pp512 二孔 孔夾 箱 <end>,private
<start> blueant pump lite2 wireless bluetooth sport earphoneslight blue <end>,<start> blueant pump lite2 無線藍牙運動耳機極光藍 <end>,private
<start> algae soil absorbent mat large b7676 <end>,<start> 珪藻土吸水踏墊大b7676 <end>,private
<start> sport badminton dvd <end>,<start> 全民運動羽毛球dvd <end>,private
<start> 3m 3036 6 scotch packaging scotch tape 48mmx40y 6 roll pc <end>,<start> 3m 30366 scotch 封箱透明膠帶48mmx40y 6捲入 <end>,private
<start> polo shirt indian geometric totem tops female <end>,<start> polo衫 印地安幾何圖騰上衣女 <end>,private
<start> fashion simple practical pillow 39 cushion sofa decor pillow bolster <end>,<start> 時尚簡約實用抱枕39 靠墊 沙發裝飾靠枕 <end>,private
<start> color d type three words 2 pc dust cover sc <end>,<start> 彩色d型三面插附2入防塵蓋 sc <end>,private
<start> running sports shoes shoes shoes shoes <end>,<start> 韓版跑步運動鞋女鞋學生單鞋女球鞋百搭休閒鞋子 <end>,private
<start> high density yoga brick 4 6 9 50d eva yoga brick 1 pcs <end>,<start> 高密度瑜珈磚 469 50d eva瑜珈磚1pcs <end>,private
<start> blue flower white leopard sexy mid waist elastic bodycon underwear <end>,<start> 蓝花白豹纹性感中腰弹力贴身内裤 <end>,private
<start> kids classic ribbon sandals raspberry red <end>,<start> teva hurricance xlt2 兒童經典織帶涼鞋 覆盆子紅 1019390csrrs 現貨 <end>,private
<start> pink stitching low heel pack. <end>,<start> 粉嫩拼接低跟包鞋.白鳥麗子 <end>,private
<start> adhesive automatic induction led lamp led night light l04069 <end>,<start> 黏貼式自動感應led燈 櫥櫃燈 led小夜燈 l04069 <end>,private
<start> buy 2 get 4 kailash khadi herbal handmade soap rose geranium 125g <end>,<start> 買 2 送 4 活動見詳情kailash khadi 草本手工皂 玫瑰天竺葵 125g <end>,private
<start> adidas female softening moisturizing body wash 250ml <end>,<start> 阿迪达斯 女用柔肤保湿沐浴乳 250ml <end>,private
<start> leg waist fatigue relieve dual roller massager shopping168 <end>,<start> 腿部腰部疲勞舒緩雙滾輪按摩器 shopping168 <end>,private
<start> paris laya 3 in 1 stereo eyebrow pencil 02 chocolate <end>,<start> 巴黎萊雅3合1立體眉彩筆02巧克力 <end>,private
<start> mickey mouse phone case samsung a7 2017 a8 2016 j3 2016 j3prime j7pro <end>,<start> 卡通 米老鼠 手機殼 samsung a7 2017 a8 a8 2016 j3 2016 j3prime j7pro <end>,private
<start> blue aurora 4 port usb hub 4 port 4 switch <end>,<start> 藍極光4埠usb集線器 4孔4開關 <end>,private
<start> taiwan macro modern dry cone builtin protein filter awn 80 2000l long <end>,<start> 台灣macro現代 幹式錐型內置蛋白過濾器awn80 2000l 免運 <end>,private
<start> shakugan no shana phone case zenfone4 max selfie pro zenfone ar 4 4s 3 <end>,<start> 灼眼的夏娜手機殼zenfone4 max selfie pro zenfone ar 4 4s 3 <end>,private
<start> lancome best water yan soothing moisturizing water cream 50ml testerlancome <end>,<start> lancome蘭蔻 超水妍舒緩保濕水凝霜50ml tester <end>,private
<start> tinker bells ap232 the alfred on piano 3 <end>,<start> 小叮噹的店 ap232艾弗瑞鋼琴表演3 <end>,private
<start> sterling silver fortune cat double color line chinese knot bracelet <end>,<start> 純銀抱元寶招財貓雙色線中國結手環 <end>,private
<start> the london mxa bottom 10 double row price desk <end>,<start> 巨倫 mxa6600 10位數雙排標價機 台 <end>,private
<start> ardell fashion false eyelashes natural false eyelashes 8 pcs 110 <end>,<start> ardell時尚假睫毛自然款假睫毛8入組 110 <end>,private
<start> meis grandma rustic natural dog pet food 1.816.35 kg <end>,<start> 梅亚奶奶 乡村天然狗宠粮 1.816.35 kg <end>,private
<start> create synthetic life dvd <end>,<start> 創造合成生命dvd <end>,private
<start> bear school case sony x xa1 xa ultra xzs xz xzp x1 xz1 compact z5 z3 <end>,<start> 小熊學校手機殼sony x xa1 xa ultra xzs xz xzp x1 xz1 compact z5 z3 <end>,private
<start> hello kitty sandals shoes whitered children no739 <end>,<start> hello kitty 凱蒂貓 kitty 涼鞋 童鞋 白紅色 小童 no739 <end>,private
<start> shills small waist curve hula cream <end>,<start> shills 小腰曲線呼拉霜 <end>,private
<start> toast hamburger cutter k2200 <end>,<start> 三箭牌 吐司漢堡切割器 k2200 <end>,private
<start> mihong anthocyanins lutein x 8 package groups 30 pcs pack <end>,<start> mihong花青素葉黃素 x 8包組30顆包 <end>,private
<start> personality tiger phone case i5s i6s i7s i8s i5 i6 i7 i8 i6 i7 i8 <end>,<start> 個性老虎手機殼i5s i6s i7s i8s i5 i6 i7 i8 i6 i7 i8 <end>,private
<start> htc u11 ultra desire 10 pro evo 830 728 x10 x9 cartoon cat rhinestone shell <end>,<start> htc u11 ultra desire 10 pro evo 830 728 x10 x9 卡通貓咪水鑽殼 手機殼 <end>,private
<start> australia cedel propolis antibacterial black toothpaste 110g value three into <end>,<start> 澳洲cedel蜂膠抗菌無糖牙膏110g超值三入 <end>,private
<start> iphone7 i7 i8 plus i7 apple cartoon cute lying doll phone shell soft case <end>,<start> apple iphone7 i7 i8 plus i7 蘋果 卡通可愛趴趴公仔 手機殼 手機套 保護殼 保護軟套 <end>,private
<start> crystal health series 55g <end>,<start> 晶健康系列55g <end>,private
<start> cat playground jungle series 5 <end>,<start> 貓咪遊樂場叢林系列5號 <end>,private
<start> marlmarl shorts gentleman little shorts green onions <end>,<start> marlmarl shorts 紳士小短褲蔥青 <end>,private
<start> kingston dt10664gb datatraveler 106 64g usb3.0 <end>,<start> kingston 金士頓 dt10664gb 隨身碟 datatraveler 106 64g usb3.0 <end>,private
<start> the sak with shrimp feed young shrimp 75g sinking type <end>,<start> 捷克 sak 觀賞蝦飼料幼蝦 75g 下沉型 <end>,private
<start> old heather circle open ring ifairies 33637 <end>,<start> 做舊麻花圓圈開口戒指ifairies33637 <end>,private
<start> polo shirt digital armband pink polo shirt m <end>,<start> polo衫 數字臂章大馬polo衫 男 <end>,private
<start> american pennplax cartoon ornaments series bottles leather boss solid <end>,<start> 美國pennplax 卡通飾品系列授權販售 皮老闆 免運 <end>,private
<start> lesportsac sweet letter daily tote pack <end>,<start> lesportsac 甜蜜信件日常托特包 <end>,private
<start> big v cross bandage leaves rompers s xl <end>,<start> 大v交叉绑带树叶连身短裤sxl <end>,private
<start> 12 super bright luminous stereo convex word mute clock 0737 <end>,<start> 12吋超亮夜光立體凸字靜音時鐘 0737 <end>,private
<start> high waist thin five pants loose wear pants yx042813 <end>,<start> 高腰显瘦五分裤宽松外穿休闲裤 yx042813 <end>,private
<start> shiny glossy long edition perspective shirt <end>,<start> 閃亮光澤長版透視襯衫 <end>,private
<start> max tea indonesia pull tea 25g 30 pack women bali island <end>,<start> max tea印尼拉茶 25g30包 可超取峇里島 <end>,private
<start> super ant boy dvd <end>,<start> 超能蟻男孩dvd <end>,private
<start> coach horse carriage logo lychee leather tote shoulder dual pack <end>,<start> coach 馬車logo 荔枝牛皮 手提肩背兩用包 <end>,private
<start> huawei y7 prime y7s y6 2018 korean leather case protective cover <end>,<start> 華為 huawei y7 prime y7s y6 2018 韓版 手機保護皮套 保護套 手機套 <end>,private
<start> beauty de luxe muscle beauty! inside maintenance set <end>,<start> beauty de luxe 裸肌美人!由內而外保養組 <end>,private
<start> mr building ms229nc12 happy college wide type crayon 12 colors set box <end>,<start> 施德樓 ms229nc12 快樂學園加寬型蠟筆十二色組盒 <end>,private
<start> swarovski original licensed asus zenfone 2 5.5 inchstardiamond <end>,<start> pgscase 施華洛世奇 原廠授權 asus zenfone 2 ze550mlze551ml 5.5吋禮星鑲鑽 <end>,private
<start> ifairies large size long sleeve t shirt tops ifairies 59000 59000 <end>,<start> ifairies 中大尺碼長袖t恤上衣ifairies5900059000 <end>,private
<start> royal elastics oblique backpack shoulder black 517 0408 097 no041royal elastics <end>,<start> royal elastics 斜背包 肩背 黑色 517 0408 097 no041 <end>,private
<start> set summer suit coat cotton shorts set elsa tae6333 <end>,<start> 套裝 初夏西裝外套棉麻短褲套裝2 艾爾莎tae6333 <end>,private
<start> ifairies chiffon tops 45804 <end>,<start> ifairies 雪紡上衣45804 <end>,private
<start> japanese german bloody by dvd <end>,<start> 日軍德軍血腥的暴行dvd <end>,private
<start> value 6 pc bronzing red envelopes bag bd09006 <end>,<start> 超值6入 燙金紅包袋bd09006 <end>,private
<start> caco splicing petticoat university t female nch209 <end>,<start> caco拼接襯裙大學t女nch209 <end>,private
<start> breakout crisis dvd vol12 <end>,<start> 驚爆危機dvd vol12 <end>,private
<start> absny silky long lasting liquid eyeliner abll01 <end>,<start> absny絲滑持久眼線液abll01 <end>,private
<start> stemcin rebirth energy snail essence <end>,<start> stemcin 再生能量蝸牛精華液 <end>,private
<start> genuine leather female small handbag crossbody weave pack <end>,<start> 真皮女用小手提斜背二用包 <end>,private
<start> beto cld 032ag aluminum alloy portable pump <end>,<start> beto cld032ag鋁合金攜帶式打氣筒 <end>,private
<start> jami honey jc3000 animal carnival party 12 color pencil set <end>,<start> jami honeyjc3000動物狂歡會12色彩色鉛筆組 <end>,private
<start> hills 7 years abyssinian hairball control formula 2kg 4kg <end>,<start> 希爾思7歲以上成貓毛球控制配方2kg4kg <end>,private
<start> japan kose hyaluronic acid whitening lotion makeup water 180ml <end>,<start> 日本kose hyalocharge 玻尿酸透潤 美白化粧水180ml <end>,private
<start> miss. sugar female.nevertheless nov sunscreen cream spf35 pa 30g <end>,<start> miss.sugar娜芙 nov 防曬隔離霜spf35 pa 30g <end>,private
<start> natural licorice oval 160g pumpkin seeds 150g shopping168 <end>,<start> natural甘草瓜子160g 南瓜子150g shopping168 <end>,private
<start> mizuno mizuno running shoes female <end>,<start> mizuno 女 美津浓 慢跑鞋 j1gd183001 <end>,private
<start> warm small shop hero 359 pen special ink 6 pc pack <end>,<start> 溫馨小舖hero 英雄359 鋼筆 專用 墨水管 6入包 <end>,private
<start> care joe cell meet me water spa tencel soft mask 6 pc set <end>,<start> 健喬信元 meet me水spa天絲柔面膜 6入組 <end>,private
<start> baby shoes desk bay poli genuine bonny anti slip sandals magic baby sa81116 <end>,<start> 寶寶鞋 台灣製poli正版波力款止滑涼鞋 魔法babysa81116 <end>,private
<start> courage 2 dvd vol 1 <end>,<start> 勇往直前2 dvd vol1 <end>,private
<start> doublenine fashion suede peaked cap letter embroidery cap s64613doublenine <end>,<start> doublenine時尚麂皮絨鴨舌帽嘻哈帽字母刺繡百搭潮帽s64613 <end>,private
<start> nike wmns nike lunarglide 7 jogging shoes female 747356005 big o sportsnike <end>,<start> nike 耐吉 wmns nike lunarglide 7 慢跑鞋 女 747356005 bigo sports <end>,private
<start> fm collectiontexture leather casual white shoes <end>,<start> fm collection質感真皮休閒小白鞋12260001 <end>,private
<start> ista adjustable wind pipe <end>,<start> ista 可調式風管三通 <end>,private
<start> hello kitty hello kitty back bag pink kt 6653 <end>,<start> hello kitty凱蒂貓後背書包粉紅kt6653 <end>,private
<start> parker jotter tablets series aria black rod pen p0028270 f <end>,<start> 派克 parker jotter 記事系列 瑞雅 黑桿 鋼筆 p0028270f <end>,private
<start> bubble life mickey silicone anti slip invisible socks 15 24cm <end>,<start> 泡泡生活 迪士尼米奇矽膠止滑隱形襪1524cm <end>,private
<start> square cookie pastry bag 300g <end>,<start> 德一 卡賀方塊酥袋裝300g <end>,private
<start> venessa arizaga taipei shopsmart 2fl you re one in a melon bracelet <end>,<start> venessa arizaga 台北shopsmart直營店youre one in a melon 手鍊 <end>,private
<start> japan maruman a5 looseleaf blank notebook hn183a <end>,<start> 日本 maruman a5 活頁空白筆記本hn183a <end>,private
<start> gap kids long sleeve logo patch top <end>,<start> gap 童裝長袖logo貼布上衣 <end>,private
<start> small buckle sealed cans 600ml fresh moisture storage tank kitchen dry food <end>,<start> 小号 搭扣密封罐 600ml 保鲜 防潮 收纳罐 厨房 干粮 <end>,private
<start> nike air berwuda prm retro sports shoes male 844978300 big o sports <end>,<start> nike 耐吉 nike air berwuda prm 復古運動鞋 男 844978300 bigo sports <end>,private
<start> fashion color stripe leisure shoes blue pink white cf428 1 <end>,<start> 時尚配色條紋休閒鞋 藍粉白cf4281 <end>,private
<start> liyo v collar chiffon shirt <end>,<start> liyo理優v領寬袖雪紡上衣e722016 <end>,private
<start> kids set table bay thin long sleeve home suit magic baby k60092 <end>,<start> 兒童套裝 台灣製薄長袖居家套裝 魔法babyk60092 <end>,private
<start> baseus king mobile phone radiator cooling gamepad stand charging power <end>,<start> baseus倍思 王者手机散热器 散热手柄 支架 充电电源 <end>,private
<start> integrated forming road safety hat <end>,<start> 一體成型公路安全帽子 <end>,private
<start> original 4port high speed hub hub2k tax cargo <end>,<start> 創見 4port高速 hub 集線器 ts hub2k 含稅公司貨 <end>,private
<start> ifairies wallet purse long wallet ifairies 56480 56480 <end>,<start> ifairies 皮夾錢包長夾ifairies5648056480 <end>,private
<start> toro walnut 3x6 flower line high shoe cabinet cs 405 <end>,<start> toro胡桃3x6花線高鞋櫃 cs405 <end>,private
<start> drink tea black bean 200g ak07020 buy dessert i style <end>,<start> 下酒泡茶 黑豆200gak07020團購點心istyle <end>,private
<start> orient watch date ii mechanical watch fac0000ddorient <end>,<start> orient 東方錶 dateii機械錶 fac0000dd <end>,private
<start> crazy funny shop4fun baby hooded wrap bath towel <end>,<start> 購瘋趣shop4fun嬰兒寶寶連帽包巾浴巾 <end>,private
<start> cpu03s usb to lightning cable mfi apple certified silver <end>,<start> 銀欣 cpu03susb轉lightning 傳輸線mfi蘋果原廠認證銀色 <end>,private
<start> magic square grid ballpoint pen 18 613 <end>,<start> 魔術四方格原子筆18613 <end>,private
<start> lotus leaf cake top wide tube pants set <end>,<start> 荷叶蛋糕上衣宽管长裤套装 <end>,private
<start> gatsby with antibacterial wipes frozen orange value pack <end>,<start> gatsby體用抗菌濕巾極凍冰橙超值包 <end>,private
<start> the lang! groom dvd chen shakepure sweet <end>,<start> 阿郎!阿郎dvd 陳震雷張純芳 <end>,private
<start> pentel dragon xgfl 102 111 color brushpcs <end>,<start> pentel飛龍xgfl 102111 彩色毛筆 支 <end>,private
<start> htc phone case cartoon stitch m7 m8 m9 m10 u11 u ultra u play u11 a9s htc <end>,<start> htc 手機殼 卡通 史迪奇 m7 m8 m9 m9 m10 u11 u ultra u play u11 a9s <end>,private
<start> soft 99 coating car wax strong water watt <end>,<start> soft 99 鍍膜車蠟強力撥水型 <end>,private
<start> sc taiwan manufacturing luxury diy female <end>,<start> sc台灣製造豪華型diy母插 <end>,private
<start> brilliance ghn 3621 two straight noncarbon multiple value 20 pc pack <end>,<start> 光華 ghn3621 二聯直式非碳紙複寫估價 20本入 包 <end>,private
<start> new balance 574 series running shoes devil felt pink children kids shoes kv574qgi no337 <end>,<start> new balance 574系列 跑鞋 魔鬼氈 桃紅色 小童 童鞋 kv574qgi no337 <end>,private
<start> boys set desk bay monster watch cotton vest suit magic baby k50145 <end>,<start> 男童套裝 台灣製妖怪手錶純棉背心套裝 魔法babyk50145 <end>,private
<start> kgh canvas basketball pack military packunisex backpack large capacity bag 803rr4357kgh <end>,<start> kgh 帆布籃球包 行軍包 韓版男女後背包 大容量運動包 803rr4357 <end>,private
<start> breathable mesh deodorant sweat five toe socks not color dt1179 <end>,<start> 透氣網眼防臭排汗五趾襪 不挑色 dt1179 <end>,private
<start> twopiece set thick thread coat skirt m xxl <end>,<start> 現貨兩件式套裝加厚螺紋外套長裙 mxxl <end>,private
<start> 6879 0621 metal ring hanging neck slim strapless dress <end>,<start> 68790621金属圆环挂脖修身露肩连身裙 洋装 <end>,private
<start> nike wmns roshe two sports shoes female 844931001 big o sports <end>,<start> nike 耐吉 wmns roshe two 運動休閒鞋 女 844931001 bigo sports <end>,private
<start> nov sunscreen spf50 9g <end>,<start> nov 娜芙 防曬條霜 spf50 9g <end>,private
<start> ur8d ferrari red power thermal men edt 75ml <end>,<start> ur8dferrari 法拉利 red power熱力男性淡香水75ml <end>,private
<start> europe could cold tea honey flavor tea 30 pack box <end>,<start> 歐可 冷泡茶 蜜香紅茶 30包盒 <end>,private
<start> self card a480 folder box <end>,<start> 自強牌 a480 資料夾 箱 <end>,private
<start> home big cushion desk bay for household bedding magic baby id8 p <end>,<start> 居家大靠墊 台灣製家用寢飾 魔法babyid8p <end>,private
<start> simple buckle shoulder bag s7 s8 key bt 16206 black white <end>,<start> 簡約環扣肩背包 鍊條包bt16206 黑白 <end>,private
<start> adidas run 70s black classic retro casual jogging shoes <end>,<start> adidas run 70s 黑色 经典 复古 休闲慢跑鞋 s99950 <end>,private
<start> taiwan jns magnetic procreation h 40 <end>,<start> 台灣jns磁吸式珊瑚繁殖架角h40 <end>,private
<start> rebecca minkoff regan satchel soft leather litchi pattern weave pack <end>,<start> rebecca minkoff regan satchel 軟皮荔枝紋二用包 <end>,private
<start> finding nemo 2 glass magnet dolly the beast <end>,<start> 海底總動員2 玻璃磁鐵 多莉款野獸國 <end>,private
<start> couple shortsleeved t summer washed 33 digital short sleeve t <end>,<start> 情侶短袖t 夏季水洗33數字短袖t <end>,private
REMOVED_SECRET<start> real techniques, eyes, starter kit, 5 brushes case eye makeup brush travel set <end>REMOVED_SECRET,REMOVED_SECRET<start> real techniques, eyes, starter kit, 5 brushes case 眼妝刷旅行套s107 <end>REMOVED_SECRET,private
<start> japan shiseido neuve provoke me eyebrow 1.5 g cherry jewelry 23648 <end>,<start> 日本 shiseido 資生堂 neuve 惹我眉筆 1.5g櫻桃飾品23648 <end>,private
<start> miyoshi new high purity laundry soap 2f3119 <end>,<start> miyoshi 新高純度 洗衣皂2f3119 <end>,private
<start> dogeared mini flower teeny flower gold earrings 14k gold <end>,<start> dogeared 台北shopsmart直營店 迷你花朵 teeny flower 金色耳環 鑲14k金 <end>,private
<start> kaloya absolute sexy velvet lip glaze colored optional 3g <end>,<start> kaloya絕對霧感絲絨唇釉 五色任選3g <end>,private
<start> clean keep cp 820c 2h public chair set <end>,<start> 潔保 cp820c2h 公共排椅 組 <end>,private
<start> magic girl ipass the love kitchen on card <end>,<start> 魔法少女ipasslove kitchen一卡通 <end>,private
<start> fashion wild cat mini small shoulder pack inclined shoulder pack fm aj3023 <end>,<start> 時尚百搭貓咪迷你小方包 單肩包 斜肩包fmaj3023 <end>,private
<start> bonjouracc rose small diamond adjustable 925 sterling silver dangle earringsbonjouracc <end>,<start> bonjouracc 玫瑰 小鑽 可調 925銀針 垂墜 耳環 <end>,private
<start> taylor silk taylor swift case sony z2 z5 compact m5 c5 premium <end>,<start> 泰勒絲taylor swift手機殼sony z2 z3 z5 compact m4 m5 c5 premium <end>,private
<start> parker jotter series steel rod white ballpoint pen p0032770 <end>,<start> 派克 parker jotter 記事系列 鋼桿白夾 原子筆 p0032770 <end>,private
<start> phone case asus cactus ze520kl ze552kl selfie ze553kl zs550kl <end>,<start> 手机壳 原宿风仙人掌 华硕 ze520kl ze552kl selfie ze553kl zs550kl zs570kl <end>,private
<start> nike lebron xiii low bg basketball shoes women 834347002 big o sportsnike <end>,<start> nike 耐吉 lebron xiii low bg 籃球鞋 女 834347002 bigo sports <end>,private
<start> botanist botanical body wash 490ml <end>,<start> botanist 植物性沐浴乳 490ml <end>,private
<start> spring spa bath barrel foreign bx2 <end>,<start> 春天spa泡澡桶限宅配 bx2 <end>,private
<start> hater snapback velvet cap flannel snapback black <end>,<start> hater snapback velvet cap 絨布老帽 黑 <end>,private
<start> and well comds safety series reflective vu 03 patella band knuckle protection <end>,<start> 康得適 comds 護具系列 反光 vu03 髕骨帶 關節保護 <end>,private
<start> cross virgin oval leather long necklace nb851 korean back <end>,<start> 十字架圣母椭圆牌皮革长项链nb851韩国带回 <end>,private
<start> new balance 247 sports shoes running shoes black shoes child ka247t2p no338 <end>,<start> new balance 247 運動鞋 跑鞋 黑色 中童 童鞋 ka247t2p no338 <end>,private
<start> baby hat magic baby g3604a <end>,<start> 嬰兒帽 魔法babyg3604a <end>,private
<start> germany jbl treasure novo tom fish artificial floating soft feed 100ml <end>,<start> 德國jbl珍寶 novo tom幼魚人工懸浮軟體飼料 100ml <end>,private
<start> adata uv130 racing drive <end>,<start> 威剛adata uv130 賽車行動碟 <end>,private
<start> nike court royale canvas mens casual shoes white <end>,<start> nike court royale canvas 男休闲鞋 白 aa2156100 <end>,private
<start> morinoxlucas designer joint fashion sport off shoulder pants blue mo2413 <end>,<start> morinoxlucas設計師聯名時尚運動平口褲藍 mo2413 <end>,private
<start> hc store waterproof large capacity backpack blue leaf fern <end>,<start> hc store防水大容量後背包藍葉羊齒蕨 <end>,private
<start> miravivi lg optimus g pro e988 a series stand type notebook cover <end>,<start> miravivi lg optimus g pro e988 悠系列立架式筆記本皮套 <end>,private
<start> mens pin buckle leather belt <end>,<start> 男士針扣牛皮腰帶 <end>,private
<start> fabercastell huibai 1207 0.7mm refillcase <end>,<start> fabercastell輝柏 1207 0.7mm筆芯 盒 <end>,private
<start> down jacket warm top dazzling letters embroidery down cotton jacket elsa tgk5919 <end>,<start> 羽絨外套 保暖首選亮眼字母刺繡羽絨棉外套 艾爾莎tgk5919 <end>,private
<start> prada robot printed nylon clutch bag <end>,<start> prada 機器人印花尼龍手拿包 <end>,private
<start> college sexy pleated culottes <end>,<start> 学院感百褶裤裙 <end>,private
<start> a hung strong sticky hook 6 pc seamless hook hanger hanging holder <end>,<start> ahung強力黏掛鉤 掛勾 6入 無痕掛鉤 無痕掛勾 掛勾 掛架 吊架 <end>,private
<start> ziya sony ps4 wireless game handle remote control handlebar usb cable from <end>,<start> ziya sony ps4 無線遊戲手把遙控手把 usb線 中距款 <end>,private
<start> long version pocket cardigan knit coat <end>,<start> 長版口袋開襟針織外套 <end>,private
<start> bonjouracc women choker 3d circle triangle zircon earrings <end>,<start> bonjouracc 正韓立體圈圈三角鋯石耳環 <end>,private
<start> guerlain pure blemish balm cleansing spa exfoliating gel 75ml <end>,<start> guerlain嬌蘭 純淨美肌清潔spa去角質凝膠 75ml <end>,private
<start> swimwear swimsuit bikini in pink high waist swimwear swimsuit bikini 689a <end>,<start> 泳衣 泳裝 比基尼bikini 喬依 粉色高腰 泳衣 泳裝比基尼689a <end>,private
<start> nike as w nk df knit tank sports vest jogging vest female 831497011 <end>,<start> nike 耐吉 as w nk df knit tank 運動背心 慢跑背心 女 831497011 <end>,private
<start> big hook with funnel red blue jt139 <end>,<start> 大漏網附漏斗紅藍 jt139 <end>,private
<start> dayneeds 120x45x180 five paint punch metal <end>,<start> dayneeds120x45x180五層烤漆沖孔鐵架 <end>,private
<start> arome by watsons silky fragrance aroma shower gel 500ml <end>,<start> arome by watsons絲柔馥郁香氛沐浴乳500ml <end>,private
<start> envirosax australia bags national brand bondi pavilion federation coast <end>,<start> envirosax 澳洲環保購物袋國民品牌 bondi pavilion 邦代海岸 多紋 <end>,private
<start> smart energy saving countdown timer power <end>,<start> 智慧節能倒數定時器 省電 <end>,private
<start> japan gex schisandra kittens water dispenser 900ml ge2316 <end>,<start> 日本gex五味 幼貓用循環淨水飲水器 900ml ge2316 <end>,private
<start> backpack schoolbag airwalk future declaration organizer backpack a755321820 <end>,<start> 背包 後背包 書包 airwalk 未來宣言萬用後背包 a755321820 <end>,private
<start> long coat ol aesthetic double breasted houndstooth coat elsa tak6174 <end>,<start> 長大衣 ol美學雙排釦千鳥格大衣 艾爾莎tak6174 <end>,private
<start> fatties hand warm pack cute lion animal doll <end>,<start> fatties手心暖暖包俏皮獅子lion動物玩偶 <end>,private
<start> betty core herbal shuhuo shower gel 1000ml <end>,<start> 蓓蕊草本舒活沐浴露1000ml <end>,private
<start> attract fortune no. 0 torn perfect waterproof shockproof bagpcs <end>,<start> 徠福 no.0 撕不破防水防震袋個 <end>,private
<start> magic baby pillow desk bay angry bird genuine pillow c0125 <end>,<start> 魔法baby 抱枕 台灣製憤怒鳥正版靠枕c0125 <end>,private
<start> msi mini h370 gaming pro carbon motherboard msi <end>,<start> msi 微星 h370 gaming pro carbon 主機板 <end>,private
<start> paris laya absolute love mirror lipstick 905 temptation fragrance 3g <end>,<start> 巴黎萊雅絕對情迷鏡面唇膏 905誘惑香氛 3g <end>,private
<start> perfect cut korean fashion inner fur coat <end>,<start> 完美剪裁s90379 韓版時尚內絨毛皮外套 <end>,private
<start> pink eyelash eyes iphone8 iphone7 6s plus i6 i7 i8 case <end>,<start> 粉色 睫毛 眼睛 iphone8 iphone7 6s plus i6 i7 i8 手機殼 <end>,private
<start> dogeared taipei shopsmart 2fl beautiful rainbow silver earrings with original <end>,<start> dogeared 台北shopsmart直營店 美麗彩虹 rainbow 銀色耳環 附原廠盒 <end>,private
<start> the and the the pineapple dry 150g <end>,<start> 池上鄉農會池上鳳梨乾150g <end>,private
<start> bubble airbag cushion phone holder catcher <end>,<start> 客制化 泡泡气囊气垫手机支架 捕梦网羽毛 <end>,private
<start> kgh backpack korean backpack tablet backpack casual backpack kgh male <end>,<start> kgh 後背包 筆電包 韓版背包 旅行背包 休閒背包 kgh 男 77c9218 <end>,private
<start> tie line white 3.6 x200mm 2001 <end>,<start> 紮線帶白色3.6x200mm 2001 <end>,private
<start> bmw m power body stickers e30 e34 e36 e38 e39 e46 e60 e65 yi xuan boutique <end>,<start> bmw mpower 車身貼 e30 e34 e36 e38 e39 e46 e60 e65 沂軒精品 a0317 <end>,private
<start> oppo r17 a73s a75s r15 pro r11s plus findx ax5 christmas rhinestone case <end>,<start> oppo r17 a73s a75s r15 pro r11s plus findx ax5 手機殼 聖誕雪花鑽殼 <end>,private
<start> adidas tf mcb mchth aerobic rhythm bra sport bra ak0238 big o sports <end>,<start> adidas 愛迪達 tf mcb mchth 有氧韻律bra 運動內衣 女 ak0238 bigo sports <end>,private
<start> nike as lebron m nk therma pant casual sports pants male 857152010 <end>,<start> nike as lebron m nk therma pant 休閒運動長褲 男 857152010 <end>,private
<start> lock lock llg884 upper cover <end>,<start> 樂扣樂扣llg884上蓋 <end>,private
