source_text,target_text,split
broken plate casual shorts slim casual hot pants ifairies sm24454,破盤出清短褲 顯瘦休閒熱褲ifairiessm24454,private
henze fairy cd henze ondine knutson command ecuador,亨策水中仙 cd henze ondine 克努森指揮 厄瓜多爾編舞家艾胥頓,private
ifairies coin pack 46892,ifairies 零錢包46892,private
alfastar bluetooth sports headset sh360b,alfastar 藍牙運動耳機 sh360b,private
twill black mt washi tape mt,斜紋黑 mt和紙膠帶,private
nike pro belt 2.0 black,強登nike pro調節式護腰帶2.0 亞規 黑色 nmz15010sl,private
p20 pro nova3e y7s redmi note xiaomi mix2s zenfone 5 v30s tassel phone case,p20 pro nova3e y7s 紅米note5 小米mix2s zenfone5 v30s 手機殼 邊鑽流蘇鑽殼,private
brands intensive scent berries drink 50ml 14 bottles,白兰氏 活颜馥莓饮 50ml 14瓶装,private
american airwalk backpack tablet backpack computer bag thick zipper backpack a615323692,美國airwalk 筆電包 背包 後背包 電腦包 粗拉鍊後背包 a615323692,private
boys sandals desk bay poli genuine flash sport sandals magic baby sa71106,男童涼鞋 台灣製poli正版閃燈運動涼鞋 魔法babysa71106,private
johnny auction baseus apple iphone se55s space shell transparent shell,強尼拍賣 baseus 倍思 apple iphone se55s 太空殼 透明殼 保護殼 硬殼,private
taiwan aotu bottom small fish special floating feed particles 50g,台灣奧圖otto 小型魚專用全浮性微粒飼料 50g,private
toy eyes 12m m pack,玩具眼睛 12mm 包,private
yu germany u4462 computer printing label 16 grid 105x37mm 100 pcs pack,裕德 u4462電腦列印標籤16格105x37mm100張入 包,private
lovedo the only multi kids star rocket dig back vest navy,lovedo艾唯多童裝星際火箭 挖背背心 深藍,private
star wars ep7 metal key ring 003 the horse the section the beast,星際大戰 ep7 金屬鑰匙圈 003 法司馬隊長款野獸國,private
innoshop new disney paradise princess bottle shape necklace,innoshop 玩新迪士尼樂園公主瓶中造型項鍊,private
thin color straps padded sports vest. black white,直紋拼色肩帶襯墊運動背心黑白,private
baby home suit thick cotton three extremely warm pajamas set magic baby k60432,寶寶居家套裝 超厚三層棉極暖睡衣套裝 魔法babyk60432,private
pokemon go pikachu case s4 s5 s6 s7 edge plus s8 note4 note5 note8,神奇寶貝皮卡丘手機殼三星 s4 s5 s6 s7 edge plus s8 s8 note4 note5 note8,private
skechers skech air infinity fashion casual series male 51483bkw big o sports,skechers skechair infinity 時尚休閒系列 男 51483bkw bigo sports,private
htc phone case 626 728 816 820 825 826 830 u ultra u play,htc 手机壳 卡通 小清新 626 728 816 820 825 826 830 u ultra u play a9,private
white gold adjustable pen ink inkm 1200,白金牌可調式鋼筆用墨水inkm1200,private
witch of dvd 151,魔女的考驗dvd 151,private
flamingo flower glass phone case s9s9j7s7 edgej7primenote8a8 2018,火烈鸟 花儿 玻璃镜面 手机壳 s9s9j7s7 edgej7primenote8a8 2018 吊饰孔,private
low sugar mango dry 250g be the royal,低糖芒果乾 250g 臻御行,private
canada 3 sprouts toy storage box small buffalo taiwan authorized distributor,加拿大 3 sprouts玩具收納箱 小水牛 台灣授權代理商,private
hollow totem embroidery shirt,鏤空圖騰刺繡襯衫,private
shoes shoes men sports shoes mens shoes,板鞋休閒鞋男士運動板鞋男布鞋,private
gift vintage motorcycle key ring pendant,禮品復古摩托車鑰匙圈吊飾,private
folk day dvd value karaoke picks,民歌紀念日dvd 超值卡拉ok精選,private
power big abel 66189 a4 working model clip color random shipment pcs,力大牌 abel 66189 a4橫式板夾顏色隨機出貨 個,private
toppro ladys imported 360 degree rotary nail scissors m tv 55m with nail cutter ur8d,toppro ladys 進口360度迴轉式指甲剪m tv55m 附指甲挫刀ur8d,private
korean waterproof nylon triangle iron brand backpack catsbag 46471024,韓系防水尼龍三角鐵牌後背包catsbag46471024,private
casual breathable mesh simple seven hole boots no. 09757,casual 率性透氣網布 簡約七孔短靴 no. 09757,private
oblique backpack greenwood velvet bucket pack,斜背包 格林伍德天鵝絨水桶包joanna shop,private
nike men jordan h86 d.y.k. cap leisure caps,nike 男女 jordan h86 d.y.k. cap 休闲帽 aa3790010,private
kk14 iphone 6 6s punk rivet hair ball pendant universal phone case k1411,kk14iphone 6 6s 龐克鉚釘毛球吊飾通用手機殼k1411,private
pentel dragon gfkp3 a portable card type brush pcspentel,pentel 飛龍 gfkp3a 攜帶型卡式毛筆 支,private
the french royal as34 sterilization greedy cat 2kg,法國皇家as34絕育貪嘴貓2kg,private
the culture japan imported round top space craft diamond sc mk 010,小徑文化日本進口round top space craft diamond scmk010,private
sports half finger equipment single bar training equipment fitness gloves,運動半指器械單杠訓練裝備健身手套,private
michael kors bedford lichee pattern metal chain crossbody bags,michael kors bedford 荔枝纹金属炼条斜背包,private
kw trio kw5330 stapler 12 pc,kw trio kw5330 訂書機 12入 打,private
baby shorts baby pants baby shorts kids ug40523 good doll,嬰幼兒短褲 嬰兒褲子 寶寶短褲 童裝 ug40523 好娃娃,private
purchase korean hit color stripe tshirt ab050306,预购韩版撞色条纹t恤ab050306,private
zs cleome personalized army women feather coat,zs cleome 個性軍裝女款羽毛外套,private
baby boy shoes desk bay spiderman authorized genuine canvas shoes magic baby sa89326,男童鞋 台灣製蜘蛛人授權正版帆布鞋 魔法babysa89326,private
blu ray critical 72 hours bd,bluray關鍵救援72小時bd,private
pressure clean bubble gum knit patent bath towel blue,優力潔 泡泡糖新型針織專利浴巾藍,private
in the fashion polarized sports sunglasses vie pbpl mola sports,摩拉時尚偏光運動太陽眼鏡 viepbpl mola sports,private
frozen snow forest blue cartoon sleeping bag desk bay disney,冰雪奇緣 白雪森林 藍 卡通睡袋 台灣製 迪士尼,private
gcomm iphone 6s 6 embossed dots fashion dot cover elegant blue,gcomm iphone 6s6 embossed dots 時尚圓點超纖皮套 優雅藍,private
solid color cotton tassel scarf the tassels of,純色棉麻流蘇圍巾流蘇款,private
mizuno wave rider 20 w advanced professional running shoes women j1gd170328 big o sports,mizuno 美津濃 wave rider 20w進階專業慢跑鞋 女 j1gd170328 bigo sports,private
caran d ache swiss to lemans light black mechanical pencils gold clip 0.7 pcs,caran dache 瑞士卡達 leman 利曼亮黑漆自動鉛筆金夾 0.7 支,private
new power flying air cushion shock couple casual shoes 5pcs,new power飛織氣墊減震情侶休閒鞋鞋子嚴選,private
boys desk bay toddler summer harem shorts magic baby k50327,男童裝 台灣製幼兒夏季哈倫短褲 魔法babyk50327,private
nike jordan flight runner 3 basketball shoes mens 820253603 big o sports,nike 耐吉 jordan flight runner 3 籃球鞋 男 820253603 bigo sports,private
thunderbird lt 234 japanese wood grain table mat 45 x 60 cm pc,雷鳥 lt234 日式木紋桌墊 45 x 60 cm 片,private
pet dog phone case cover infocus m812 m810 m535 m808 m511 m2 m320,寵物狗狗手機殼infocus m812 m810 m535 m808 m511 m2 m320,private
bunty rose cypress essential oil,芭蒂蘿絲絲柏精油,private
german original imported online colorful pen 30334 black f pcs,德國原裝進口 online 繽紛鋼筆 30334 黑色 f 支,private
converse malefemale chuck taylor all star high canvas shoes black,converse 男女 chuck taylor all star 高筒 帆布鞋 黑m3310c,private
fabercastell emotion series crocodile pattern ballpoint pen,fabercastell emotion 系列鱷魚紋原子筆148350,private
the sak green algae feed thin pc 25g floating type shaped peacock fish lily,捷克 sak 綠藻飼料 薄片 25g 飄浮型 異型 孔雀魚 麗麗,private
amiss a420 1 silver green off shoulder knee socks black glitter,amissa4201金銀蔥平口膝上襪黑金蔥,private
samsung galaxy note8 note5 note4 note3 s5 s6 s7 s8 edge plus hard phone,三星note8 note5 note4 note3 s5 s6 s7 s8 edge plus 硬殼 手機殼,private
polo shirt classic embroidery polo shirt custom fit,polo衫 經典刺繡 polo衫custom fit,private
guerlain symphony meteor powder ball 2 clair,娇兰幻彩流星蜜粉球 2 clair,private
korean pin buckle womens belt,韓版針扣女款褲帶,private
lanyard frosted shell oppo r9 r9s s8 plus note8 f1s j7 j7p s7 edge note5 solid,掛繩 磨砂殼 oppo r9 r9s s8 plus note8 f1s j7 j7p s7 edge note5 純色,private
klorane star the hair gift set the 400ml 2 pc 200ml 1 pc the hair shampoo,法國蔻蘿蘭klorane 明星養髮禮盒組富山 400ml 2入200ml 1入 養髮洗髮精,private
marus bluetooth wireless moving coil microphone mcr 10,marus 藍牙無線動圈式麥克風 mcr10,private
innoshop new sanrio train bath ball,innoshop 玩新三麗鷗火車造型沐浴球,private
the farm mountain bitter gourd tea 20 pack box,大雪山農場 山苦瓜茶20包盒,private
montane women lightweight water repellent down hooded jacket peacock ffedj,montane 女 輕量防潑水羽絨 連帽外套 孔雀藍 ffedj,private
samsung note4 note5 s6 s6edge s7 s7edge case jelly case back cover,三星 note4 note5 s6 s6edge s7 s7edge 手機殼 果凍套 軟殼 保護殼 背面磨砂,private
korean kit kat raspberry sandwich crisp 3 box cherry jewelry 28526,韓國 kit kat 覆盆子夾心酥 3條盒櫻桃飾品28526,private
skechers women when high running shoes,skechers 女 livhigh 慢跑鞋 99830wsl,private
coach cute little fox leather handbag pendant key ring,coach 可愛小狐狸皮革包包掛飾鑰匙圈,private
ifairies dress floral dress 42735,ifairies 洋裝 碎花連身裙42735,private
me before you phone case sony x xa1 xa ultra xzs xz xzp xz1 compact z5 z3,我就要你好好的 手機殼sony x xa1 xa ultra xzs xz xzp xz1 compact z5 z3,private
small pig mini jule tops single letter tassel sleeve cotton t saa71006833,小豬兒mini jule 現貨 上衣 單行字母流蘇袖棉tsaa71006833,private
jack wolfskin inflatable neck pillow,jack wolfskin充氣護頸枕,private
vitamin foam din vitamin b orange flavor 20 tablets,克魯格維他命發泡錠維他命b群 橘子風味富山20錠,private
skechers on the go glide casual shoes dark coffee shoes no697,skechers onthego glide 休閒布鞋 深咖啡 男鞋 no697,private
japan pipapu animal embroidery harness pocket lunch bag 6,日本 pipapu 動物刺繡束口袋便當袋 共六款,private
nike w blazer low le classic retro shoes aa3961105,nike 耐吉 w blazer low le 經典復古鞋 女 aa3961105,private
kiro cat love cat waterproof work home patchwork apron 230560,kiro cat戀愛 cat咪防水工作居家拼布圍裙 230560,private
asus phone case zb551kl zc554kl ze554kl ze552kl ze520kl zb552kl,华硕 大理石纹 手机壳 zb551kl zc554kl ze554kl ze552kl ze520kl zb552kl,private
ready stock leaves in relief ready stock joanna shop,短夾 落葉歸根浮雕短夾joanna shop,private
asus asus hs340mci58400003t desktop,asus华硕 hs340mci58400003t 桌面计算机,private
xotic box logo beanie basic square patch unisex knitted hat pink red grey black,dot聚點 xotic box logo beanie 基本款 方形 貼布 毛帽 針織帽 保暖 粉色 紅 灰 黑 男女,private
germany hamptons wok pan series 28cm 1 pc cherry jewelry 28306,德國 hamptons 炒鍋平底鍋系列 28cm 1入櫻桃飾品28306,private
parker urban the series hacker violet ball pen p1906867,派克 parker urban 都會系列 駭客紫羅蘭 鋼珠筆 p1906867,private
c10j1 classic cover oppo r15 r15 pro flip cover simple convenient plain pu leather case,c10j1 經典 皮套 oppo r15 r15 pro 手機殼 翻蓋 保護套 簡單 方便 素色 插卡 磁扣 手機套,private
twinings downing tea strawberry mango tea 2gx25 pc,twinings唐寧茶 草莓芒果茶2gx25入,private
anacomda python t1 titan series 120gb ssd drive,anacomda 巨蟒 t1 泰坦系列 120gb ssd固態硬碟,private
toro pvc relief light 3x7 feet wardrobe cs p27,toropvc浮雕淺色3x7尺衣櫃 csp27,private
israel red sea k potassium test set r21435 water test set,以色列red sea紅海 k鉀離子測試組 r21435 海水測試組,private
ego improved qv baby care bath oil 250mlego,ego意高 qv嬰兒呵護沐浴油250ml,private
the trend of the shop palace triangle logo british tide brand short tee army green,玉米潮流本舖 palace 三角 logo 英國潮牌 短tee 軍綠色,private
parker urban the series pink white pen p0844870 f,派克 parker urban 都會系列 桃紅白夾 鋼筆 p0844870f,private
bmw genuine diamond cup 250ml shwlv250,寶馬牌真鑽隨手杯250mlshwlv250,private
your name case for asus zenfone 4 3 2 deluxe ultra max zoom laser selfie go,你的名字手機殼華碩zenfone 4 3 2 deluxe ultra max zoom laser selfie go,private
cake test stick 9836n,三箭牌 蛋糕測試棒 9836n,private
kate spade personality double color leather backpack,kate spade 個性雙色皮革後背包,private
canmake just for you in color change lip gloss 212 023g,canmake 只為妳存在變色唇蜜 212023g,private
augelute baby cotton stripe maxi jumpsuit 35011,augelute baby 嬰兒純棉條紋款連身衣 35011,private
fashion girls samsung s8j7a5 2016 a5 2017 a7 2016,時尚新款 個性女生 samsung s8 s8 j7 a5 a5 2016 a5 2017 a7 a7 2016,private
nekopara vol mobile phone shell htc u ultra u play 10 pro lifestyle 728 830,nekopara vol手機殼htc u ultra u play 10 pro lifestyle 728 830,private
airpillow samsung note 4 note 5 full air cushion clear transparent back cover,airpillow samsung note 4 note 5 全包覆氣墊透明空壓殼,private
macadamia usa maca miracle oil ultra moisturizing hair bath 100ml,macadamia美國瑪卡奇蹟油 超潤澤髮浴 100ml,private
korea welfare bbia golden rose collection lipstick 3.5g colored optional,韓國 福利品bbia 金色玫瑰珍藏唇膏 3.5g 五色任選,private
computer label paper 3 form 807 b white 1000 copy laser inkjet,金魚池龍德 電腦標籤紙 3格 ld807wb 白色 1000張 影印 雷射 噴墨 貼紙,private
magic amah antibacterial laundry detergent 4000g,妙管家 抗菌洗衣精4000g,private
sushi go kaohsiung ponzi cards kangagames,迴轉壽司 sushi go 繁體中文版 高雄龐奇桌遊 kangagames,private
handheld telescopic focusing led flashlight with holder sinfw5349,手持式伸縮調焦led手電筒 附支架 sinfw5349,private
a canteen mall vietnam black coffee g7 15 2g,豐食堂商城越南g7 黑咖啡 152g,private
samsung s9 plus s9 panda silicone shell case cover full cover silicone soft case,三星 s9 plus s9 熊貓矽膠殼 手機殼 保護殼 全包覆 矽膠 軟殼,private
sport shoes running summer men women outdoor riding warm knee,運動跑步夏季男女士戶外騎行保暖護膝,private
audrey hepburn double resentment dvd,奧黛麗赫本雙姝怨dvd,private
electric toothbrush adult rechargeable fur smart vibration automatic toothbrush,電動牙刷成人充電式軟毛智慧震動自動牙刷igo,private
acc card i brush pcs,英士acc 卡式小楷毛筆 支,private
64gb camera memory card 300s series sdxc uhsi u3 v30 support 4k video,創見 64gb 相機記憶卡 300s 系列 sdxc uhsi u3 v30 支援4k錄影,private
panties cotton cartoon triangle panties 5 pcs set blue car a257,內褲 純棉 卡通三角內褲5件組03紅藍車a257,private
national wind totem ankle socks grey,民族風圖騰踝襪淺灰,private
depend x amelie beauty hand cleansing spray paris series apple 15ml,depend x amelie beauty 手部潔膚噴霧巴黎系列蘋果 15ml,private
aromatherapy heart music 2 anthology cd purchase tide 8,芳香療法心靈音樂 2 精選輯 cd 購潮8,private
toro good plant 8 7 door wardrobe cf610,toro優植87開門衣櫃 cf610,private
phoenix youth large movement dvd,鳳凰臺 一九四九大遷徒dvd,private
french premium top fish scale collagen peach flavor,法國水漾頂級魚鱗膠原蛋白水蜜桃口味,private
1028 oil control cushion soft focus powder 01 bright nude 12g,1028 控油柔焦氣墊粉餅 01 明亮膚 12g,private
oppo a75 a75s a73 phone case soft rabbit silicone case,oppo a75 a75s a73 手机壳 软壳 挂绳壳 大眼兔硅胶壳,private
coach floral splicing handbag crossbody boston pack,coach coach 馬車緹花拼接手提斜背波士頓包,private
the spring 185 13k 20 paper sheets pack,同春 185 13k十段隔頁紙 包,private
salvatore ferragamo classic logo vintage sunglasses,salvatore ferragamo 經典logo復古太陽眼鏡,private
etude house natural moisturizing lip dew 10g,etude house 自然潤色保濕唇露 10g,private
apollo safe iron cabinet gold treasury library wealth lucky essential original warranty 30lr3c,阿波羅保險箱 保險櫃 鐵櫃 金庫 財庫 財神 招財必備 公司原廠保固 30lr3c,private
bk s1 bks1 bikecomm earphone accessories set,bks1 bks1 耳機配件組,private
japan laundrin perfume aromatherapy spray 370ml elegant floral,日本laundrin香水芳香噴霧370ml 典雅花香,private
grunland lazy shoes casual shoes cat blue shoes ci2206 no004grunland,grunland 懶人鞋 休閒鞋 貓咪 藍色 女鞋 ci2206 no004,private
johnsons earplugs oillavender 500ml,johnsons 舒眠潤膚油 薰衣草 500ml,private
huawei talkband b3 lite smart bracelet bluetooth headset call sports monitor,華為 huawei talkband b3 lite 智能手環 藍芽耳機通話 運動監測 現貨黑色,private
caco stripe embroidered word socks male ost025,caco條紋繡字中筒襪男ost025,private
zebra s4a11 4 colors snoopy pen tube,斑馬s4a11 4色snoopy筆管,private
phone shell asus ze551ml ze500kl ze550kl zc520tl zc551kl zc553kl,情侶款 手機殼 asus ze551ml ze500kl ze550kl zc520tl zc551kl zc553kl,private
international brand blue battery special store,國際牌藍電池特殊賣場,private
mediterranean series star ornaments home furnishings zakka,地中海系列 星星掛飾 居家擺設 zakka,private
league of legends lol case infocus m812 m810 m535 m808 m511 m2 m320,英雄聯盟lol手機殼infocus m812 m810 m535 m808 m511 m2 m320,private
olima sensation coating touch coating car coating increased,olima sensation coating 感動鍍膜 汽車鍍膜 撥水劑 增加滑順度,private
nb radiator suction lenovo dell asus fan 15.6 inch 14,筆記本抽風式散熱器側吸式聯想戴爾華碩電腦風扇機15.6寸14 yx050427,private
love cat snack 5 pc hybrid 35g,愛貓零食5入混合35g,private
pentel xpp507 0.7 mm orenz mechanical pencils,pentel xpp507 0.7mm orenz寫不斷自動鉛筆,private
collectors cd 105 versatile fashion cabinets,收藏家 cd105 全能型時尚防潮箱,private
vince camuto vince vaca rest premium secret border women light fragrance fragrant 7.5 ml ur8d,vince camuto文斯卡穆托 水漾秘境女性淡香精 小香 7.5mlur8d,private
super nice cod honey jasmine 80g economy pack ak07037,REMOVED_SECRET超好吃鱈魚蜜汁香片80g,經濟包ak07037REMOVED_SECRET,private
lena ceramic electric hair sticklena,lena陶瓷電卷發棒,private
baseus iphone 7 plus simple case tightly hand delicate protective cover,baseus倍思 iphone 7 plus 簡致保護殼 緊密貼合 手感細膩 防摔保護套,private
sign no smoking 6x16cm s16224,指示牌請勿吸煙 6x16cm s16224,private
streamlight survivor led flashlight shopping168,streamlight survivor led 手電筒 shopping168,private
korean bbi golden perfect waterproof eyeliner plastic pen chocolate series,韓國bbi 絕色完美防水眼線膠筆巧克力系列,private
loafers shoes shoes female flat british wind small leather shoes,乐福鞋女鞋春季单鞋女平底英伦风百搭小皮鞋女,private
swarovski 925 sterling silver bracelet e41,swarovski 施華洛世奇 925純銀手鍊 e41,private
educational friends baby adult thai coloring book,教育之友 dear baby成人舒壓著色本,private
at the secret diary second dvd,應召女郎的秘密日記第二季dvd,private
uni sxr 10 spinning pen 1.0mm special for core,uni sxr10溜溜筆1.0mm專用替芯,private
paul canvas bag shoulder dslr pack 60d700d 70d 650 diagonal outdoor fashion,寶羅專業 攝影包 單肩 單反相機包60d700d 70d 650斜跨戶外時尚,private
nike women wmns nike air zoom pegasus 35 running shoes,nike 女 wmns nike air zoom pegasus 35 慢跑鞋 942855602,private
bottega veneta bv nappa classic woven sheepskin zipper shell oblique backpack,bottega veneta bv nappa 經典編織羊皮拉鍊貝殼斜背包,private
queenshop 04090331 mens camouflage multipocket washed shorts,queenshop 04090331男裝 迷彩多口袋水洗短褲,private
a0014 bmw the network stickers 3 e36 e39 e46 e53 e87 f01 f02 f10 f20 f30 x4,a0014 bmw中網貼 三色貼 e36 e39 e46 e53 e87 f01 f02 f10 f20 f30 x4,private
japan gatsby styling hair cream strong adhesive 200g 171n ur8d,日本 gatsby 造型髮雕霜 強黏性 200g g171nur8d,private
the sand kid dvd vol08,狂砂小子dvd vol08,private
winter warm ladies wind a button topper elsa tak6257,禦寒保暖 名媛風一粒釦短大衣 艾爾莎tak6257,private
apple iphone 5 i phone 5 5s phone case ip5 phone case cover,apple iphone 5 i phone 55s 手機殼ip5手機殼保護殼,private
mitsubishi pencil ball pen sxn 189ds 05,三菱鉛筆迪士尼限量鋼珠筆 sxn189ds05,private
stripe wave point phone case samsung s7 edge s8 j7 a5 2016 a5 2017 a7,條紋波點 手機殼 samsung s7 s7 edge s8 s8 j7 a5 a52016 a52017 a7,private
toro sn 2 8 crystal light walnut loving man cabinet,torosn28克莉絲淺胡桃木色男櫃,private
hido handmade soap 100g pc,hido 手工皂100g入,private
mask original 3200 maskanti paint anti formaldehyde chemicalindustrial,防毒面具原装3200防毒面具防油漆异味防甲醛化工工业,private
adidas accel short sports shorts leisure shorts ce6969adidas,adidas 愛迪達 accel short 運動短褲 休閒短褲 ce6969,private
temperament fresh practical hair band hair accessories hair hoop,時尚氣質清新實用髮帶 髮飾 髮箍319,private
augelute baby layeredlook gentleman dress jumpsuit 37251,augelute baby 假兩件紳士禮服連身衣 37251,private
thick bottom loose bottom travel shoes harajuku shoes yx042813,厚底松糕底内增高旅游鞋原宿休闲女鞋 yx042813,private
scale 15 cm 151,比例尺15cm151,private
mt wrap mini sizewilliam morris arbutus mt and paper from sticky paper,mt wrap迷你尺寸 william morris arbutus mt和紙自黏包裝紙,private
paulownia wood sand rose 6l,桐木砂玫瑰6l,private
christian dior fashion thick frame sunglasses,christian dior 時尚粗框太陽眼鏡,private
petal lens holder set,花瓣鏡頭支架組,private
japan ambai snow pan 14cm koizumi and japan made isk 52014,日本ambai 雪平鍋 14cm小泉誠 日本製 isk52014,private
white gold cp90 card ink pen,白金牌 cp90 卡式墨筆,private
5 japan soup small clay pot casserole a 19,健康物語日本湯物小陶鍋砂鍋a19,private
double xu instant beige powder drunk beige powder 3 pc bag,雙人徐即食米粉醉米粉3入袋,private
car seat back drinks storage hanging bag not color,汽車椅背飲料收納掛袋 不挑色,private
missha velvet perfect filter mesh air cushion powder,missha絲絨完美濾光網狀氣墊粉餅,private
rb60 a4 pastel pp material60 page,珠友 rb60 a4粉彩pp資料本60頁,private
q3 locomotive boutique germany original autosol metal light cream wax,q3機車精品 德國原裝 autosol 金屬亮光膏 蠟,private
longchamp le pliage neo high density nylon backpack medium,longchamp le pliage neo高密尼龍後背包中型,private
japanese wool blend warm pile cap beret hat,日系羊毛混紡保暖堆堆帽 貝雷帽 毛線帽,private
kgh fashion casual messenger pack korean cycling pack oblique backpack,kgh 時尚休閒郵差包 韓版潮流單車包 斜背包 801rr2276,private
shiba seba med baby care lipstick the 4.8 g,施巴 seba med 嬰兒護唇膏富山4.8克,private
yan text small banana key pendant stress relief cellphone charm,顏文字小香蕉 鑰匙掛飾 紓壓小物 手機吊飾,private
life attract fortune cb 335n portable cash box pcs,life 徠福 cb335n 手提現金管理箱 個,private
kais portable sanitary cotton short pipe type 10 pcs,凱娜 攜帶式衛生棉條短導管普通型10支,private
american crawlings lying climbing knee brace sleeve princess crown 2015 new,美國crawlings趴趴爬護膝套公主皇冠 2015新款,private
solar five hand cat,太陽能五招手貓,private
mattress memory cotton quick dry sports 8cm bamboo charcoal memory mattress queen kotas,床墊 記憶棉 吸濕排汗 8cm 竹炭記憶床墊 雙人 kotas,private
cowboy curling jeans shorts,牛仔捲邊破褲 短褲,private
loafers flat white canvas shoes shoes a pedal lazy shoes small,乐福鞋平底白色帆布鞋 鞋一脚蹬懒人布鞋小白鞋,private
lucky star dvd vol 07,幸運星dvd vol07,private
charcoal pit drawing artist yamamoto the guard dvd,炭坑繪師山本作兵衛dvd,private
iron man sports ea183 plus seal box pcs,鐵人 sports ea183 加大印章箱 個,private
polo shirt classic plain pony embroidery polo shirt youth version,polo衫 經典素面小馬刺繡polo衫青年版,private
merbliss wedding nurse repair mask 25g x 5 pckorean wedding mask nurse mask,預購merbliss 婚紗護士修護面膜 25g x 5入 韓國 婚紗 婚紗面膜 護士面膜,private
canada 3 sprouts hooded towel boar taiwan authorized distributor,加拿大 3 sprouts 連帽浴巾小野豬 台灣授權代理商,private
q3 locomotive boutique gjms adjustable rod grey 4th fighting bws r smax,q3機車精品 gjms 可調拉桿 灰 四代勁戰 bws r smax,private
green lake dtpa iron af027 20g water iron fertilizer,台灣tbs翠湖dtpa鐵劑af027 20g水草鐵劑肥料,private
new adata uv150 16gb usb 3.0 action dish black lifetime warranty,全新 adata 威刚 uv150 16gb usb 3.0 行动碟 黑色 终身保固,private
tassel solid thread moka one blue black df337,流蘇立體縫線莫卡辛鞋 藍黑色df337,private
hold live pink girl 6 color eyeshadow palette,hold live玫瑰之戀炫彩六色眼影 水果妝西柚妝 裸裝煙熏色hl061,private
hair flower phyto 7 hair cream 50ml,髮朵 phyto 七號髮霜富山50ml,private
hater snapback velvet bucket hat burgundyroyal blue,hater snapback velvet bucket hat burgundyroyal blue,private
momus flocking puff face powder,momus 植絨粉撲蜜粉專用,private
exid mobile phone shell sony x xa1 xa ultra xzs xz premium t3 t4,exid手機殼sony x xa1 xa ultra xzs xz premium t3 t4,private
dinosaur giant tooth bites super bluetooth kaohsiung ponzi cards kangagames,恐龍 巨齒咬咬 super tooth 高雄龐奇桌遊 kangagames,private
marlmarl dolce dessert bib pink lace,marlmarl dolce 甜點圍兜粉紅蕾絲,private
hot professional c with ingot 500 100 tablets bottle vitamin c,303489溫士頓c 口含錠500 100錠瓶維生素c,private
perfect cut m10675 maple leaf loveteam letter casual short t,完美剪裁m10675 楓葉loveteam字樣休閒短t,private
lakme hair mud 250ml,lakme 萊肯 髮泥250ml,private
contrast color tassel quarter socks 22100242,撞色流蘇四分短襪22100242,private
120x45x180cm light five paint white wave rack,120x45x180cm輕型五層烤漆白波浪架,private
the soothing dry itching cream 5ml,雅漾 舒緩乾癢霜5ml,private
and traditional crystal sugar 600gx3 pack,和吉 传统结晶 冰糖 600gx3包,private
reeses away milan rose gold ball pen,芮菲客米蘭玫瑰金鋼珠筆,private
taiwan jns calcium reactor 2 tube x 1 long,台灣jns鈣反應器第二反應管 x1 免運,private
tsaio bearberry whitening exfoliating gel 100g,上山採藥 熊果素美白去角質凝膠100g,private
the trend of the shop cloth tai chi noon short tee grey,玉米潮流本舖 clot 太極正午線 短tee 灰色,private
mig inventor tm 009a travel universal adapter pcs,mig明家 tm009a 旅行萬用轉接頭 個,private
summer anti mosquito classical dome princess mosquito net,夏日防蚊蟲古典圓頂公主蚊帳,private
thailand doikham royal tomato dry 140g single cherry jewelry 24566,泰國 doikham 皇家 番茄乾 140g 單包櫻桃飾品 24566,private
nike wmns nike air zoom pegasus 34 high running shoes women 880560001nike,nike 耐吉 wmns nike air zoom pegasus 34 高階慢跑鞋 女 880560001,private
slippers cute big bowknot slippers elsa tsb8779,拖鞋 可愛大蝴蝶結百搭拖鞋3 艾爾莎tsb8779,private
liyo casual printed tank top,liyo理優休閒印花坦克背心e722026,private
karl lagerfeld fever theme cat hat black,karl lagerfeld 發燒話題 cat咪毛線帽黑色,private
2018 new winter moccasin lazy shoes white gray pink2018,2018秋冬新款 莫卡辛懒人鞋白色 粉色 灰色 1da57,private
baby love baby softening lotion 12oz,baby love 嬰兒柔膚乳液12oz,private
human peace casual shoes doll shoes black womens shoes,human peace 休闲鞋 娃娃鞋 黑色 女鞋 no629,private
chicken with case oppo r9 r9s r11 r11s plus f1 f1s a39 a57 a77,雞與牛手機殼oppo r9 r9s r11 r11s plus f1 f1s a39 a57 a77 a75,private
fashion simple practical pillow 58 cushion sofa decor pillow bolster,時尚簡約實用抱枕58 靠墊 沙發裝飾靠枕,private
head gear slow iron hook easy pack fishing special accessories,職人漁具慢速鐵板鉤 簡易包 釣魚專用配件,private
german original imported online flower fairy multifunction set pen set 57917 set,德國原裝進口 online 花仙子多功能套筆組 57917 組,private
play it then beige phone case asus zd552kl zb551kl zb552kl zc554kl ze554kl,姆明 亚美 噜噜米 手机壳 asus zd552kl zb551kl zb552kl zc554kl ze554kl,private
lamborghini aventador sv indonesia police car 1 64 play animal traffic play mat,lamborghini aventador sv 印度尼西亚警车 164玩达人交通玩具垫,private
native jefferson cream head casual shoes lightweight shoes unisex 001006399native jefferson,native jefferson 奶油頭休閒鞋 輕便鞋 男女共用 001006399,private
new balance 574 kl574skg women jogging suede mesh black lime,new balance 574 kl574skg 女款 慢跑鞋 麂皮 網布 黑白灰,private
alfastar fashion wood inear earphone w412,alfastar 時尚原木入耳式耳機 w412,private
button tie flix mix from kaohsiung ponzi cards new swan castle,钮钮相扣 flix mix 繁体中文版 高雄庞奇桌游 新天鹅堡,private
three low protein formula 800g,三多 低蛋白配方 800g,private
carnation slim butterfly type cotton night 14 pc,康乃馨超薄蝶型棉夜用14片,private
the human body conjoined twins dvd,特異人體連體雙胞dvd,private
samsung note4 mirror quality material 360 degree allinclusive protective,samsung 三星 note4 鏡面手機殼 優質材質360度全包防護鋁合金框金屬邊框電鍍保護殼可當鏡子,private
panelled pants net cool type l xl 12 1 pc x6 pack box,安安 成褲淨爽型lxl號121片x6包箱,private
cornell japan design nordic style dining table set 5 pcs set table chair ax4 cornell,cornell 日本設計北歐款餐桌組5件組餐桌餐椅ax4,private
perfect cut p9015 line shape socks,完美剪裁p9015 線條造型襪子,private
viewsonic 24 inch full hd ergonomic led lcd screen,viewsonic优派 24吋 full hd 人体工学led液晶屏幕 vg2439smh,private
philips daily collection toast cutter hd2582,飛利浦 daily collection 烤麵包機 hd2582,private
bubble life japan cb japan flow kitchen series glass chopping board,泡泡生活 日本cb japan flow廚房系列玻璃杯砧板收納架,private
american the enzyme tablets personal bottle 100 pcs bottle,模美安纖維酵素錠個人瓶100顆瓶,private
flashing girls baotou sandals children 21 25,閃燈女童包頭涼鞋小童2125,private
extra natural sweet grape flavor 28g,extra無糖口香糖香甜葡萄口味28g,private
max hd 10dfl new stapler,maxhd10dflnew 釘書機,private
nike lebron xiv low ep basketball shoes ao1756100,nike 耐吉 lebron xv low ep 籃球鞋 ao1756100,private
japan imported yohaku original series washi tape stripe pattern y 006,日本進口 yohaku 原創系列 和紙膠帶 條紋圖案 y006,private
side backpack oblique backpack leather tote bag,側背包 斜背包 真皮菱格包 qsf包包,private
queenshop 01022815 mens gradient denim shirt s m l xl purchase,queenshop 01022815男裝 漸層牛仔襯衫 smlxl預購,private
amiss a110 35 exclusive japanese classic size peach,amissa11035獨家日系經典大小桃心,private
desk bay single 3x6 feet double sided cloth breathable mattress magic baby u2322,台灣製單人3x6尺雙面布透氣床墊 魔法babyu2322,private
crystal ballshaun the sheephave a sweet day!,crystal ballshaun the sheephave a sweet day!,private
tops casual multi color polo shirt elsa tme5232,上衣 休閒多色系polo杉 艾爾莎tme5232,private
pgs7 photo cover fuji sq can be sticky 10 pc scz7937,pgs7 相片保護套富士 sq可黏款 10入scz7937,private
apieu color lip pencil matt silk satin,apieu color lip pencil matt絲緞,private
pilot card water marker card water 10 boxes 1 box 10 pcs,pilot 可換卡水白板筆卡水10盒1盒10支入,private
tsaio grass balance shampoo 1000ml,tsaio上山採藥 蕺草均衡洗髮精1000ml,private
roger gallet spain citrus fragrance body lotion 200ml,roger gallet 西班牙柑橘香水身体乳液 200ml rng0420013,private
sexy plaid styling casual business shirt,經典流行特色格子造型百搭休閒商務襯衫w0180755651,private
doma jojoba oil 200ml new packaging,朵瑪 荷荷芭滋養油200ml新包裝,private
germany staedlerms323sb10 triangular writing pen,德國施德樓ms323sb10三角書寫彩繪筆,private
big pocket trousers irregular loose denim long pants,大口袋褲管不規則鬆緊牛仔長褲,private
nine pants male loose feet pants mens pants yx042813,九分裤男宽松小脚休闲裤潮流男士裤子 yx042813,private
hater snapback gunmetal logo beanie black,hater snapback gunmetal logo beanie black,private
roush stand collar open button design brush cap teee 715583,roush 立領開釦設計刷毛帽teee 715583,private
oppo a3 a75s a75 a73 a73s find x phone case mirror soft stand case,oppo a3 a75s a75 a73 a73s find x 手機殼 鏡面軟殼 鏡面氣囊支架殼,private
0 2 girls short sleeve home suit magic baby k50475,02歲寶寶短袖居家套裝 魔法babyk50475,private
michael kors jet set travel scratch resistant leather button type long wallet,michael kors jet set travel 防刮皮革釦式長夾,private
salvatore ferragamo free time extraordinary journey men edt syringe 1.5 ml,salvatore ferragamo free time 非凡之旅 男性淡香水 針管 1.5ml,private
chl np h7tof 907 a k 250 code wedding new house diy ribbon 11 colors,chl nph7tof907ak 250碼婚慶結婚新房用diy絲帶彩帶 11色可選,private
cute cartoon samsung s6 edge s7 edge s8 a8 j7 parrot,手機殼 可愛卡通 三星 s6 s6edge s7 s7edge s8 s8 a82016 j72016鸚鵡兄弟,private
j ii double arrow little nylon backpack 6171j ii,j ii 雙箭頭小款尼龍後背包6171,private
palmers palmers natural olive essence hair strong wash 400ml,palmers帕瑪氏 天然橄欖菁華髮根強健洗髮乳400ml,private
now promotion lamy star series 26 2 pen ef f m,即日起促銷lamy恆星系列26銀黑鋼筆effm,private
native jefferson block crocs white men and women shoes 11100102 8559 no410,native jefferson block 洞洞鞋 白色 男女鞋 111001028559 no410,private
duel reflect painting war 60 anniversary picksjapan classic dvd,戰記映畫戰後60周年精選日本海戰經典dvd,private
strong r8402d d 2 hole tube clip 12 enter box,立強 r8402d d型二孔管夾 12個入 箱,private
ao provence rose original essence 5ml. rose abs maroc. aqua oleum uk originalao,ao 普羅旺斯玫瑰原精 5mlrose abs marocaqua oleum 英國原裝,private
attract fortune no. 2398 hallo 1y price organic cotton pcs,徠福 no.2398 hallo 1y 標價機棉 個,private
kikiko action professional sport swimming goggles blue,kikiko action 專業休閒運動泳鏡blue,private
korean e glips nini bear mirror b pc cherry jewelry 26593,韓國 eglips 妮妮熊鏡子 乙入櫻桃飾品26593,private
baby shoes infant antislip prewalker magic baby g3072,寶寶鞋 嬰幼兒止滑學步鞋 魔法babyg3072,private
iron maiden dvd korea arielwhite eagle,鐵娘子dvd 韓湘琴白鷹,private
the generation 6000 eco marker pcs,利百代 6000 環保白板筆 支,private
nillkin apple iphone 8 plus 5.5 inch magic case tpu case shockproof case,強尼拍賣 nillkin apple iphone 8 plus 5.5吋 魔力套 tpu 防摔抗震 手機殼 手機套,private
papago 368mini hd driving recorder,papago 368minihd行車記錄器,private
qoopet multifunctional pet bag pink,qoopet多功能寵物背包粉,private
star crown morocco hair care gold oil 50ml,星之冠 摩洛哥護髮黃金果油 50ml,private
lunch bags poli bonny authorized genuine bags magic baby f0245,便當袋 poli波力授權正版提袋 魔法babyf0245,private
jeans harem pants denim drawstring pants,牛仔褲 男友褲 牛仔抽繩褲,private
new balance 247 white retro casual shoes,new balance 247 全白色 袜套 复古休闲鞋 mrl247dd,private
imarflex 2 litres 304 stainless quick kettle ik20062,imarflex 伊玛2公升304不锈钢快煮壶 ik2006,private
magic baby children girls running shoes light sneakers sa68305,魔法baby 兒童慢跑鞋 中大童輕量運動鞋sa68305,private
sign video surveillance 9x25cm s16083,指示牌錄影監視中 9x25cm s16083,private
caran d ache ike flower heritage pen m tip 958.349,caran dache艾可朵heritage鋼筆m尖958.349,private
baby coat terry zipper casual coat jacket ug13220 good doll,寶寶外套 毛圈拉鍊休閒外套夾克 ug13220 好娃娃,private
ikea treasure japanese kitchen magnetic storage rack,宜家寶 日式廚房磁吸收納架,private
children hat t thick bristles very warm hooded tops magic baby k38781,兒童帽t 厚刷毛極保暖連帽上衣 魔法babyk38781,private
bunty rose red stone mud handmade soap material pack,芭蒂蘿絲紅石泥手工皂 材料包,private
lovedo the only multi kids sport player 23 trend polo shirt navy,lovedo艾唯多童裝運動球員23號 潮流polo衫 深藍,private
hole bow lazy running shoes peach 1ce28,洞洞蝴蝶結懶人慢跑鞋桃色1ce28,private
coach new c logo carriage pvc zipper long wallet,coach 新款c logo 馬車pvc拉鍊長夾,private
bubble life germany playmais play corn clay small box horse,泡泡生活 德國playmais 玩玉米黏土小巧盒馬,private
united states hello kitty happy cutlery set,康是美 hello kitty 開心餐具組,private
taiwan up yabai simple style disposable co2 system set a 163,台灣up雅柏簡易式拋棄式co2系統組 a163,private
bonjouracc triangle felt ball 925 silver ear clip type,bonjouracc 三角毛毡球 925银针 夹式 针式 耳环,private
diy cut bangs artifact,diy剪瀏海神器,private
sony xperia z5z5 compactz5 premium tempered glass screen protector,blue power sony xperia z5z5 compactz5 premium 9h鋼化玻璃保護貼,private
the tide outdoor breathable sun hat baseball cap bq273,叫阿潮户外透气遮阳帽子棒球帽子bq273,private
simple english phone case htc e9 m8 m9 m10 u11 u ultra u11 u play,簡約英文 手機殼 軟殼 htc e9 e9 m8 m9 m9 m10 u11 u ultra u11 u play,private
perfect cut korean stamp drawstring design comfortable casual shorts,完美剪裁m55508 韓系嚴選印花抽繩設計舒適休閒短褲,private
attract fortune no. 75 premium moxa indonesia pcs,徠福 no.75 特選艾絨印泥 個,private
kgh british style classic tote briefcase large pc 14 inch laptop 805rr3659kgh,kgh 英伦风经典手提公文包 可放入14吋笔电 805rr3659,private
peas shoes star sewing loafers the efforts sandaru 1459517 46,豆豆鞋 星星車縫樂福鞋 山打努sandaru145951746,private
licensed holl kitty square luggage barrel desktop trash can desk taiwan made,授權holl kitty方型置物桶桌上型垃圾桶台灣製,private
card popcorn happy party box,卡滋爆米花歡樂派對箱,private
perfect cut big face cat cushion pillow,完美剪裁p9006大臉貓猫咪靠墊抱枕,private
coated color cleaning pad sweet pink double size,包覆式彩色保潔墊 舒心粉 雙人尺寸,private
korean made. silk pattern size box earrings,韩制丝纹大小方框耳环,private
adidas originals superstar w white embroidered floral casual shoes,adidas originals superstar w 白色 刺绣 花卉 休闲鞋 b28014,private
laikou sleep mask moisturizing sleep mask 120g sleep mask,現貨 萊蔻睡眠面膜 保濕睡眠面膜 120g 睡眠面膜 睡前保養,private
the fresh adult diapers m 16 pc watsons,利清爽 成人紙尿褲 m 16片屈臣氏,private
clean keep s45 120180 5 five bearing heavy duty wave rack,潔保 s451201805 五層 承重型波浪架,private
apple wood sand rose 6l,蘋果木砂玫瑰6l,private
hdthe travelguilin dvd,高畫質hd實境之旅桂林dvd,private
korean beauty johnson mise en it perfect base hair nutrition hair oil gold 100ml ur8d,韓國美強生 mise en scene 完美基底髮根營養護髮油金色100mlur8d,private
mens linen trousers simple pants,男士亞麻長褲簡約男褲,private
rainbow rubber cup brush bottle brush mug brush cup brush,彩虹橡膠杯刷 奶瓶刷 保溫杯刷 杯刷 sinf6695,private
new balance 574 beige rose gold metal retro casual shoes,new balance 574 米色 玫瑰金 金属 复古休闲鞋 wl574fsa,private
miss. sugar embryolisse 24 hour magic moisturizer 75ml,miss.sugarembryolisse 24小時神奇保濕乳 75ml,private
temperament fresh practical hair band hair accessories hair hoop 311,時尚氣質清新實用髮帶 髮飾 髮箍311,private
men running shoes lightweight sneakers magic baby sd8035,慢跑鞋 男款輕量運動鞋 魔法babysd8035,private
karite paris shea honey almond moisturizing body milk 200ml,institut karite paris 巴黎乳油木 蜂蜜杏仁保濕美體乳 200ml,private
polarstar women sweat quick dry tshirt black p18102polarstar,polarstar 女 排汗快干t恤黑p18102,private
transcend 163264 microsdhc class10 60mbs400x memory card,transcend 163264 microsdhc class10 60mbs400x記憶卡公司貨,private
speed park schwalbe tubular gule tube tyres 180g,速度公園 schwalbe tubular gule 管胎膠 180g,private
tree de a4 b209 desktop data cabinet 1 5202a4 b209,樹德 a4b209 桌上型資料櫃 15202a4b209,private
kaiyi musicchristmas student choice series book 3,kaiyi music聖誕節樂譜christmas student choice series book 3,private
keyway rc 830 lily wide type anti slip chair replacement,keyway rc830 百合寬型止滑摺合椅,private
thailand kabuki grilled seaweed roll 12 roll box,泰國kabuki烤海苔卷 12卷一盒,private
fashion simple practical pillow 109 cushion sofa decor pillow bolster,時尚簡約實用抱枕109 靠墊 沙發裝飾靠枕,private
a village mammy village postpartum tight pants m xl 56864 good doll,六甲村 mammy village產後緊縮褲mxl 56864 好娃娃,private
one way dry beef and vegetables 1.5 kgx6 pack box,寶路 乾糧牛肉及蔬菜口味 1.5kgx6包箱,private
the spring gf663m round 4 holes clip 12 enter box,同春 gf663m 圓形4孔夾12個入 箱,private
REMOVED_SECRETwith silk, lip honey 1329mlREMOVED_SECRET,艾森絲歐若拉唇蜜 1329ml,private
asics arthurs gel nimbus 18 lite show top running shoes men t60xq5338 big o sportsasics,asics 亞瑟士 gelnimbus 18 liteshow 頂級慢跑鞋 男 t60xq5338 bigo sports,private
nekopara phone case for asus zenfone 4 3 2 deluxe ultra zoom laser selfie go,nekopara手機殼華碩zenfone 4 3 2 deluxe ultra zoom laser selfie go,private
korean personality heather chunky bracelet small puzi b11051,韓國個性麻花寬邊手鐲 small puzi b11051,private
puku blue penguin thumb type newborn pacifier 10305 good doll,藍色企鵝puku 姆指型初生安撫奶嘴10305 好娃娃,private
soto camping lamp wick st2101,soto 露營燈燈芯st2101,private
home shortsheather grey 93007,居家短褲麻花灰93007,private
black stripe cloth set 8891,黑現貨 條紋花布套裝 8891,private
new balance tier 3 retro shoes w530pra big o sports,new balance 紐巴倫 tier 3 復古鞋 女 w530pra bigo sports,private
new fashion cute baby embroidery dress,新品時尚可愛寶寶繡花連衣裙 洋裝,private
nike cheyenne 3.0 premium sport backpack ba5265011 big o sports,nike 耐吉 cheyenne 3.0 premium 運動後背包 ba5265011 bigo sports,private
adisi heat enhanced brass head camp as16104 urban adisi,adisi 热处理强化铜头营槌 as16104 城市绿洲,private
kimo outdoor casual shoes black shoes no544kimo,kimo 戶外休閒鞋 黑色 女鞋 no544,private
for honor 19mm smile long tail clip bc070 24 pc box,展榮 19mm微笑長尾夾 bc070 24入 筒,private
yogurt 0 zero salmon sensitive formula 14lb full age litter,優格 0零穀 鮭魚 敏感配方 14lb 全年齡貓用,private
sentinel dog baking chicken meat roll 170g paul pet products,御天犬烘烤雞腿肉捲170g寶羅寵品,private
wood ear sweet lace chiffon tops 1709075,木耳邊甜美系帶雪紡上衣1709075,private
lipstick 3.5g applestrawberrylemongrape,曼秀雷敦脣膏3.5g青蘋果草莓檸檬葡萄,private
longchamp folding short the leather nylon dumplings bag handbaggrey,longchamp 摺疊短提把 真皮 尼龍 水餃包 手提包 小包 女包 小灰,private
pooh tea time cartoon sleeping bag combed cotton desk bay disney,維尼 午茶時光 卡通睡袋 精梳棉 台灣製 迪士尼,private
usa fat cat grass toy,美國fat cat貓草玩具,private
st30039 waterproof decor big sticker 0508,珠友 st30039 防水装饰大贴纸0508,private
salvatore ferragamo fashion styling round face sunglasses,salvatore ferragamo 時尚造型圓面太陽眼鏡,private
tod s tod s single knot leather ballet flats,tods tods 單結飾小牛皮芭蕾平底鞋,private
shy by sydney evan wish bone sterling silver plated k gold necklace,shy by sydney evan wishbone 許願骨 鑲鑽純銀鍍k金項鍊,private
haruhi the melancholy episode02 limited edition dvdstorage box,涼宮春日的憂鬱episode02 限定版dvd收藏盒,private
xiaomia1mix2splus fashion marble crystal shell glass shell millet phone,小米a1mix2splus 時尚大理石紋水晶殼玻璃殼 小米手機殼,private
oversized storage net bag 20 8cm mesh debris storage ae10120,超大號儲物網兜 208cm 網狀雜物收納ae10120,private
dot focus adidas essentials chest logo square box gray blue hooded men b45729,dot聚點 adidas essentials chest logo 方形 方塊 灰藍 連帽 帽t 男款 b45729,private
tinker bells us rico s soprano saxophone bamboo soprano 25 pcs,小叮噹的店 美國 rico ris 高音 薩克斯風竹片 soprano 25片裝,private
phone case for samsung s8j7s6 edge s7 edge j3 pro j52016,煎蛋 零食 手机壳三星 s8 s8 j7 s6 s6 edge s7 s7 edge j3 pro j52016,private
eaa 007 star wars light at imperial desert soldier the beast,eaa007 星際大戰 曙光乍現 帝國沙漠兵野獸國,private
minimalist clear light free stacking three grid drawer 3 pc,極簡澈亮可自由堆疊三格抽屜3入,private
space diy drawer separator super simple super convenient storage organizer,空間diy抽屜隔板 超簡單超方便收納管理,private
gymboree us kids baby hat bear 0 3m 3 6m 6 12m,gymboree 美國童裝 嬰兒帽 毛線帽 熊熊 03m 36m 612m,private
korean bean x disney mascara 7g disney joint minnie mascara curling thick eye,韓國 the saem x disney 睫毛膏 7g 迪士尼聯名 米妮睫毛膏 睫毛膏 捲翹 濃密 眼妝 美妝,private
augelute kids set home forest belly short sleeve set,augelute 兒童 套裝 居家森林護肚短袖套裝 31152,private
lace thin crochet shorts 2 colors f m058527,花邊顯瘦可內搭短褲2色 f m058527,private
mizuno wave inspire men running shoes j1gc164503 big o sports,mizuno 美津濃 wave inspire 慢跑鞋 男 j1gc164503 bigo sports,private
urban the series circuit pattern rose gold ballpoint pen,派克 parker urban 都會系列 電路紋 玫瑰金 原子筆 p0949140,private
adh2990 adidas wild burst silicone watch black red,adh2990 adidas 野生戰隊矽膠電子錶黑面紅,private
perfect cut m50305 hit color lovers casual baseball coat,完美剪裁m50305 撞色情侶款休閒棒球外套,private
temperament fresh practical hair band hair accessories hair hoop 306,時尚氣質清新實用髮帶 髮飾 髮箍306,private
ahc fairy water travel three set,ahc 神仙水中樣旅行三件組,private
ifairies zircon tassel earrings 33531,ifairies 鋯石流蘇耳環33531,private
the girl of canvas shoes student casual shoes,小蘿莉帆布鞋布鞋學生休閒板鞋,private
newton s6 adult dogs chicken pumpkin 2.72 kg paul pet products,紐頓 s6成犬 雞肉南瓜 2.72kg寶羅寵品,private
olfa dkb 5 economical 30 degree workpiece knife blade 50 pc box,olfa dkb5 經濟型30度細工刀刀片 50片 盒,private
artex give me a hand shape pen holder light silver no pen,artex give me a hand手形筆座 亮銀不含筆,private
elle on sold alone classic metal logo twill shoulder bag,elle 限量獨賣款經典金屬logo斜紋肩背包,private
oppo vooc mini new flash power adapter ak779 green box,oppo vooc mini 新款 原廠閃充電源適配器ak779 環保紙盒裝 mr03ak779w1,private
value 2 pack deodorant stuff insecticide camphor wood stick 10 pcs af07047 2,超值2包 除味驅蟲防霉樟木棒10支入af070472,private
ista izmir 4 the mesh head 2pcs,ista 伊士達 4分濾網頭 2pcs,private
late smell no add pure tuna loose 130g,旬之味無添加純鮪魚鬆130g,private
agn è s b. ab heart ordinary wind cosmetic bag small,agnès b. ab heart普普風化妝包小,private
at ink topmore stone dual usb car charger 3.1 a,達墨topmore stone 雙usb車用充電器 3.1a,private
pentel dragon zeh 20 standard eraser 12pcs box,pentel飛龍zeh20 標準型橡皮擦 12個盒,private
jansen natural aroma handmade ink tulip crimson 2108 reservationjansen,jansen天然香氣手工墨水鬱金香深紅色2108需預定,private
hario black vacuum insulation pot 02 vhs 60b,hario黑色真空02保溫壺 vhs60b,private
twice phone case for asus zenfone 4 3 2 deluxe ultra max zoom laser selfie,twice手機殼華碩zenfone 4 3 2 deluxe ultra max zoom laser selfie,private
htc phone shell cartoon alice for 530 626 728 825 826 828 830 a9 x9 eye e9,htc 手機殼 卡通 愛麗絲 適用於 530 626 728 825 826 828 830 a9 x9 eye e9,private
polarstar flower bud automatic inflatable pillow triangle p17737,polarstar花漾自動充氣枕三角p17737,private
colorful comfortable cotton plain polo blouse purple,多彩舒適棉素面百搭大尺碼polo短衫薰衣紫,private
mr building ms52850 progressive rubber pen pcs,施德樓 ms52850 漸進式橡皮筆 支,private
de oracle the oracle of delphi from kaohsiung ponzi cards new swan castle,德爾斐神諭 the oracle of delphi 繁體中文版 高雄龐奇桌遊 新天鵝堡,private
personality print phone case htc one me 820 830 826 816 628 626 728 a9 x9,個性印花手機殼htc one me 820 830 826 816 628 626 728 a9 x9,private
amiss c202 45 personality totem key tattoo tights peach flowers cat,amissc20245 個性圖騰刺青褲襪桃心小花貓,private
mens shoes sports shoes shoes running shoes air cushion shoes,男鞋運動鞋男休閒鞋跑步鞋氣墊鞋子,private
crystal music series crystal music 6 cd purchase tide 8,水晶音樂系列 水晶音樂版 6 cd 購潮8,private
nivea fruit color care lipstick peach watermelon 4.8 g,妮維雅 果漾潤彩護唇膏水蜜桃西瓜4.8g,private
girls summer dress magic baby k50319,女童裝 夏季洋裝 魔法babyk50319,private
coach horse carriage logo leather flip long wallet,coach 馬車 logo 皮革翻蓋長夾,private
long card nuts easy pack triangle stereo package series,萬歲牌 堅果隨手包三角立體裝系列,private
nike equilibrium modern tempo sports running shorts 723945010 big o sports,nike 耐吉 equilibrium modern tempo 運動路跑短褲 女 723945010 bigo sports,private
boots snow boots the fur warm black shoes b6217 no332,靴子 雪靴 內鋪毛 保暖 黑色 女鞋 b6217 no332,private
medical grade manuka 15 elixir of major cream 50g,藥級麥盧卡15極效霜 50g,private
new 82 organic essence natural lip vitality grapefruit 6g boxed,特惠82折 organic essence 天然護唇膏 元氣葡萄柚6g盒裝,private
indexes porter popular coin pack nzp4 g color s,日標porter人氣零錢包nzp4柒彩年代,private
poli bonny rescue hero robocar sandals blue cases no595,poli 波力 救援小英雄 robocar 涼鞋 藍色 中童 no595,private
a canteen mall yilibalo natural color hair,豐食堂商城憶麗貝蘿 yilibalo 自然色彩 染髮霜,private
ifairies large size dress 45074,ifairies 中大尺碼洋裝 連身裙45074,private
truvii classic black teak wood handle enamel cup 400ml,truvii 經典黑柚木柄琺瑯杯 400ml,private
morino to microfiber towel value 2 pcs set mo725,morino摩力諾超細纖維大毛巾超值2件組mo725,private
toddler set 0 3 years baby sleeveless set magic baby k50409,幼兒套裝 03歲寶寶無袖套裝 魔法babyk50409,private
sherlock holmesfour signature dvd,福爾摩斯四個簽名dvd,private
cartoon pokemon ze520kl ze552kl ze553kl zc553kl zc554kl ze550kl,卡通 手機殼 口袋妖怪 ze520kl ze552kl ze553kl zc553kl zc554kl ze550kl,private
unix curly hair ball 38mm cherry blossom powder pw5381tw,unix卷髮球38mm櫻花粉pw5381tw,private
the future diary case sony x xa1 xa ultra xzs xz xzp x1 xz1 compact z5 z3,未來日記手機殼sony x xa1 xa ultra xzs xz xzp x1 xz1 compact z5 z3,private
japan original rabuadabudabu sound,日本原裝rabuadabudabu響板,private
love tyrant phone shell sony z2 z3 z5 compact m4 m5 c4 c5 premium case,戀愛暴君手機殼sony z2 z3 z5 compact m4 m5 c4 c5 premium手機殼,private
canada 3 sprouts storage box rabbit taiwan authorized distributor,加拿大 3 sprouts 收納箱兔子 台灣授權代理商,private
korea tassel candy color straw thick bag shoes,韓流蘇糖果撞色草編厚底包鞋14420223,private
basecamp dustproof windproof mask,貝斯卡 面罩防塵防風面罩,private
v word hole cotton coat,v字挖洞純棉上衣,private
the 100 the stars dvd,世界百大發現天文星象dvd,private
white gold multipurpose series transplant owl pen mb 3000,白金牌多用途系列蒔繪貓頭鷹三用筆mb3000,private
dot focus adidas bp power iii l backpack school bag hanging black three,dot聚點 adidas bp power iii l training 後背包 書包 掛勾 黑色 三條線 ay5101,private
indexes porter free style key coin pack nzp10 g color s,日標porter free style鑰匙零錢包nzp10柒彩年代,private
acorn acorn korean college wind cross buckle back backpack 6417 black,acorn橡果韓風學院風十字扣後背包6417黑色,private
seeberger love del chocolate integrated nuts 150g pack,seeberger喜德堡巧克力综合坚果150g包,private
dr.wu hyaluronic acid serum 35ml,dr.wu玻尿酸保濕精華液35ml,private
jelly tube jelly grip rope low mid,jelly tube 果凍握力繩 弱中強,private
samsung cartoon unicorn note2 note3 note4 note5 note8 a8 2018 a8,三星 卡通 手機殼 獨角獸 note2 note3 note4 note5 note8 a82018 a8 2016,private
handmade low sugar cream puff box 16 pc,手工低醣奶油酥餅盒16片,private
fujifilm polaroid camera mini9 mini 9 whiteredgreenblue greenblue purple,富士 拍立得 相機 mini9 mini 9 白 紅 綠 淺藍綠 藍紫,private
mr building ms526b30 eraser pcs,施德樓 ms526b30 橡皮擦 個,private
taiwan azoo love ethnic sea integrated poster az90174 sea integrated poster,台灣azoo愛族 海水魚綜合海報 az90174 海水魚綜合海報,private
tennis badminton socks antibacterial cotton anti odor taiwan smile label m size,網球 羽球襪 抗菌 純棉 抗臭 台灣微笑標章 m size,private
tree de sc multifunctional locker scm3 3m6s,樹德 sc多功能置物櫃scm33m6s,private
lancome super tight 5d space massage cream 75ml testerlancome,lancome蘭蔻 超緊顏5d太空按摩霜75ml tester,private
buy 2 get 4 kailash khadi luxury herbal handmade soap honey,買 2 送 4 活動見詳情kailash khadi 豪華草本手工皂 草本蜂蜜 125g,private
ifairies shoulder messenger bag shoulder bag 49146,ifairies 單肩斜背包側背包肩背包49146,private
all stussy world tour crew bristles inside of cotton tee grey 1913753,allstussy world tour crew 刷毛內裡 棉t 灰色 1913753,private
sea of spa wild orchid flower with almond milk exfoliating shower gel,sea of spa 死海野蘭花與杏仁牛奶去角質沐浴露,private
goospery apple iphone 7 8 plus pudding case soft cover,強尼拍賣 goospery apple iphone 78 plus 布丁套 軟套 保護套 保護殼,private
phyto hair flower plant shampoo 100ml 200ml paris d,phyto 髮朵 植物洗髮精100ml 200ml巴黎丁,private
REMOVED_SECRETbackpack cloth, color english backpack joanna shopREMOVED_SECRET,後背包 布爾文彩色英文後背包joanna shop,private
ao orange flower water 100ml. neroli water. aqua oleum ao,ao 橙花花水 100mlneroli wateraqua oleum 英國原裝,private
small fresh two piece bikini,現貨 小清新 兩件式比基尼,private
a807 stainless steel l shape sign holder 81x61x119cm s1 57010807,a807 不銹鋼l型標示架81x61x119cm s157010807,private
japan edison toddler learning spoon fork set purplepink with storage box,日本 edison 幼兒學習湯匙叉子組紫粉附收納盒,private
summer fresh leaves phone case asus zb551kl zc554kl ze554kl ze520kl case,夏日清新葉子 手機殼 asus zb551kl zb552kl zc554kl ze554kl ze520kl 保護殼,private
haba whitening houndfish pure liquid 15ml,haba 美白角鯊精純液15ml,private
puma casual tops long dress casual tops,強登puma 休閒上衣 長版上衣 連衣裙 休閒上衣 57770901,private
neotec hyaluronic acid efficient skin hydrogel film 30ml 10 pc box,neotec玻尿酸高效潤膚水凝膜30ml 10片盒,private
eyup sabri tuncer mini edt amber and rose 16ml turkish designated brand,eyup sabri tuncer迷你淡香水琥珀與玫瑰16ml 土耳其航空指定品牌,private
white coffee shop mellow cappuccino white coffee box 5 pc,白咖啡坊香醇 卡布奇诺白咖啡盒装5入,private
weinashi vnice v 2608 strongly recommend solid knife shredder desk,維娜斯 vnice v2608 強力推薦實體刀碎紙機 台,private
am 7072zr floral bottle,am7072zr 花藝瓶,private
straps english padded sports vest,肩帶英文襯墊運動背心,private
tinker bells taiwan jts fgm 170t carbon 170cm floor microphone,小叮噹的店 台灣 jts fgm170t carbon 170cm 落地式麥克風,private
pet space pack pet capsule pack capsule pet backpack pet pack,正品 現貨 寵物太空包 寵物太空艙包 太空艙寵物背包 寵物硬殼包 寵物外出包,private
simple fresh case for asus ze520kl ze552kl ze553kl zs550kl zs570kl zd551kl,簡約清新 手機殼 華碩 ze520kl ze552kl ze553kl zs550kl zs570kl zd551kl,private
us nasa east f40 premium automobile racing engine level oil essence 15 pg city,us nasa east f40 高級汽機車 競技級引擎機油精 15瓶 pg city,private
paris laya perfect white and 100ml watsons,巴黎萊雅完美淨白淨白潔面露100ml屈臣氏,private
japan shells printed led magnifier nails kikq0334 pcs,日本貝印 led放大鏡指甲剪kikq0334 支,private
minnie biore net tender cream net light glazed 1000ml oshima camellia hong,蜜妮 biore淨嫩沐浴乳 淨亮光澤型1000ml 大島山茶花香,private
htc a9s x10 desire 10 pro evo u play x9 desire 728 phone shell,htc a9s x10 desire 10 pro evo u play x9 desire 728 手機殼 天鵝流蘇,private
german original imported online night touch pen 26009 red pcs,德國原裝進口 online 超時空觸控鋼筆 26009 寶石紅 f 支,private
coghlans canada 0044 finger compass thermometer whistle,coghlans 加拿大 coghlans 0044 指北針 溫度計 哨子,private
japan holbein heavy body 18 colors acrylic paint 20cc au993,日本 holbein heavy body 18色壓克力顏料 20cc au993,private
adidas run sho m sport jogging shorts ai3295 big o sports,adidas 愛迪達 run sho m 運動慢跑短褲 男 ai3295 bigo sports,private
flavor love pheromones fragrances wild odor,flavor love費洛蒙香芬野性騷味,private
the shu min repair moisturizing essence milk 2 pc set,雅漾舒敏修護保濕精華乳二入組,private
creative iphone8 iphone7 plus i7 i8 mobile phone lanyard all fall ph01215,創意 iphone8 iphone7 plus i7 i8 手機殼 掛繩 全包防摔 ph01215,private
hario tca filter f 103s tca,hariotca濾器 f103s,private
polarstar windproof warm jacket blue green,polarstar 中性 防風保暖外套藍綠 p18219,private
tory burch cute navy wind anchor totem straw loafers,tory burch 可愛海軍風船錨圖騰草編樂福鞋,private
kose sekkisei love sea 5 pcs set,高絲 kose 雪肌精 珍愛海洋5件組,private
hello kitty note5 a5 a7 2016 case cover,hello kitty note5 a5 a7 2016 手機殼軟殼,private
apple iphone x iphone8 plus iphone7 plus i6s plus cherry blossom series soft,蘋果 iphonex iphone8 plus iphone7 plus i6s plus 櫻花系列 軟殼 手機殼,private
moschino small pink fresh women edt 50ml 86 small shop recommend,moschino 小粉紅清新女性淡香水50ml 86小舖,private
pet case oppo r9 r9s r11 r11s plus f1 f1s a39 a57 a77,寵物當家手機殼oppo r9 r9s r11 r11s plus f1 f1s a39 a57 a77,private
sunshine and like pineapple enzyme natto x4 packs,陽光康喜 鳳梨酵素納豆x4盒,private
cat coin pack cute coin pack headset storage box horse mouth coin pack,貓咪零錢包 可愛零錢包 零錢包 耳機收納盒 馬口零錢包,private
airwalk slippers waterproof shoes pink peach child shoes,airwalk 拖鞋 勃肯鞋 防水 童鞋 桃红色 中童 137a014223 no009,private
pentel k600 metal ball pen,pentel k600金屬鋼珠筆,private
the struggle rival kings from kaohsiung ponzi multi fun cards,皇位紛爭 rival kings 繁體中文版 高雄龐奇桌遊 多樂,private
success 21333 japanese color magnet 3cm 12 card box,成功 21333 日式彩色磁鐵 3cm 12卡盒,private
tinker bells fjh2051 the of success piano this primary cd,小叮噹的店 fjh2051 美啟思成功鋼琴教本初級cd,private
breathable canvas harajuku thick bottom increased pink shoes,透氣帆布鞋原宿厚底運動增高粉色板鞋,private
fujitsu f500 256gb ssd,fujitsu f500256gb 固態硬碟,private
live life the dvd,活人生祭dvd,private
sexy side cardigan two type sleep shirt powder sweet heart ab03549,情趣側開襟二件式睡襯衣 粉 甜蜜情懷ab03549,private
disney sweet sour plain leather strap casual shoes green,disney 甜蜜爆棚素色皮質綁帶休閒鞋 綠色,private
new disney ear set dot narikiri baby doll disney,新迪斯尼 耳套點narikiri baby doll迪斯尼,private
karite paris shea rose queen moisturizing hand cream 75ml,institut karite paris 巴黎乳油木 玫瑰皇后滋潤保濕護手霜 75ml,private
chloe croatian small double atmosphere ribbon on gift name rose heart essence 20ml ur8d,chloe克羅埃 小小雙氛緞帶限量禮盒同名玫瑰之心香精20mlur8d,private
mr.bubble phone case sony x xa1 xa ultra xzs xz xzp x1 xz1 compact z5 z3,泡泡先生手機殼sony x xa1 xa ultra xzs xz xzp x1 xz1 compact z5 z3,private
modern character series ii dvd,近代歷史人物系列第二輯dvd,private
r1 nylon simple shoe covers,r1尼龙简便型鞋套,private
ifairies earrings 46207,ifairies 耳環46207,private
sw120 on sale penetration sexy faux stockings straight vine,sw120限量促銷透膚感造型絲襪直條藤蔓,private
ifairies thick bottom sandals 48920,ifairies 厚底涼鞋48920,private
back home orange pc 200g,元氣家 香橙片200g,private
erotic comics teacher mi redmi note 4x 6 2 3 4 5 4i 5s plus,情色漫畫老師手機殼小米機紅米機note 4x 6 2 3 4 5 4i 5s plus,private
garmma iphone 7 hello kitty transparent protective cover shell naughty,garmma iphone 7 hello kitty 透明保護軟殼 淘氣款,private
story learning machine story t,sofertic爱倪羊故事语言学习机故事机 t,private
polka dots lotus leaf word short tops,點點荷葉一字領短上衣,private
irma l c firming cream 50g original price 4500,歐瑪左旋c 緊緻面霜50g 原價4500元,private
ifairies hat back slit bow straw hat sun hat 44216,ifairies 遮陽帽 後開衩蝴蝶結草帽防曬帽子44216,private
japan pilot tupper pen fco 3sr,日本 pilot 百樂鋼筆 fco3sr,private
keith pure titanium children spoon fork titanium tableware,keith純鈦 ti5312兒童湯匙叉子鈦餐具,private
adidas d rose englewood iv td basketball shoes men s85564adidas,adidas 愛迪達 d rose englewood iv td 籃球鞋 男 s85564,private
quick drying ab glue 15g qs1 40g qs2,快乾型 ab膠 15gqs140gqs2,private
dieter army 3c wow ozaki cs3150r 3.1 wave hifi surround ww440 wr325,迪特軍3cwow ozaki cs3150r 3.1風潮機 hifi 環繞喇叭 另有 ww440 wr325,private
lancome muscle for revitalizes eye essence 15ml testerlancome,lancome蘭蔻 肌因賦活眼部精粹15ml tester,private
notebook backpack computer bag 15.6 inch 14 inch waterproof antitheft backpack,筆記本雙肩電腦包15.6寸14寸防水防盜背包雙肩包,private
caco stripe sweater women nch061 caco,caco條紋針織衫女nch061,private
life accessories variety 120x35 cm layers mesh special pp plastic plate,限加購配件類120x35公分 層網專用pp塑膠墊板,private
michael kors jet set scratch resistant leather phone clutch bag,michael kors jet set 防刮皮革手機手拿包,private
apollo excellent e century electronic safe smart 300bld,阿波羅 excellent e世紀電子保險箱智慧型300bld,private
REMOVED_SECRETspot tide brand model, brush necking pants fs319REMOVED_SECRET,REMOVED_SECRET現貨潮牌版型,刷毛縮口褲 fs319REMOVED_SECRET,private
make up ever tote bag 37x7.5 x39cm,make up for ever 手提袋37x7.5x39cm,private
men hiking shoes waterproof outdoor hiking shoes magic baby sa73503,男登山鞋 防水戶外登山鞋 魔法babysa73503,private
american kid o traffic series puff car blue,美國 kid o 交通系列噗噗車藍,private
pacific rim phone case oppo r9 r9s r11 r11s plus f1 f1s a39 a57 a77,環太平洋手機殼oppo r9 r9s r11 r11s plus f1 f1s a39 a57 a77,private
love in love with you dvd,愛呀愛上你dvd,private
logitech c922 pro stream webcam,羅技 c922 pro stream 網路攝影機,private
70x45x180 cm 4 layer rack black style,70x45x180公分 四層架黑色時尚風,private
korea. sexy personality trend wild baskets empty top m022053,韓性感個性潮流百搭簍空上衣m022053,private
fashion simple practical pillow 101 cushion sofa decor pillow bolster,時尚簡約實用抱枕101 靠墊 沙發裝飾靠枕,private
clean keep km 203 breathable leather chair sheets,潔保 km203 透氣皮椅 張,private
japan kitta portable sticker seal series fat animals,日本 kitta 攜帶型貼紙 seal系列 胖胖動物,private
babyeo2 pc baby silicone bib 5 options,babyeo任選2入 小寶貝立體矽膠圍兜五款可選,private
bbq hand fan ignition camping bbq ae02666 i style,bbq燒烤手搖鼓風扇 點火器 露營烤肉ae02666istyle,private
coach counter models taylor coach litchi grain leather shoulder tote pack,coach 專櫃款 taylor 馬車荔枝紋皮革 肩背托特包,private
green market banana chips 150g,菓青市集 香蕉脆片150g,private
hills indoor abyssinian special formula 2kg 4kg,希爾思室內成貓專用配方2kg4kg,private
alviero martini map pack tassel leather shoulder bag,alviero martini 地图包 流苏 小牛皮肩背包,private
broken plate girls dress vest dress sleeveless sweet slim sleeveless ifairies 25067,破盤出清洋裝 背心 連身裙 無袖甜美修身無袖ifairies25067,private
heavy duty neoprene high performance gloves,重型氯丁橡膠高性能防化手套,private
asus zenfone4 pro max selfie live 3 zoom anti fall all inclusive,華碩 asus zenfone4 pro max selfie live 3 zoom 防摔 全包保護殼 手機殼,private
swarovski 925 sterling silver bracelet e42,swarovski 施華洛世奇 925純銀手鍊 e42,private
pilot tupper hfgp 20r7 colorful shook mechanical pencils 0.7mm pcspilot,pilot 百樂 hfgp20r7 七彩搖搖自動鉛筆 0.7mm 支,private
cloud story the 2dvd vol 7,彩雲國物語2dvd vol7,private
village masahiko micro lead pc gold foil mask massage cream,村上正彥微導入金箔面膜按摩霜,private
roush slim fit single pocket fit plain shirt 715610,roush slim fit單口袋合身素面襯衫 715610,private
crystal ball galsia markez crown canvas tote bag,crystal ball galsia markez crown canvas tote bag,private
mara multilayer sports sunglasses swan grb mola sports,摩拉多層膜運動太陽眼鏡 swangrb mola sports,private
college wind lace drawstring shortsm051058,學院風百搭蕾絲花邊抽繩短褲m051058,private
natural beautiful maintenance heart trend,自然美麗的保養心趨勢,private
asus phone case pinocchio ze520kl ze552kl ze553kl ze554kl zd552kl z00,asus 手机壳 韩风 匹诺曹 ze520kl ze552kl ze553kl ze554kl zd552kl z00,private
iphone 66s case classic plain leather 4.7 inch hard casered,iphone 66s 手機殼 經典素面 皮革 4.7吋 硬殼紅色,private
cartoon large waist long waist sofa back cushion,卡通大號護腰長條靠枕腰枕沙發靠背 yx050427,private
childrens slippers disney mickey genuine magic slippers baby sk0249,兒童拖鞋 迪士尼米奇正版拖鞋 魔法babysk0249,private
squeaky apw043 xiaolu book purchase tide 8,吱吱 apw043 小魯圖書 購潮8,private
reebok sharp running furylite jersey retro shoes sports shoes female ar3043 big o sports,reebok 銳跑 furylite jersey 復古鞋 運動鞋 女 ar3043 bigo sports,private
dido deflect o 6cl0604 seats card holder a 130x70x60mm pcs,迪多deflecto 6cl0604 座席卡架a130x70x60mm 個,private
germany kaweco supra series brass pen,德國kaweco supra系列 黃銅鋼筆,private
sunflower buckle clip foot slippers with noa06,向日葵 鞋扣 夾腳拖鞋用 noa06,private
p1232 space response japanese folding in racks angle 32 clip,p1232空間對策日式折合曬衣架角型32夾,private
self card pp512 two hole clip box,自強牌 pp512 二孔 孔夾 箱,private
blueant pump lite2 wireless bluetooth sport earphoneslight blue,blueant pump lite2 無線藍牙運動耳機極光藍,private
algae soil absorbent mat large b7676,珪藻土吸水踏墊大b7676,private
sport badminton dvd,全民運動羽毛球dvd,private
3m 3036 6 scotch packaging scotch tape 48mmx40y 6 roll pc,3m 30366 scotch 封箱透明膠帶48mmx40y 6捲入,private
polo shirt indian geometric totem tops female,polo衫 印地安幾何圖騰上衣女,private
fashion simple practical pillow 39 cushion sofa decor pillow bolster,時尚簡約實用抱枕39 靠墊 沙發裝飾靠枕,private
color d type three words 2 pc dust cover sc,彩色d型三面插附2入防塵蓋 sc,private
running sports shoes shoes shoes shoes,韓版跑步運動鞋女鞋學生單鞋女球鞋百搭休閒鞋子,private
high density yoga brick 4 6 9 50d eva yoga brick 1 pcs,高密度瑜珈磚 469 50d eva瑜珈磚1pcs,private
blue flower white leopard sexy mid waist elastic bodycon underwear,蓝花白豹纹性感中腰弹力贴身内裤,private
kids classic ribbon sandals raspberry red,teva hurricance xlt2 兒童經典織帶涼鞋 覆盆子紅 1019390csrrs 現貨,private
pink stitching low heel pack.,粉嫩拼接低跟包鞋.白鳥麗子,private
adhesive automatic induction led lamp led night light l04069,黏貼式自動感應led燈 櫥櫃燈 led小夜燈 l04069,private
buy 2 get 4 kailash khadi herbal handmade soap rose geranium 125g,買 2 送 4 活動見詳情kailash khadi 草本手工皂 玫瑰天竺葵 125g,private
adidas female softening moisturizing body wash 250ml,阿迪达斯 女用柔肤保湿沐浴乳 250ml,private
leg waist fatigue relieve dual roller massager shopping168,腿部腰部疲勞舒緩雙滾輪按摩器 shopping168,private
paris laya 3 in 1 stereo eyebrow pencil 02 chocolate,巴黎萊雅3合1立體眉彩筆02巧克力,private
mickey mouse phone case samsung a7 2017 a8 2016 j3 2016 j3prime j7pro,卡通 米老鼠 手機殼 samsung a7 2017 a8 a8 2016 j3 2016 j3prime j7pro,private
blue aurora 4 port usb hub 4 port 4 switch,藍極光4埠usb集線器 4孔4開關,private
taiwan macro modern dry cone builtin protein filter awn 80 2000l long,台灣macro現代 幹式錐型內置蛋白過濾器awn80 2000l 免運,private
shakugan no shana phone case zenfone4 max selfie pro zenfone ar 4 4s 3,灼眼的夏娜手機殼zenfone4 max selfie pro zenfone ar 4 4s 3,private
lancome best water yan soothing moisturizing water cream 50ml testerlancome,lancome蘭蔻 超水妍舒緩保濕水凝霜50ml tester,private
tinker bells ap232 the alfred on piano 3,小叮噹的店 ap232艾弗瑞鋼琴表演3,private
sterling silver fortune cat double color line chinese knot bracelet,純銀抱元寶招財貓雙色線中國結手環,private
the london mxa bottom 10 double row price desk,巨倫 mxa6600 10位數雙排標價機 台,private
ardell fashion false eyelashes natural false eyelashes 8 pcs 110,ardell時尚假睫毛自然款假睫毛8入組 110,private
meis grandma rustic natural dog pet food 1.816.35 kg,梅亚奶奶 乡村天然狗宠粮 1.816.35 kg,private
create synthetic life dvd,創造合成生命dvd,private
bear school case sony x xa1 xa ultra xzs xz xzp x1 xz1 compact z5 z3,小熊學校手機殼sony x xa1 xa ultra xzs xz xzp x1 xz1 compact z5 z3,private
hello kitty sandals shoes whitered children no739,hello kitty 凱蒂貓 kitty 涼鞋 童鞋 白紅色 小童 no739,private
shills small waist curve hula cream,shills 小腰曲線呼拉霜,private
toast hamburger cutter k2200,三箭牌 吐司漢堡切割器 k2200,private
mihong anthocyanins lutein x 8 package groups 30 pcs pack,mihong花青素葉黃素 x 8包組30顆包,private
personality tiger phone case i5s i6s i7s i8s i5 i6 i7 i8 i6 i7 i8,個性老虎手機殼i5s i6s i7s i8s i5 i6 i7 i8 i6 i7 i8,private
htc u11 ultra desire 10 pro evo 830 728 x10 x9 cartoon cat rhinestone shell,htc u11 ultra desire 10 pro evo 830 728 x10 x9 卡通貓咪水鑽殼 手機殼,private
australia cedel propolis antibacterial black toothpaste 110g value three into,澳洲cedel蜂膠抗菌無糖牙膏110g超值三入,private
iphone7 i7 i8 plus i7 apple cartoon cute lying doll phone shell soft case,apple iphone7 i7 i8 plus i7 蘋果 卡通可愛趴趴公仔 手機殼 手機套 保護殼 保護軟套,private
crystal health series 55g,晶健康系列55g,private
cat playground jungle series 5,貓咪遊樂場叢林系列5號,private
marlmarl shorts gentleman little shorts green onions,marlmarl shorts 紳士小短褲蔥青,private
kingston dt10664gb datatraveler 106 64g usb3.0,kingston 金士頓 dt10664gb 隨身碟 datatraveler 106 64g usb3.0,private
the sak with shrimp feed young shrimp 75g sinking type,捷克 sak 觀賞蝦飼料幼蝦 75g 下沉型,private
old heather circle open ring ifairies 33637,做舊麻花圓圈開口戒指ifairies33637,private
polo shirt digital armband pink polo shirt m,polo衫 數字臂章大馬polo衫 男,private
american pennplax cartoon ornaments series bottles leather boss solid,美國pennplax 卡通飾品系列授權販售 皮老闆 免運,private
lesportsac sweet letter daily tote pack,lesportsac 甜蜜信件日常托特包,private
big v cross bandage leaves rompers s xl,大v交叉绑带树叶连身短裤sxl,private
12 super bright luminous stereo convex word mute clock 0737,12吋超亮夜光立體凸字靜音時鐘 0737,private
high waist thin five pants loose wear pants yx042813,高腰显瘦五分裤宽松外穿休闲裤 yx042813,private
shiny glossy long edition perspective shirt,閃亮光澤長版透視襯衫,private
max tea indonesia pull tea 25g 30 pack women bali island,max tea印尼拉茶 25g30包 可超取峇里島,private
super ant boy dvd,超能蟻男孩dvd,private
coach horse carriage logo lychee leather tote shoulder dual pack,coach 馬車logo 荔枝牛皮 手提肩背兩用包,private
huawei y7 prime y7s y6 2018 korean leather case protective cover,華為 huawei y7 prime y7s y6 2018 韓版 手機保護皮套 保護套 手機套,private
beauty de luxe muscle beauty! inside maintenance set,beauty de luxe 裸肌美人!由內而外保養組,private
mr building ms229nc12 happy college wide type crayon 12 colors set box,施德樓 ms229nc12 快樂學園加寬型蠟筆十二色組盒,private
swarovski original licensed asus zenfone 2 5.5 inchstardiamond,pgscase 施華洛世奇 原廠授權 asus zenfone 2 ze550mlze551ml 5.5吋禮星鑲鑽,private
ifairies large size long sleeve t shirt tops ifairies 59000 59000,ifairies 中大尺碼長袖t恤上衣ifairies5900059000,private
royal elastics oblique backpack shoulder black 517 0408 097 no041royal elastics,royal elastics 斜背包 肩背 黑色 517 0408 097 no041,private
set summer suit coat cotton shorts set elsa tae6333,套裝 初夏西裝外套棉麻短褲套裝2 艾爾莎tae6333,private
ifairies chiffon tops 45804,ifairies 雪紡上衣45804,private
japanese german bloody by dvd,日軍德軍血腥的暴行dvd,private
value 6 pc bronzing red envelopes bag bd09006,超值6入 燙金紅包袋bd09006,private
caco splicing petticoat university t female nch209,caco拼接襯裙大學t女nch209,private
breakout crisis dvd vol12,驚爆危機dvd vol12,private
absny silky long lasting liquid eyeliner abll01,absny絲滑持久眼線液abll01,private
stemcin rebirth energy snail essence,stemcin 再生能量蝸牛精華液,private
genuine leather female small handbag crossbody weave pack,真皮女用小手提斜背二用包,private
beto cld 032ag aluminum alloy portable pump,beto cld032ag鋁合金攜帶式打氣筒,private
jami honey jc3000 animal carnival party 12 color pencil set,jami honeyjc3000動物狂歡會12色彩色鉛筆組,private
hills 7 years abyssinian hairball control formula 2kg 4kg,希爾思7歲以上成貓毛球控制配方2kg4kg,private
japan kose hyaluronic acid whitening lotion makeup water 180ml,日本kose hyalocharge 玻尿酸透潤 美白化粧水180ml,private
miss. sugar female.nevertheless nov sunscreen cream spf35 pa 30g,miss.sugar娜芙 nov 防曬隔離霜spf35 pa 30g,private
natural licorice oval 160g pumpkin seeds 150g shopping168,natural甘草瓜子160g 南瓜子150g shopping168,private
mizuno mizuno running shoes female,mizuno 女 美津浓 慢跑鞋 j1gd183001,private
warm small shop hero 359 pen special ink 6 pc pack,溫馨小舖hero 英雄359 鋼筆 專用 墨水管 6入包,private
care joe cell meet me water spa tencel soft mask 6 pc set,健喬信元 meet me水spa天絲柔面膜 6入組,private
baby shoes desk bay poli genuine bonny anti slip sandals magic baby sa81116,寶寶鞋 台灣製poli正版波力款止滑涼鞋 魔法babysa81116,private
courage 2 dvd vol 1,勇往直前2 dvd vol1,private
doublenine fashion suede peaked cap letter embroidery cap s64613doublenine,doublenine時尚麂皮絨鴨舌帽嘻哈帽字母刺繡百搭潮帽s64613,private
nike wmns nike lunarglide 7 jogging shoes female 747356005 big o sportsnike,nike 耐吉 wmns nike lunarglide 7 慢跑鞋 女 747356005 bigo sports,private
fm collectiontexture leather casual white shoes,fm collection質感真皮休閒小白鞋12260001,private
ista adjustable wind pipe,ista 可調式風管三通,private
hello kitty hello kitty back bag pink kt 6653,hello kitty凱蒂貓後背書包粉紅kt6653,private
parker jotter tablets series aria black rod pen p0028270 f,派克 parker jotter 記事系列 瑞雅 黑桿 鋼筆 p0028270f,private
bubble life mickey silicone anti slip invisible socks 15 24cm,泡泡生活 迪士尼米奇矽膠止滑隱形襪1524cm,private
square cookie pastry bag 300g,德一 卡賀方塊酥袋裝300g,private
venessa arizaga taipei shopsmart 2fl you re one in a melon bracelet,venessa arizaga 台北shopsmart直營店youre one in a melon 手鍊,private
japan maruman a5 looseleaf blank notebook hn183a,日本 maruman a5 活頁空白筆記本hn183a,private
gap kids long sleeve logo patch top,gap 童裝長袖logo貼布上衣,private
small buckle sealed cans 600ml fresh moisture storage tank kitchen dry food,小号 搭扣密封罐 600ml 保鲜 防潮 收纳罐 厨房 干粮,private
nike air berwuda prm retro sports shoes male 844978300 big o sports,nike 耐吉 nike air berwuda prm 復古運動鞋 男 844978300 bigo sports,private
fashion color stripe leisure shoes blue pink white cf428 1,時尚配色條紋休閒鞋 藍粉白cf4281,private
liyo v collar chiffon shirt,liyo理優v領寬袖雪紡上衣e722016,private
kids set table bay thin long sleeve home suit magic baby k60092,兒童套裝 台灣製薄長袖居家套裝 魔法babyk60092,private
baseus king mobile phone radiator cooling gamepad stand charging power,baseus倍思 王者手机散热器 散热手柄 支架 充电电源,private
integrated forming road safety hat,一體成型公路安全帽子,private
original 4port high speed hub hub2k tax cargo,創見 4port高速 hub 集線器 ts hub2k 含稅公司貨,private
ifairies wallet purse long wallet ifairies 56480 56480,ifairies 皮夾錢包長夾ifairies5648056480,private
toro walnut 3x6 flower line high shoe cabinet cs 405,toro胡桃3x6花線高鞋櫃 cs405,private
drink tea black bean 200g ak07020 buy dessert i style,下酒泡茶 黑豆200gak07020團購點心istyle,private
orient watch date ii mechanical watch fac0000ddorient,orient 東方錶 dateii機械錶 fac0000dd,private
crazy funny shop4fun baby hooded wrap bath towel,購瘋趣shop4fun嬰兒寶寶連帽包巾浴巾,private
cpu03s usb to lightning cable mfi apple certified silver,銀欣 cpu03susb轉lightning 傳輸線mfi蘋果原廠認證銀色,private
magic square grid ballpoint pen 18 613,魔術四方格原子筆18613,private
lotus leaf cake top wide tube pants set,荷叶蛋糕上衣宽管长裤套装,private
gatsby with antibacterial wipes frozen orange value pack,gatsby體用抗菌濕巾極凍冰橙超值包,private
the lang! groom dvd chen shakepure sweet,阿郎!阿郎dvd 陳震雷張純芳,private
pentel dragon xgfl 102 111 color brushpcs,pentel飛龍xgfl 102111 彩色毛筆 支,private
htc phone case cartoon stitch m7 m8 m9 m10 u11 u ultra u play u11 a9s htc,htc 手機殼 卡通 史迪奇 m7 m8 m9 m9 m10 u11 u ultra u play u11 a9s,private
soft 99 coating car wax strong water watt,soft 99 鍍膜車蠟強力撥水型,private
sc taiwan manufacturing luxury diy female,sc台灣製造豪華型diy母插,private
brilliance ghn 3621 two straight noncarbon multiple value 20 pc pack,光華 ghn3621 二聯直式非碳紙複寫估價 20本入 包,private
new balance 574 series running shoes devil felt pink children kids shoes kv574qgi no337,new balance 574系列 跑鞋 魔鬼氈 桃紅色 小童 童鞋 kv574qgi no337,private
boys set desk bay monster watch cotton vest suit magic baby k50145,男童套裝 台灣製妖怪手錶純棉背心套裝 魔法babyk50145,private
kgh canvas basketball pack military packunisex backpack large capacity bag 803rr4357kgh,kgh 帆布籃球包 行軍包 韓版男女後背包 大容量運動包 803rr4357,private
breathable mesh deodorant sweat five toe socks not color dt1179,透氣網眼防臭排汗五趾襪 不挑色 dt1179,private
twopiece set thick thread coat skirt m xxl,現貨兩件式套裝加厚螺紋外套長裙 mxxl,private
6879 0621 metal ring hanging neck slim strapless dress,68790621金属圆环挂脖修身露肩连身裙 洋装,private
nike wmns roshe two sports shoes female 844931001 big o sports,nike 耐吉 wmns roshe two 運動休閒鞋 女 844931001 bigo sports,private
nov sunscreen spf50 9g,nov 娜芙 防曬條霜 spf50 9g,private
ur8d ferrari red power thermal men edt 75ml,ur8dferrari 法拉利 red power熱力男性淡香水75ml,private
europe could cold tea honey flavor tea 30 pack box,歐可 冷泡茶 蜜香紅茶 30包盒,private
self card a480 folder box,自強牌 a480 資料夾 箱,private
home big cushion desk bay for household bedding magic baby id8 p,居家大靠墊 台灣製家用寢飾 魔法babyid8p,private
simple buckle shoulder bag s7 s8 key bt 16206 black white,簡約環扣肩背包 鍊條包bt16206 黑白,private
adidas run 70s black classic retro casual jogging shoes,adidas run 70s 黑色 经典 复古 休闲慢跑鞋 s99950,private
taiwan jns magnetic procreation h 40,台灣jns磁吸式珊瑚繁殖架角h40,private
rebecca minkoff regan satchel soft leather litchi pattern weave pack,rebecca minkoff regan satchel 軟皮荔枝紋二用包,private
finding nemo 2 glass magnet dolly the beast,海底總動員2 玻璃磁鐵 多莉款野獸國,private
couple shortsleeved t summer washed 33 digital short sleeve t,情侶短袖t 夏季水洗33數字短袖t,private
REMOVED_SECRETreal techniques, eyes, starter kit, 5 brushes case eye makeup brush travel setREMOVED_SECRET,REMOVED_SECRETreal techniques, eyes, starter kit, 5 brushes case 眼妝刷旅行套s107REMOVED_SECRET,private
japan shiseido neuve provoke me eyebrow 1.5 g cherry jewelry 23648,日本 shiseido 資生堂 neuve 惹我眉筆 1.5g櫻桃飾品23648,private
miyoshi new high purity laundry soap 2f3119,miyoshi 新高純度 洗衣皂2f3119,private
dogeared mini flower teeny flower gold earrings 14k gold,dogeared 台北shopsmart直營店 迷你花朵 teeny flower 金色耳環 鑲14k金,private
kaloya absolute sexy velvet lip glaze colored optional 3g,kaloya絕對霧感絲絨唇釉 五色任選3g,private
clean keep cp 820c 2h public chair set,潔保 cp820c2h 公共排椅 組,private
magic girl ipass the love kitchen on card,魔法少女ipasslove kitchen一卡通,private
fashion wild cat mini small shoulder pack inclined shoulder pack fm aj3023,時尚百搭貓咪迷你小方包 單肩包 斜肩包fmaj3023,private
bonjouracc rose small diamond adjustable 925 sterling silver dangle earringsbonjouracc,bonjouracc 玫瑰 小鑽 可調 925銀針 垂墜 耳環,private
taylor silk taylor swift case sony z2 z5 compact m5 c5 premium,泰勒絲taylor swift手機殼sony z2 z3 z5 compact m4 m5 c5 premium,private
parker jotter series steel rod white ballpoint pen p0032770,派克 parker jotter 記事系列 鋼桿白夾 原子筆 p0032770,private
phone case asus cactus ze520kl ze552kl selfie ze553kl zs550kl,手机壳 原宿风仙人掌 华硕 ze520kl ze552kl selfie ze553kl zs550kl zs570kl,private
nike lebron xiii low bg basketball shoes women 834347002 big o sportsnike,nike 耐吉 lebron xiii low bg 籃球鞋 女 834347002 bigo sports,private
botanist botanical body wash 490ml,botanist 植物性沐浴乳 490ml,private
spring spa bath barrel foreign bx2,春天spa泡澡桶限宅配 bx2,private
hater snapback velvet cap flannel snapback black,hater snapback velvet cap 絨布老帽 黑,private
and well comds safety series reflective vu 03 patella band knuckle protection,康得適 comds 護具系列 反光 vu03 髕骨帶 關節保護,private
cross virgin oval leather long necklace nb851 korean back,十字架圣母椭圆牌皮革长项链nb851韩国带回,private
new balance 247 sports shoes running shoes black shoes child ka247t2p no338,new balance 247 運動鞋 跑鞋 黑色 中童 童鞋 ka247t2p no338,private
baby hat magic baby g3604a,嬰兒帽 魔法babyg3604a,private
germany jbl treasure novo tom fish artificial floating soft feed 100ml,德國jbl珍寶 novo tom幼魚人工懸浮軟體飼料 100ml,private
adata uv130 racing drive,威剛adata uv130 賽車行動碟,private
nike court royale canvas mens casual shoes white,nike court royale canvas 男休闲鞋 白 aa2156100,private
morinoxlucas designer joint fashion sport off shoulder pants blue mo2413,morinoxlucas設計師聯名時尚運動平口褲藍 mo2413,private
hc store waterproof large capacity backpack blue leaf fern,hc store防水大容量後背包藍葉羊齒蕨,private
miravivi lg optimus g pro e988 a series stand type notebook cover,miravivi lg optimus g pro e988 悠系列立架式筆記本皮套,private
mens pin buckle leather belt,男士針扣牛皮腰帶,private
fabercastell huibai 1207 0.7mm refillcase,fabercastell輝柏 1207 0.7mm筆芯 盒,private
down jacket warm top dazzling letters embroidery down cotton jacket elsa tgk5919,羽絨外套 保暖首選亮眼字母刺繡羽絨棉外套 艾爾莎tgk5919,private
prada robot printed nylon clutch bag,prada 機器人印花尼龍手拿包,private
college sexy pleated culottes,学院感百褶裤裙,private
a hung strong sticky hook 6 pc seamless hook hanger hanging holder,ahung強力黏掛鉤 掛勾 6入 無痕掛鉤 無痕掛勾 掛勾 掛架 吊架,private
ziya sony ps4 wireless game handle remote control handlebar usb cable from,ziya sony ps4 無線遊戲手把遙控手把 usb線 中距款,private
long version pocket cardigan knit coat,長版口袋開襟針織外套,private
bonjouracc women choker 3d circle triangle zircon earrings,bonjouracc 正韓立體圈圈三角鋯石耳環,private
guerlain pure blemish balm cleansing spa exfoliating gel 75ml,guerlain嬌蘭 純淨美肌清潔spa去角質凝膠 75ml,private
swimwear swimsuit bikini in pink high waist swimwear swimsuit bikini 689a,泳衣 泳裝 比基尼bikini 喬依 粉色高腰 泳衣 泳裝比基尼689a,private
nike as w nk df knit tank sports vest jogging vest female 831497011,nike 耐吉 as w nk df knit tank 運動背心 慢跑背心 女 831497011,private
big hook with funnel red blue jt139,大漏網附漏斗紅藍 jt139,private
dayneeds 120x45x180 five paint punch metal,dayneeds120x45x180五層烤漆沖孔鐵架,private
arome by watsons silky fragrance aroma shower gel 500ml,arome by watsons絲柔馥郁香氛沐浴乳500ml,private
envirosax australia bags national brand bondi pavilion federation coast,envirosax 澳洲環保購物袋國民品牌 bondi pavilion 邦代海岸 多紋,private
smart energy saving countdown timer power,智慧節能倒數定時器 省電,private
japan gex schisandra kittens water dispenser 900ml ge2316,日本gex五味 幼貓用循環淨水飲水器 900ml ge2316,private
backpack schoolbag airwalk future declaration organizer backpack a755321820,背包 後背包 書包 airwalk 未來宣言萬用後背包 a755321820,private
long coat ol aesthetic double breasted houndstooth coat elsa tak6174,長大衣 ol美學雙排釦千鳥格大衣 艾爾莎tak6174,private
fatties hand warm pack cute lion animal doll,fatties手心暖暖包俏皮獅子lion動物玩偶,private
betty core herbal shuhuo shower gel 1000ml,蓓蕊草本舒活沐浴露1000ml,private
attract fortune no. 0 torn perfect waterproof shockproof bagpcs,徠福 no.0 撕不破防水防震袋個,private
magic baby pillow desk bay angry bird genuine pillow c0125,魔法baby 抱枕 台灣製憤怒鳥正版靠枕c0125,private
msi mini h370 gaming pro carbon motherboard msi,msi 微星 h370 gaming pro carbon 主機板,private
paris laya absolute love mirror lipstick 905 temptation fragrance 3g,巴黎萊雅絕對情迷鏡面唇膏 905誘惑香氛 3g,private
perfect cut korean fashion inner fur coat,完美剪裁s90379 韓版時尚內絨毛皮外套,private
pink eyelash eyes iphone8 iphone7 6s plus i6 i7 i8 case,粉色 睫毛 眼睛 iphone8 iphone7 6s plus i6 i7 i8 手機殼,private
dogeared taipei shopsmart 2fl beautiful rainbow silver earrings with original,dogeared 台北shopsmart直營店 美麗彩虹 rainbow 銀色耳環 附原廠盒,private
the and the the pineapple dry 150g,池上鄉農會池上鳳梨乾150g,private
bubble airbag cushion phone holder catcher,客制化 泡泡气囊气垫手机支架 捕梦网羽毛,private
kgh backpack korean backpack tablet backpack casual backpack kgh male,kgh 後背包 筆電包 韓版背包 旅行背包 休閒背包 kgh 男 77c9218,private
tie line white 3.6 x200mm 2001,紮線帶白色3.6x200mm 2001,private
bmw m power body stickers e30 e34 e36 e38 e39 e46 e60 e65 yi xuan boutique,bmw mpower 車身貼 e30 e34 e36 e38 e39 e46 e60 e65 沂軒精品 a0317,private
oppo r17 a73s a75s r15 pro r11s plus findx ax5 christmas rhinestone case,oppo r17 a73s a75s r15 pro r11s plus findx ax5 手機殼 聖誕雪花鑽殼,private
adidas tf mcb mchth aerobic rhythm bra sport bra ak0238 big o sports,adidas 愛迪達 tf mcb mchth 有氧韻律bra 運動內衣 女 ak0238 bigo sports,private
nike as lebron m nk therma pant casual sports pants male 857152010,nike as lebron m nk therma pant 休閒運動長褲 男 857152010,private
lock lock llg884 upper cover,樂扣樂扣llg884上蓋,private
