source_text,target_text
mens inside out 2 believe in yourself trio tshirt,mens inside out 2 credere in te tshirt trio
boys nerf nerf christmas tree tshirt,ragazzi nerf nerf albero di natale tshirt
juniors womens my little pony made in 80s rollerskates tshirt,junior donne il mio pony fatto in 80s rollerskates tshirt
mens every wear short sleeve vneck tshirt goodfellow co,mens ogni indossare maniche corte vneck tshirt goodfellow co
mens inside out 2 my emotions in a day tshirt,uomo dentro fuori 2 le mie emozioni in un giorno tshirt
mens short sleeve slub jersey polo shirt goodfellow co,uomo maniche corte slub polo polo goodfellow co
hanes mens crewneck tshirt with fresh iq white,hanes mens girocollo tshirt con fresco iq bianco
indoor geometric shag woven rug threshold,indoor geometrico shag tessuto tappeto soglia
lands end kids squall waterproof iron knee bib snow pants,terre fine bambini squall impermeabile ferro ginocchio bavaglino neve pantaloni
boys pokemon eeveelutions tshirt,ragazzi pokemon eeveelutions tshirt
calphalon premier stainless steel 11pc set,calfalon premier in acciaio inox 11pc set
womens david bowie reality tshirt,donne david bowie realtà tshirt
womens the who oversized short sleeve graphic tshirt green,donne il chi oversize manica corta tshirt grafica verde
girls button front henley tshirt art class,ragazze bottone anteriore henley tshirt classe darte
toddler boys hot wheels striped tshirt offwhite,toddler ragazzi ruote calde strisce tshirt offwhite
girls puffer jacket all in motion,ragazze puffer giacca tutto in movimento
boys encanto casa magic tshirt,ragazzi encanto casa magica tshirt
snow joe 24vx2sb18 48volt ionmax cordless snow blower kit 18inch w 2 x 40ah batteries and charger,snow joe 24vx2sb18 48volt ionmax cordless kit soffiatore di neve 18 pollici w 2 x 40ah batterie e caricabatterie
skydance animations luck movie bob with vibes art mens blue glass tshirt,skydance animazioni fortuna film bob con vibrazioni arte uomo blu vetro tshirt
hope henry baby hooded one piece,spero che henry bambino incappucciato un pezzo
boys long sleeve tshirt cat jack153,ragazzi maniche lunghe tshirt gatto jack153
cuisinart classic 1qt stainless steel saucepan with cover 831914 small pot tempered glass lid evenheating dishwashersafe,cuisinart classico 1qt casseruola in acciaio inox con coperchio 831914 piccolo coperchio in vetro temperato pentola ancheriscaldamento lavastovigliesicuro
mens rocky sport utility 600g insulated waterproof boot,mens rocky sport utility 600g isolato impermeabile stivale
isotoner plaid quilted microsuede gloves,guanti in microsuede trapuntati isotoner plaid
jill zarin downtown,jill zarin in centro
girls toy story bo peep select stores tshirt,ragazze giocattolo storia bo peep selezionare negozi tshirt
boys jurassic world raptor logo attack tshirt,ragazzi jurassic mondo raptor logo attacco tshirt
mens teenage mutant ninja turtles group shot logo tshirt,mens adolescente mutante ninja tartarughe gruppo shot logo tshirt
womens fitted short sleeve vneck tshirt universal thread,manica corta manica girocollo tshirt universale filo
cuisinart classic mutliclad pro 2qt stainless steel triply saucepan with cover mcp1918n silver,cuisinart classico mutliclad pro 2qt in acciaio inox pentola triple con coperchio mcp1918n argento
eucalyptus 3pc duvet cover set durable microfiber paradise toile pattern breathable becky cameron,eucalipto 3pc copripiumino set resistente in microfibra paradiso toile pattern traspirante becky cameron
arden selections profoam essentials outdoor deep seat cushion 24 x 24,arden selezioni profoam essenziale per esterno cuscino di seduta profondo 24 x 24
hope henry baby sweater ruffle top footed legging and bonnet set,spero henry bambino maglione ruffle superiore piedi gamba e cofano set
apple ipad air 109inch wifi only 2022 5th generation,mela ipad aria 109inch wifi solo 2022 5a generazione
boys puss in boots the last wish space poster tshirt,ragazzi puss in stivali lultimo desiderio spazio poster tshirt
boys minecraft wolf tshirt,ragazzi minecraft lupo tshirt
girls garfield cool lasagna lover tshirt,ragazze garfield fresco lasagna lover tshirt
jockey mens slim fit cotton stretch crew neck tshirt 2 pack,jockey uomo slim fit cotone stretch girocollo tshirt 2 confezione
mens every wear polo shirt goodfellow co,uomo ogni indossare polo camicia goodfellow co
lands end womens supima cotton polo shirt,terre e donne supima polo di cotone camicia
girls my little pony a new generation power of friendship tshirt,ragazze il mio piccolo pony una nuova generazione potere di amicizia tshirt
lands end womens tall mesh cotton short sleeve polo shirt,terre fine donne alta maglia cotone manica corta polo camicia
isotoner men39s quilted microsuede gloves brown,isotoner uomo39s trapuntato microsuede guanti marrone
womens oversized long sleeve collared buttondown shirt universal thread,donne oversize maniche lunghe colletto buttondown camicia universale filo
school uniform young womens long sleeve mesh polo shirt,scuola uniforme giovani donne maniche lunghe maglia polo camicia
womens short sleeve ribbed 3pk bundle tshirt a new day blackwhitegray,donna manica corta a costine 3pk fascio tshirt un nuovo giorno nerobiancogrigio
cosco 2step kitchen stepper folding steel and resin step stool,cosco 2step cucina stepper pieghevole in acciaio e resina step sgabello
mens ice cube short sleeve graphic crewneck tshirt black,uomo ghiaccio cubo manica corta grafica girocollo tshirt nero
mens the twilight zone fifth dimension prologue tshirt,mens la zona crepuscolare quinta dimensione prologo tshirt
super soft quilted coverlet set lightweight all season bedding in geometric maze design,coverlet trapuntato super morbido set leggero tutta la stagione biancheria da letto in design labirinto geometrico
mens rocky warden pullon wellington public service boot,mens rocky direttore pullon wellington servizio pubblico stivale
womens disco cowgirl oversized short sleeve graphic tshirt light pink,donne disco cowgirl oversize manica corta grafica tshirt rosa chiaro
faux shearling lined adjustable alpine jacket the worthy dog,giacca alpina regolabile foderata a taglio finto il degno cane
maidenform m collection womens lace bodysuit mst008,maidenform m collezione donna pizzo bodysuit mst008
circulon a1 series with scratchdefense technology 2qt nonstick induction straining saucepan with lid graphite dishwashersafe aluminum cookware,circlone a1 serie con tecnologia antigraffio 2qt pentola antiaderente a induzione con coperchio lavastoviglie grafite in alluminio
cuisinart french classic 10pc stainless steel triply cookware set fct10,cuisinart francese classico 10pc acciaio inox triply pentole set fct10
the lakeside collection bird whisper window curtain panel with hanging rod pocket,la collezione lakeside uccello sussurro finestra pannello tenda con tasca asta appeso
boys short sleeve tropical printed woven buttondown shirt cat jack black,ragazzi manica corta tropicale stampato buttondown camicia gatto jack nero
womens short sleeve vneck tshirt a new day,donna maniche corte scollo a manica tshirt un nuovo giorno
tiny tinas wonderlands character group art mens charcoal heather tshirt,tinas minuscole meraviglie personaggio gruppo arte mens carboncino erica tshirt
wink w123 unisex multicargo scrub pant,wink w123 unisex multicargo scrub pant
minecraft warden distortion clash trend graphic youth boys navy tshirt,minecraft warden distorsione scontro tendenza grafica giovani ragazzi navy tshirt
lightweight all season quilt set soft microfiber coverlet in blooming daisy print,leggero tutta la stagione trapunta set morbida microfibra coverlet in fioritura stampa margherita
womens long sleeve knit midi dress wild fable,donne maniche lunghe maglia midi vestito selvaggio favola
petsafe scoopfree crystal disposable crystal cat litter trays lavender 3pk135oz,petsafe scoopfree cristallo usa e getta gatto vassoi lettiera lavanda 3pk135oz
boys stranger things creel household in the upside down tshirt,ragazzi cose strane creel famiglia in il capovolto tshirt
batman classic yellow bat logo black graphic tee shirt tshirt,batman classico giallo bat logo nero grafica camicia tshirt tee
tfal 2qt saucepan with lid platinum nonstick cookware gray,pentola tfal 2qt con coperchio in platino antiaderente grigio
boys39 2pk thermal set all in motion8482,ragazzi39 2pk termico impostato tutto in moto8482
boys pokemon its my 9th birthday pikachu tshirt,ragazzi pokemon suo 9 compleanno pikachu tshirt
girls39 long sleeve waffle tshirt cat 38 jack8482,ragazze39 maniche lunghe waffle tshirt gatto 38 jack8482
solid soft satchel handbag a new day,solido borsa morbida borsa a mano un nuovo giorno
mens rocky mobilite waterproof work boot,stivale da lavoro impermeabile da uomo roccioso
girls descendants the rise of red im a one girl riot tshirt,ragazze discendenti lascesa di rosso im una ragazza tshirt sommossa
boys pokemon christmas pikachu sleigh tshirt,ragazzi pokemon natale pikachu slitta tshirt
girls39 solid quilted jacket cat 38 jack8482,ragazze39 solido giacca trapuntato gatto 38 jack8482
luxe textured faux fur comforter and sham set khaki threshold,lusso textured eco pelliccia piumino e sham set khaki soglia
mens mens 6 in duck camo ankle deck boot,uomo uomo 6 in anatra camo stivale ponte caviglia
samsung galaxy fit 3 smartwatch fitness tracker 16 amoled display blood oxygen monitoring ip68 water resistant 13 day battery international model,samsung galassia fit 3 smartwatch fitness tracker 16 display amoled monitoraggio ossigeno sangue ip68 resistente allacqua 13 giorni batteria modello internazionale
lands end womens 34 sleeve supima cotton polo shirt,terre fine donne 34 maniche supima polo di cotone camicia
womens im more of a dog person turtleneck sweater heathered gray the cuddle collab,donne im più di una persona cane dolcevita maglione ericated grigio il collab coccola
boys 2pk short sleeve tshirt cat jack,ragazzi 2pk manica corta tshirt gatto jack
girls pokemon eevee happy birthday tshirt,ragazze pokemon eevee felice compleanno tshirt
boys lion king hakuna matata rainbow tshirt,ragazzi leone re hakuna matata arcobaleno tshirt
boys pokemon ghost type group tshirt,ragazzi pokemon tipo fantasma gruppo tshirt
demeyere industry 5ply stainless steel saucepan,demeyere industria pentola in acciaio inox 5ply
men39s short sleeve vneck buttondown shirt goodfellow 38 co8482,uomo39s maniche corte manica scollo buttondown camicia goodfellow 38 co8482
snow joe 24vss10ct 24volt ionmax cordless snow shovel 10inch tool only,neve joe 24vss10ct 24volt ionmax cordless pala da neve 10 pollici solo strumento
timberland mens flume work steel toe waterproof work boot,legnoland mens flume lavoro acciaio punta impermeabile stivale da lavoro
womens short sleeve ribbed vneck tshirt wild fable,donna manica corta a costine vneck tshirt favola selvaggia
cuisinart chef39s classic 14pc nonstick hard anodized cookware set 6614n nontoxic riveted handles induction safe,cuisinart chef39s classic 14pc antiaderente set di pentole anodizzate dure 6614n maniglie rivettate atossiche sicurezza induzione
boys power rangers blue ranger costume tee tshirt,ragazzi ranger potere blu ranger costume tee tshirt
wink w123 womens mock wrap scrub top,wink w123 donne mock wrap scrub top
circulon a1 series with scratchdefense technology 3qt nonstick induction straining saucepan with lid graphite,circlone a1 serie con tecnologia antigraffio 3qt pentola antiaderente a induzione con coperchio in grafite
kopari scents of paradise women39s hair 38 body mist kit 4oz ulta beauty,kopari profumi di paradiso donne39s capelli 38 corpo foschia kit 4oz ulta bellezza
youth girls nasa planets shortsleeve tshirt toddler girl to youth girl,giovani ragazze nasa pianeti shortsleeve tshirt bambino ragazza a ragazza della gioventù
goumi stay on baby mitts,goumi rimanere su guanti per bambini
alen breathesmart 45i 800 sqft air purifier with fresh hepa filter graphite,alen breatesmart 45i depuratore daria 800 mq con filtro hepa fresco grafite
lands end school uniform womens short sleeve interlock polo shirt,terre end scuola uniformi donne maniche corte intelaiatura polo camicia
cuisinart chef39s classic 14pc nonstick hard anodized cookware set 6614n,cuisinart chef39s classico 14pc antiaderente hard anodizzato pentole set 6614n
womens trimshaper hank tankini swimsuit top,top in costume da bagno donna trimshaper hank tankini
circulon a1 series with scratchdefense technology 8pc nonstick induction cookware pots and pans set graphite dishwashersafe tempered glass lids,circlone a1 serie con tecnologia antigraffio 8pc pentole e pentole antiaderente in acciaio inox set lavapiatti in vetro temperato
womens womens 6 in leather lace ankle deck boot,donne donne 6 in pelle pizzo stivale ponte caviglia
riverside 48 oval concrete propane fire pit,lato del fiume 48 calcestruzzo ovale fossa incendio propano
godog playclean germs monster squeaker plush pet toy for dogs puppies,godog gioco pulito germi mostro squeaker peluche giocattolo per cani cuccioli
boys short sleeve jersey uniform polo shirt cat jack,ragazzi maniche corte jersey uniforme polo camicia gatto jack
girls the mummy halloween costume tshirt,ragazze la mummia costume di halloween tshirt
levis mens classic fit short sleeve logo crewneck tshirt,levis mens classico fit manica corta logo girocollo tshirt
lands end womens moisture wicking upf sun elbow sleeve polo shirt stripe,terre fine donne umidità stoppinaggio upf sole gomito manica polo maglietta striscia
lands end womens relaxed supima cotton tshirt,terre fine donne rilassato supima cotone tshirt
josephine midcentury modern petite sofa christopher knight home,josephine midcentury moderno divano petite cristopher cavaliere casa
womens crepe short sleeve buttondown shirt a new day,donna crepe manica corta buttondown camicia un nuovo giorno
womens short sleeve square neck fitted seamless tshirt wild fable,donna manica corta collo quadrato montato tshirt senza cuciture favola selvaggia
exofficio givengo 20 briefs,exofficio givengo 20 slip
womens womens 6 in leather lace ankle deck boot,donne donne 6 in pelle pizzo stivale ponte caviglia
tfal 10pc ceramic excellence nonstick cookware set gray induction safe staycool handles tempered glass lids evenheating,tfal 10pc ceramica di eccellenza antiaderente pentole set grigio induzione sicuro staycool maniglie temperato coperchio di vetro ancheriscaldamento
hope henry mens fine gauge vneck pullover sweater,speranza henry mens maglione pullover fine gauge vneck
womens billie eilish oversized short sleeve graphic tshirt blue,donne billie eilish oversize manica corta tshirt grafica blu
womens short sleeve tshirt a new day,donna maniche corte tshirt un nuovo giorno
womens toy story sid skull tshirt,donna giocattolo storia sid teschio tshirt
lands end school uniform womens short sleeve feminine fit interlock polo shirt,terre end scuola uniformi donne maniche corte femminile vestibilità intrecciata polo camicia
farberware reliance 12pc nonstick aluminum cookware set with prestige tools,faberware affidamento 12pc antiaderente pentole in alluminio set con utensili di prestigio
lands end womens moisture wicking upf sun short sleeve curved hem tunic topprint,terre fine donne umidità stoppinaggio upf sole maniche corte curvi orlo tunica topprint
hanes mens 6pk vneck tshirt,hanes mens 6pk vneck tshirt
boys short sleeve tshirt cat jack,ragazzi maniche corte tshirt gatto jack
hope henry girls wide brim hat kids,speranza henry ragazze largo ala cappello bambini
timberland mens gritstone 6 work boot,legnoland mens gritstone 6 stivale da lavoro
girls short sleeve tshirt cat jack153,ragazze maniche corte tshirt gatto jack153
mens short sleeve henley shirt goodfellow co,uomo manica corta henley camicia goodfellow co
levis womens short sleeve cropped oracle ringer tshirt,levis donne maniche corte cropped oracle ringer tshirt
hp 15634 touchscreen laptop amd athlon 8gb ram 256gb storage windows 11 blue 15fc0035tg,hp 15634 touchscreen laptop amd athlon 8gb ariete 256gb finestre di archiviazione 11 blu 15fc0035tg
harry potter founder salazar slytherin of slytherin house hogwarts school of witchcraft wizardry mens green tee tshirt shirt,harry potter fondatore salazar slytherin di casa slytherin hogwarts scuola di stregoneria stregoneria mens tshirt verde tee
men39s long sleeve collared buttondown shirt goodfellow 38 co8482,uomo39s manica lunga collared buttondown camicia goodfellow 38 co8482
lands end womens mesh cotton short sleeve polo shirt,terre fine donna maglia cotone manica corta polo camicia
arm hammer clump seal multicat litter,braccio martello grumo tenuta lettiera multicat
womens short sleeve relaxed scoop neck tshirt ava viv,donna manica corta rilassato scoop collo tshirt ava viviv
boys minecraft group shot tshirt,ragazzi minecraft gruppo shot tshirt
lands end womens relaxed supima cotton tshirt,terre fine donne rilassato supima cotone tshirt
boys39 lanky box short sleeve graphic tshirt white,ragazzi39 lanky box manica corta grafica tshirt bianco
womens disney stitch short sleeve graphic tshirt blue,donna disney punto maniche corte tshirt grafica blu
sunnydaze electric fir wood 2tier farmhouse barrel with metal decorative hand pump outdoor water fountain,sunnydaze elettrico abete legno 2tier barile casa colonica con metallo decorativo pompa a mano allaperto fontana acqua
luvable friends dogs and cats cableknit pet sweater pink,amici luvable cani e gatti cablato animale domestico maglione rosa
boys back to the future retro marty mcfly poster tshirt,ragazzi di nuovo al futuro retrò marty mcfly poster tshirt
toddlers dr seuss christmas dont be a grinch santa hat tshirt,bambini dr seuss natale non essere un grinch santa cappello tshirt
girls wednesday dance scene tshirt,ragazze mercoledi danza scena tshirt
goumi mom organic pima tee,goumi mamma organico pima tee
lands end womens short sleeve basic mesh polo shirt,terre fine donne maniche corte maglia di base polo camicia
aveeno active naturals intense relief overnight cream73 oz,aveeno attivi naturali intenso sollievo durante la notte crema73 oz
maidenform womens 2pk firm shorts ses109 blacknude,maidenform womens 2pk ditta pantaloncini ses109 blacknude
mens mens 6 in leather lace ankle deck boot,uomo uomo 6 in pelle pizzo stivale ponte caviglia
soundcore motion x600 waterproof portable bluetooth speaker,movimento soundcore x600 diffusore bluetooth portatile impermeabile
hanes originals womens supersoft comfywear leggings 28,hanes originali donne supersoft comfywear leggings 28
twinfull size daybed with storage shelves and 3 drawers antique white milkmodernluxe,letto da giorno twinfull size con ripiani contenitore e 3 cassetti antichi bianchi lattemodernluxe
womens long sleeve vneck tshirt a new day,donna maniche lunghe scollo tshirt un nuovo giorno
boys teenage mutant ninja turtles take a pizza my heart tshirt,ragazzi adolescente mutante tartarughe ninja prendere una pizza il mio cuore tshirt
mens nsync rocker band pose tshirt,mens nsync rocker band posa tshirt
girls39 hello kitty 38 friends 4pk underwear,ragazze39 ciao gattino 38 amici 4pk biancheria intima
mens harry potter slytherin quidditch team seeker tshirt,mens harry potter slytherin quidditch team seeker tshirt
justice league flash triangle frame mens charcoal tshirt,giustizia lega flash triangolo telaio uomo carboncino tshirt
boys toy story buzz lightyear costume tee tshirt,ragazzi giocattolo storia buzz lightyear costume tee tshirt
mens disney lion king short sleeve graphic tshirt black,mens disney leone king manica corta grafica tshirt nero
mens short sleeve soft stretch tshirt all in motion,uomo manica corta morbida tshirt elasticizzata tutto in movimento
boys transformers split bot logo tshirt,ragazzi trasformatori split bot logo tshirt
lenovo t210 carrying case for 156 notebook high quality durable and water repellant fabric large storage capacity fits up to 156 laptops,lenovo t210 custodia per 156 notebook di alta qualità resistente e tessuto idrorepellente grande capacità di stoccaggio si adatta fino a 156 laptop
womens tunic long sleeve collared buttondown shirt universal thread,donna tunica maniche lunghe colletto buttondown camicia universale filo
pupperoni treats peroni beef flavor chewy dog treats,pupperoni tratta peroni di manzo sapore di cane gommoso tratta
boys jurassic world camp cretaceous campers 1 island tshirt,ragazzi jurassic mondo campeggiatori cretaceous 1 isola tshirt
girls the powerpuff girls rainbow flight tshirt,ragazze il powerpuff ragazze arcobaleno volo tshirt
tfal 12pc unlimited platinum nonstick cookware set gray,tfal 12pc illimitato platino antiaderente pentole set grigio
farberware cookstart 15pc aluminum nonstick cookware set with prestige tools red,cookstart farberware 15pc in alluminio antiaderente con utensili di prestigio rosso
spread smiles striped reversible dog bandana green the cuddle collab with ellie emma,spalmare sorrisi a strisce reversibile cane bandana verde la coccola collab con ellie emma
kitchenaid 10pc stainless steel cookware set light silver induction 38 oven safe dishwasher safe tempered glass lids,fornello in acciaio inox 10pc set pentole luce argento induzione 38 forno cassaforte lavastoviglie cassetta di sicurezza coperchio in vetro temperato
calphalon premier nonstick with mineralshield 15qt sauce pan with lid hard anodized tempered glass dishwashersafe,calfalon premier antiaderente con sali mineralihield 15qt pentola con coperchio rigido anodizzato vetro temperato lavastovigliesafe
mens rocky jasper trac 200g insulated outdoor boot,uomo roccioso diaspro trac 200g isolato allaperto stivale
farberware classic 3qt covered saucepan stainless steel dishwashersafe smooth surface 38 gas compatible 2piece set,faberware classico 3qt pentola coperta in acciaio inox lavastovigliesafe superficie liscia 38 gas compatibile 2pezzi set
boys short sleeve performance uniform polo shirt cat jack,ragazzi maniche corte prestazioni uniforme polo camicia gatto jack
circulon radiance 3qt nonstick hard anodized saucepan with straining lid gray,arculon radiance 3qt antiaderente tegame anodizzato duro con coperchio teso grigio
boys star trek periodic table of starfleet tshirt,ragazzi star trek tavola periodica di tshirt della flotta stellare
mens the little mermaid character poster tshirt,mens la piccola sirena personaggio poster tshirt
boys39 mickey mouse short sleeve graphic tshirt tan,ragazzi39 mickey mouse manica corta grafica tshirt abbronzatura
mens thundercats vintage character collage circle tshirt,mens thundercats vintage personaggio collage cerchio tshirt
boys scooby doo moon silhouette chase tshirt,ragazzi scooby doo luna silhouette chase tshirt
boys gi joe group shot tshirt,ragazzi gi joe gruppo shot tshirt
greenpan venice pro noir triply 13pc ceramic cookware set black,greenpan venice pro noir triply 13pc ceramica pentole set nero
mens mens 6 in ankle deck boot,uomo uomo 6 in stivale ponte cavigliera
mens harry potter bellatrix wanted poster tshirt,mens harry potter bellatrix voluto poster tshirt
girls stranger things title logo faded tshirt,ragazze cose straniere titolo logo sbiadito tshirt
girls ford bronco boxy short sleeve cropped graphic tshirt ivory,ragazze ford bronco boxy manica corta cropped grafica tshirt avorio
mens jaws 80s colorful wave tshirt,mens ganasce anni 80 colorful onda tshirt
the sak womens loyola leather backpack,lo zaino in pelle sak womens loyola
girls rainbow high colorful group shot tshirt,ragazze arcobaleno alto colorato gruppo sparato tshirt
boys short sleeve relaxed fit tshirt cat jack,ragazzi manica corta rilassato in forma tshirt gatto jack
noritake colortrio 4piece coupe place setting,noritake colortio 4piece coupe place setting
godog playclean sloth squeaker plush pet toy for dogs puppies,godog playclean bradipo squeaker peluche giocattolo animale domestico per i cuccioli di cani
mens rocky side zipper jump boot,mens rocky lato zip salto stivale
outdoor kitty house,casa di gattino allaperto
bioworld my hero academia izuku midoriya boys navy blue tshirt,bioworld il mio eroe accademico izuku midoriya ragazzi navy blue tshirt
mens mens 6 in leather lace ankle deck boot,uomo uomo 6 in pelle pizzo stivale ponte caviglia
mens disney villains valentines day meme evil tshirt,mens disney cattivi valentines day meme male tshirt
kitchenaid 5qt radiant gold colorfast finish stainless steel bowl ksm5ss,kitchenaid 5qt colorfast finitura oro brillante in acciaio inox ciotola ksm5ss
boys stranger things camp know where costume tshirt,ragazzi cose straniere campo sapere dove costume tshirt
toddler kids adaptive short sleeve 2pk tshirt cat jack,bambino bambini adaptive manica corta 2pk tshirt gatto jack
boys39 jaws american flip sequin short sleeve graphic tshirt white,ragazzi39 ganasce americano flip paillettes maniche corte grafica tshirt bianco
girls ada twist scientist its the best together tshirt,ragazze ada twist scienziato suo il migliore insieme tshirt
boys cuphead vintage circle tshirt,ragazzi cupyhead vintage cerchio tshirt
baggallini womens carryall laptop tote crossbody bag,baggallini donne carryall laptop tote borsa crossbody
mens wwe triple h the game logo tshirt,mens wwe triplo h il gioco logo tshirt
mens jurassic park rainbow emblem tshirt,mens jurassic parco arcobaleno emblema tshirt
girls wednesday iconic scenes tshirt,ragazze mercoledi scene iconiche tshirt
boys teenage mutant ninja turtles raphael costume tshirt,ragazzi adolescente mutante tartarughe ninja raphael costume tshirt
mens durango arena pro black and blue lagoon western boot,mens durango arena pro black and blue laguna western boot
long sleeve scoop neck side shirred maternity tshirt isabel maternity by ingrid isabel,maniche lunghe scoop collo laterale shirted maternity tshirt isabel maternità da ingrid isabel
womens minecraft be mine creeper tshirt,donna minecraft essere il mio strisciante tshirt
tfal 12pc expert forged nonstick cookware set black,tfal 12pc esperto forgiato antiaderente set di pentole nero
mens star trek spock space explorer tshirt,mens star trek spock spazio esploratore tshirt
hanes originals comfywear womens leggings,hanes originali comfywear leggings donne
boys crew neck tshirt all in motion,ragazzi girocollo tshirt tutto in movimento
mens regular fit short sleeve johnny collared polo shirt goodfellow co,mens regular fit manica corta johnny collared polo shirt goodfellow co
mens rocky arctic bearclaw goretex waterproof 1400g insulated camo boot,mens roccioso artico orsacchiotto goretex impermeabile 1400g isolato camo boot
womens be kind short sleeve graphic tshirt black,donne essere gentile manica corta tshirt grafica nero
girls39 hello kitty halloween short sleeve graphic tshirt black,ragazze39 ciao gattino halloween manica corta grafica tshirt nero
capezio womens georgia 2 ballroom shoe,capezio womens georgia 2 scarpe da sala da ballo
hanes premium mens xtemp mesh short sleeve crewneck tshirt 3pk blackgray,hanes premium mens xtemp maglia manica corta girocollo tshirt 3pk nero grigio
lands end womens relaxed supima cotton long sleeve vneck tshirt,terre fine donne rilassato supima cotone manica lunga manica vcollo tshirt
womens disney minnie mouse retro short sleeve graphic tshirt white,donne disney minnie mouse retrò maniche corte grafica tshirt bianco
jockey mens tall man made in america 100 cotton crew neck tshirt 2 pack,fantino uomo alto made in america 100 cotone girocollo tshirt 2 pack
boys pokemon pikachu poke balls tshirt,ragazzi pokemon pikachu poke palle tshirt
womens cozy ribbed long sleeve notch collar shirt and pants pajama set auden,donna accogliente a costine maniche lunghe tacca collare camicia e pantaloni pigiama set auden
hello kitty ice cream party juniors white long sleeve shirt,ciao gattino gelato party junior bianco manica lunga camicia
lands end school uniform womens long sleeve feminine fit interlock polo shirt,terre end scuola uniformi donne maniche lunghe femminile vestibilità intrecciata polo camicia
petsafe scoopfree crystal disposable crystal fresh scent cat litter trays blue 3pk,petsafe scoopfree cristallo monouso cristallo fresco profumo vassoi lettiera gatto blu 3pk
toddler girls printed short sleeve tshirt cat jack,bambino ragazze stampate maniche corte tshirt gatto jack
farberware classic series 3qt stainless steel straining sauce pan with lid silver dishwashersafe induction compatible,farberware classic serie 3qt in acciaio inox tegame con coperchio in argento lavastoviglie di induzione compatibile
tarte amazonian clay waterproof bronzer park ave princess 032oz ulta beauty,tarte amazzonia argilla impermeabile bronzo parco ave principessa 032oz ulta bellezza
men39s deadpool classic short sleeve graphic tshirt black,uomo39s deadpool classico manica corta grafica tshirt nero
boys nasa logo tshirt,ragazzi nasa logo tshirt
boys short sleeve end zone graphic tshirt all in motion blue,ragazzi maniche corte fine zona tshirt grafica tutto in movimento blu
best choice products prelit artificial snow flocked pencil christmas tree holiday decoration,migliori prodotti di scelta prelit neve artificiale matita floccato albero di natale decorazione vacanza
pampers baby dry diapers select size and count,pampers pannolini asciutti del bambino selezionare la dimensione e contare
kids adaptive short sleeve graphic tshirt cat jack,bambini adaptive maniche corte grafica tshirt gatto jack
native deodorant coconut 38 vanilla aluminum free 265 oz,deodorante nativo cocco 38 vaniglia alluminio libero 265 oz
toddler boys short sleeve henley tshirt cat jack,bambino ragazzi maniche corte henley tshirt gatto jack
kh pet products thermokitty bed,kh prodotti per animali letto termokit
boys short sleeve jacquard henley shirt cat jack,ragazzi maniche corte jacquard henley camicia gatto jack
girls39 fleece footless tights cat 38 jack8482,ragazze39 pile calzamaglia senza piedi gatto 38 jack8482
toddler adaptive short sleeve graphic tshirt cat jack,toddler adaptive manica corta grafica tshirt gatto jack
dog and cat sporty cargo jacket the cuddle collab with baloo pan,cagnolino e gatto sporty cargo giacca la coccola collab con baloo pan
hanes originals womens supersoft comfywear boxer shorts 5,hanes originali donne supersoft comfywear boxer pantaloncini 5
que bella donut peel off face mask 035oz,que bella ciambella sbucciare maschera viso 035oz
godog checkers squeaky plush dog toy chew guard technology,godog checkers squeaky peluche cane giocattolo chewing guard tecnologia
levis womens short sleeve corset tshirt,levis donne maniche corte corsetto tshirt
womens short sleeve vneck seamless tshirt wild fable,maniche corte manica scollo tshirt senza cuciture favola selvaggia
cuisinart classic 25qt stainless steel saucepan with cover 83192518 evenheating dishwasher 38 ovensafe pot,pentola cuisinart classica in acciaio inox 25qt con coperchio 83192518 ancheriscaldamento lavastoviglie 38 fornosafe pot
girls wednesday im not weird everyone else is tshirt,ragazze mercoledì im non strano tutti gli altri è tshirt
cuisinart culinary collection 12pc ceramic cookware set black nonstick stainless steel handles induction compatible,cuisinart collezione culinaria 12pc set ceramica antiaderente nero manici in acciaio inox induzione compatibile
rachael ray create delicious 10pc hard anodized cookware set with light blue handles nonstick lifetime warranty,rachael ray creare delizioso 10pc hard anodizzato pentole set con manici azzurri antiaderente garanzia a vita
exofficio womens givengo 20 fullcut briefs,exofficio womens givengo 20 slip fullcut
lands end womens no iron supima cotton long sleeve shirt,terre fine donne senza ferro supima cotone manica lunga camicia
womens short sleeve the perfect tshirt wild fable,donna manica corta la perfetta tshirt favola selvaggia
zwilling pro 2pc prep knife set,zwilling pro 2pc set coltello prep
womens smocked midi sundress universal thread,donna smocked midi sundress universale filo
lands end womens slendersuit grecian tummy control chlorine resistant one piece swimsuit,lands end womens slendersuit grecian pancia controllo cloro resistente un pezzo costume da bagno
godzilla shortsleeve tshirt,godzilla maniche corte tshirt
mens justice league vintage tshirt,mens justice league vintage tshirt
boys jurassic world dinosaur nature scene tshirt,ragazzi jurassic mondo dinosauro natura scena tshirt
select by calphalon with aquashield nonstick 8pc cookware set,selezionare per calfalon con aquashield antiaderente set di pentole 8pc
maidenform womens modern sculpts ultra firm thong ses200,maidenform donne sculture moderne perizoma ultra sodo ses200
hanes comfort fit scrubs womens rib back scrub top,hanes comfort fit scrubs donne costola posteriore scrub top
greenpan greenwich 10pc ceramic stainless steel cookware set,greenpan greenwich set pentole in acciaio inox ceramico 10pc
womens aladdin classic scene tshirt,donna aladdin classico scena tshirt
furhaven faux fur velvet memory foam sofa pet bed for dogs cats,furhaven eco pelliccia velluto memoria schiuma divano letto pet per cani gatti
girls teenage mutant ninja turtles leonardo costume tshirt,ragazze adolescente mutante ninja tartarughe leonardo costume tshirt
greenpan chatham 3 qt hard anodized healthy ceramic nonstick saucepan with lid,greenpan chatham 3 qt anodizzato in ceramica sana antiaderente con coperchio
exofficio givengo 20 boxer briefs 2pack,exofficio givengo 20 boxer slip 2pack
jockey sport mens microfiber 10 midway brief,fantino sport uomo microfibra 10 a metà strada breve
mens friends group poster tshirt,mens friends gruppo poster tshirt
minecraft creeper boys black tshirt,minecraft strisciante ragazzi nero tshirt
circulon steelshield cseries 10pc clad triply nonstick cookware plus bonus utensil set stainless steel induction safe,circlone acciaio shield series 10pc rivestito triply antiaderente pentole più bonus utensili set in acciaio inox ad induzione sicuro
boys fortnite llama pinatas pocket logo tshirt,ragazzi fortnite lama pinatas tasca logo tshirt
girls turning red 4town 99 australian tour badge tshirt,ragazze che diventano rosso 4town 99 australiano tour badge tshirt
girls lilo stitch 6th birthday hula dance tshirt,ragazze punto lilo 6 compleanno hula danza tshirt
godog playclean pterodactyl dinosaur squeaker plush pet toy for dogs puppies,godog playclean pterodactyl dinosaur squeaker peluche giocattolo animale domestico per i cuccioli di cani
hanes originals comfywear womens boxy long sleeve tshirt,hanes originali comfywear donne boxy maniche lunghe tshirt
samsung qn90d 55 4k neo qled hdr smart tv 2024,samsung qn90d 55 4k neo qled hdr smart tv 2024
apple airpods 4,aeropodi di mela 4
girls dr seuss merry grinchmas tshirt,ragazze dr seuss allegro grinchmas tshirt
mens winnie the pooh cloudy eeyore tshirt,mens winnie la cacca nuvolosa eeyore tshirt
lands end womens slub wedge tshirt,terre fine donne slub cuneo tshirt
mens universal shrek short sleeve graphic tshirt black,mens universale shrek maniche corte tshirt grafica nero
womens long sleeve slim fit tshirt a new day,donna manica lunga slim fit tshirt un nuovo giorno
micro grid rectangular woven indoor outdoor area rug threshold,micro griglia rettangolare intrecciato interno esterno tappeto soglia
hanes comfort fit scrubs womens scrub joggers,hanes comfort fit scrub donne scrub jogging
mens national lampoons christmas vacation electrified poster tshirt,mens lamponi nazionali natale vacanza elettrificato poster tshirt
womens long sleeve collared buttondown shirt universal thread,donna manica lunga collare buttondown camicia universale filo
hanes originals comfywear womens lounge pants,hanes originali comfywear donne lounge pantaloni
double strength larginine 1000 mg by now foods 180 tablet,larginina 1000 mg a doppia resistenza ormai alimenti 180 compresse
34 sleeve scoop neck nursing maternity tshirt isabel maternity by ingrid isabel,34 maniche girocollo allattamento maternita tshirt isabel maternità da ingrid isabel
cuisinart classic 8pc stainless steel cookware set with brushed gold handles matte white induction 38 oven safe pans,cuisinart classico 8pc in acciaio inox set di pentole con manici in oro spazzolato bianco opaco induzione 38 pentole di sicurezza del forno
jockey generation womens organic cotton stretch cropped tshirt,jockey generazione donne cotone biologico stretch cropped tshirt
five nights at freddys its me foxy and friends boys black tshirt,cinque notti a freddys suo me foxy e amici ragazzi nero tshirt
lands end school uniform kids short sleeve interlock polo shirt,lands end scuola uniforme bambini manica corta intrecciata polo camicia
farberware classic 1qt covered saucepan stainless steel cookware dishwashersafe gas 38 induction compatible pot,pentola in acciaio inox per pentola coperta 1qt classica farberware lavastoviglie gas sicuro 38 induzione compatibile pentola
boys cars lightning mcqueen portrait tshirt,ragazzi auto fulmine mcqueen ritratto tshirt
boys coco feliz navidad tshirt,ragazzi coco feliz navidad tshirt
lands end womens tall all cotton short sleeve crewneck tshirt,terre fine donne alto tutto cotone manica corta girocollo tshirt
latino heritage month adult short sleeve juan gabriel graphic tshirt black,latino patrimonio mese adulto manica corta juan gabriel grafica tshirt nero
the sak womens ryder crossbody,il sak womens ryder crossbody
mens rocky portland lacetotoe waterproof public service boots,mens rocky portland lacetotoe impermeabile stivali di servizio pubblico
lands end womens relaxed supima cotton tshirt,terre fine donne rilassato supima cotone tshirt
tfal 14pc performa stainless steel cookware set silver,tfal 14pc eseguire un set di pentole in acciaio inox argento
jockey mens active ultra soft modal vneck tshirt,jockey mens active tshirt ultra morbida modal vneck
womens disney villains valentines day breaking hearts tshirt,donne disney cattivi valentines giorno spezzare cuori tshirt
lemon grove stain resistant indoor outdoor spring summer tablecloth turquoise blue elrene home fashions,limone boschetto macchie resistente indoor primavera estate tovaglia turchese blu elrene casa mode
zwilling motion nonstick hardanodized 10piece cookware set in grey dutch oven fry pan saucepan,zwilling motion antiaderente con pentola rigida da 10 pezzi in pentola di padella grigio opaca
ecloth kitchen cloth 1 ct,panno da cucina ecloth 1 ct
girls short sleeve oversized graphic tshirt cat jack,ragazze maniche corte oversize grafica tshirt gatto jack
furhaven microvelvet luxe lounger orthopedic pet bed for dogs cats,furhaven microvelvet luxe lettino ortopedico per cani gatti
mens short sleeve performance polo shirt goodfellow co,mens manica corta performance polo goodfellow co
toddlers teenage mutant ninja turtles dude im 3 its pizza party time tshirt,bambini adolescenti mutante ninja tartarughe tizio im 3 la sua pizza partito tempo tshirt
womens highrise straight jeans universal thread,jeans diritti da donna filo universale
hanes pure comfort baby lightweight french terry fullzip hoodie organic cotton boys girls,hanes puro comfort bambino leggero francese spugna fullzip felpa in cotone biologico ragazzi ragazze
womens rocky womens side zipper jump boot,donne roccioso donne lato cerniera salto stivale
timberland,terreno di legna da ardere
boys super mario short sleeve graphic tshirt gray,ragazzi super mario maniche corte grafica tshirt grigio
jockey outdoors mens flannel field shirt,fantino allaperto uomo flanella campo camicia
mens long sleeve performance tshirt all in motion,uomo maniche lunghe prestazioni tshirt tutto in movimento
farberware reliance 2qt aluminum nonstick covered saucepan black dishwasher 38 oven safe cooking pot glass lid,farberware affidamento 2qt alluminio antiaderente coperto pentola nero lavastoviglie 38 forno sicuro coperchio in vetro di cottura
greenpan chatham 25qt triply stainless steel healthy ceramic nonstick sauce pan,greenpan chatham 25qt triply acciaio inox sano ceramica antiaderente padella salsa
hanes originals comfywear womens sleep crop bralette,hanes originali comfywear donne dormire crop bralette
skullcandy dime evo bluetooth earbuds with microphone true wireless with charging case,crackcandy dime evo bluetooth auricolari con microfono vero wireless con custodia di ricarica
cuisinart classic 4pc stainless steel saucepan set 15qt 38 3qt 834,cuisinart classico 4pc set pentola in acciaio inox 15qt 38 3qt 834
boys disney eat sleep repeat tshirt,ragazzi disney mangiare sonno ripetizione tshirt
farberware disney monochrome 2qt ceramic nonstick saucepan with lid black,farberware disney monocromo 2qt ceramica antiaderente pentola con coperchio nero
womens nirvana in utero short sleeve graphic tshirt white,donna nirvana in utero maniche corte tshirt grafica bianco
mens heavyweight short sleeve tshirt goodfellow co,uomo pesante maniche corte tshirt goodfellow co
mens rocky long range waterproof western boot,uomo roccioso lunga gamma impermeabile western boot
womens plus size sandy pintuck print shirt blue avenue,donne plus size sabbioso pintack stampa camicia blu viale
elemis procollagen advanced eye treatment 05 oz,elemis procollagen trattamento avanzato degli occhi 05 oz
hope henry boys organic long sleeve flag intarsia crew neck pullover sweater kids,speranza henry ragazzi organico a maniche lunghe bandiera intarsiato girocollo pullover maglione bambini
boys pokemon character boxup rainbow tshirt,ragazzi pokemon personaggio boxup arcobaleno tshirt
lands end school uniform young mens short sleeve mesh polo shirt,terre fine scuola uniforme giovane uomo maniche corte polo maglia camicia
short sleeve round neck nonshirred 3pk bundle maternity tshirt isabel maternity by ingrid isabel blackwhitegray,manica corta girocollo non shirered 3pk bundle premaman tshirt isabel premaman by ingrid isabel blackwhitegray
mens rocky sport utility 1000g insulated waterproof boot,mens rocky sport utility 1000g isolato impermeabile stivale
toddler girls39 long sleeve interlock uniform polo shirt cat 38 jack8482,bambino ragazze39 maniche lunghe interlock uniforme polo cat 38 jack8482
girls zombies zed and addison tshirt,ragazze zombie zed e addison tshirt
girls jurassic park logo henna print tshirt,ragazze jurassic parco logo henné stampa tshirt
golden girls blanche retro art mens light green tshirt,ragazze doro blanche retrò arte mens luce verde tshirt
womens disney mickey mouse short sleeve graphic tshirt white,donna disney mickey mouse manica corta grafica tshirt bianco
hope henry womens organic cotton short sleeve aline dress,speranza henry donne cotone organico manica corta abito aline
boys stranger things hellfire club costume tshirt,ragazzi strani cose inferno club costume tshirt
men39s short sleeve crewneck tshirt goodfellow 38 co8482,uomo39s manica corta girocollo tshirt goodfellow 38 co8482
mens rocky tmc plain toe oxford shoe,mens rocky tmc piede normale scarpa oxford
cuisinart french classic 10pc stainless steel triply cookware set fct10 kitchen evenheating staycool handles,cuisinart francese classico 10pc in acciaio inox triply pentole set fct10 cucina ancheriscaldamento manici staycool
mens dr seuss christmas grinch youre a mean one portrait tshirt,mens dr seuss christmas grinch youe un medio un ritratto tshirt
hanes beefyt unisex longsleeve tshirt value 2pack,hanes beefyt unisex tshirt manica lunga valore 2pack
boys battlebots red and blue logo tshirt,ragazzi battlebots rosso e blu logo tshirt
jockey outdoors mens corduroy field shirt,fantino allaperto uomo velluto cord camicia campo
hanes originals womens supersoft comfywear rib sleep shorts,hanes originali donne supersoft comfywear costola sleep pantaloncini
zwilling energy plus 2qt stainless steel ceramic nonstick tall saucepan,zwilling energia più 2qt acciaio inossidabile ceramica antiaderente casseruola alta
boys39 athletic printed tshirt all in motion,ragazzi39 atletica tshirt stampata tutto in movimento
mens georgia boot usa logger composite toe waterproof work boot,mens georgia boot usa logger composito punta impermeabile stivale da lavoro
mens long sleeve pocket crewneck tshirt goodfellow co,uomo manica lunga tasca girocollo tshirt goodfellow co
wink w123 womens yneck wrap scrub top,w123 womens yneck wrap scrub top
furhaven plush suede memory foam sofa pet bed for dogs cats,furhaven peluche scamosciato memoria divano letto pet per cani gatti
kh pet products outdoor heated kitty house,kh prodotti per animali allaperto riscaldata casa gattina
boys super mario ringer short sleeve graphic tshirt heather gray,ragazzi super mario ringer manica corta tshirt grafica erica grigia
lands end mens supert long sleeve tshirt,terre fine mens supert maniche lunghe tshirt
mens lion king hakuna matata sunset circle tshirt,mens leone re hakuna matata tramonto cerchio tshirt
hanes beefyt mens tshirt value 2pack big tall available,hanes beefyt mens tshirt valore 2pack grande alto disponibile
toddler boys spiderman short sleeve graphic tshirt gray,bambino ragazzi spiderman manica corta grafica tshirt grigio
boys teenage mutant ninja turtles candy hearts tshirt,ragazzi adolescente mutante tartarughe ninja caramelle cuori tshirt
girls short sleeve graphic new york baby tshirt art class blue,ragazze maniche corte grafica new york bambino tshirt arte classe blu
wink w123 womens comfort waist cargo jogger scrub pant,wink w123 donne comfort vita cargo jogging scrub pant
womens voluminous maxi skirt a new day,donna voluminosa maxi gonna un nuovo giorno
mens georgia boot wedge work boot,mens georgia stivale cuneo lavoro stivale
girls pokemon cute jigglypuff tshirt,ragazze pokemon carino jigglypuff tshirt
womens the incredibles classic logo tshirt,donne la incredibile classico logo tshirt
toddler girls rainbow tiedye short sleeve tshirt cat jack,bambino ragazze arcobaleno tiedye manica corta tshirt gatto jack
hanes sport cool dri mens performance long sleeve tshirt value 2pack,hanes sport cool dri mens performance maniche lunghe tshirt valore 2pack
girls luca go underdogs tshirt,ragazze luca go underdogs tshirt
mens marvel deadpool wolverine slashed logo tshirt,mens marvel deadpool wolverine slashed logo tshirt
cuisinart culinary collection 12pc ceramic cookware set blue,cuisinart collezione culinaria 12pc ceramica set di pentole blu
boys39 long sleeve upf tshirt all in motion,ragazzi39 manica lunga upf tshirt tutto in movimento
pampers pure protection diapers select size and count,pampers pannolini di protezione pura selezionare dimensione e conteggio
womens the muppets dr teeth and the electric mayhem tshirt,donne i muppets dr denti e il caos elettrico tshirt
hanes beefyt unisex pocket tshirt value 2pack,hanes beefyt unisex tasca tshirt valore 2pack
3pc silicone mini turner basting brush and tongs set figmint,3pc siliconico mini spazzola girevole basting e pinze set figmint
girls lilo stitch birthday girl stitch tshirt,ragazze lilo punto compleanno ragazza punto tshirt
mens superbad mclovin short sleeve crewneck graphic tshirt black,uomo superbad mclovin manica corta girocollo tshirt grafica nero
little planet by carters organic baby knit striped pullover sweater pullon pants set gray,piccolo pianeta da carrelli organico bambino maglia a righe pullover pullover pantaloni set grigio
womens up carl and ellie love tshirt,donne fino carl e ellie amore tshirt
womens fitted short sleeve tshirt universal thread,tshirt a maniche corte da donna con filetto universale
girls disney mickey mouse friends long sleeve jersey orange,ragazze disney mickey mouse amici maniche lunghe jersey arancione
mens georgia boot carbotec lt pullon boot,mens georgia boot carbotec lt pullon boot
cuisinart chef39s classic 11pc stainless steel cookware set 7711g,cuisinart chef39s classico 11pc set pentole in acciaio inox 7711g
toddler girls floral shirt cat jack cream,bambino ragazze camicia floreale gatto jack crema
toddler boys short sleeve dino poplin buttonup woven shirt cat jack green,bambino ragazzi manica corta dino poplin buttonup tessuto camicia gatto jack verde
luvable friends dog pet dog and cats cotton tshirts 2pk botanical leopard,amici vivibili cane cane cane e gatti cotone magliette 2pk botanico leopardo
lands end womens long sleeve relaxed upf 50 rash guard,terre fine donne maniche lunghe rilassato upf 50 rash guardia
womens meet me at the court oversized short sleeve graphic tshirt light green,donne incontrarmi alla corte sovradimensionato manica corta tshirt grafica light green
girls39 americana list boxy short sleeve graphic tshirt red,ragazze39 americana lista boxy manica corta grafica tshirt rosso
exofficio womens givengo 20 bralette,exofficio womens givengo 20 bralette
thomas friends tank engine 2 pack tshirts toddler,thomas amici serbatoio motore 2 confezione magliette bambino
garmin instinct rugged gps smartwatch,garmin istinto robusto gps smartwatch
girls winnie the pooh adventure poster tshirt,ragazze winnie il pooh avventura poster tshirt
kids39 solid puffer jacket all in motion8482,bambini39 giacca gonfiabile solida tutto in movimento8482
mens teenage mutant ninja turtles best friend shot tshirt,mens adolescente mutante ninja tartarughe migliore amico shot tshirt
dejon loveseat christopher knight home,dejon loveseat cristopher knight home
boys pokemon its my 8th birthday pikachu tshirt,ragazzi pokemon suo 8 compleanno pikachu tshirt
lands end school uniform young womens short sleeve rapid dry polo shirt,terre fine scuola uniforme giovani donne maniche corte rapida asciutto polo camicia
exofficio 3 givengo sport 20 boxer briefs,exofficio 3 givengo sport 20 boxer slip
cuisinart classic mutliclad pro 3qt stainless steel triply saucepan with cover mcp19318n silver dishwasher 38 induction safe,cuisinart classico mutliclad pro 3qt in acciaio inox pentola triple con coperchio mcp19318n lavastoviglie argento 38 induzione sicuro
harry potter i solemnly swear that i am up to no good unisex beige tshirt,harry potter giuro solennemente che sono fino a nessun buon unisex beige tshirt
boys minecraft graffiti creeper tshirt,ragazzi minecraft graffiti rampicante tshirt
farberware disney monochrome 2qt ceramic nonstick saucepan with lid black lifetime warranty dishwashersafe gas 38 electric,farberware disney monocromo 2qt ceramica antiaderente pentola con coperchio nero garanzia vita lavastovigliesicuro gas 38 elettrico
boys jurassic park t rex missing pet tshirt,ragazzi jurassic park t rex mancante animale domestico tshirt
men39s short sleeve embroidered buttondown shirt goodfellow 38 co8482 cream,uomo39s manica corta ricamato buttondown camicia goodfellow 38 co8482 crema
mens every wear crewneck long sleeve tshirt goodfellow co,uomo ogni indossare girocollo manica lunga tshirt goodfellow co
tfal 2qt saucepan with lid platinum nonstick cookware gray tempered glass lid stainless steel handle dishwashersafe,tfal 2qt pentola con coperchio in platino antiaderente pentola in vetro grigio temperato coperchio in acciaio inox maniglia lavastovigliesicuro
toddler girls halloween daisy short sleeve tshirt cat jack black,bambino ragazze halloween margherita manica corta tshirt gatto jack nero
southport outdoor patio loveseat threshold,sudport patio esterno loveseat soglia
boys spiderman across the spiderverse miles morales and spider gwen tshirt,ragazzi spiderman attraverso il spiderverse miglia morales e ragno gwen tshirt
boys pokemon christmas tree characters tshirt,ragazzi pokemon albero di natale personaggi tshirt
hanes originals womens supersoft comfywear sleep shorts 325,hanes originali donne supersoft comfywear sleep shorts 325
womens short sleeve vneck tshirt universal thread,maniche corte maniche scollo tshirt universale filo
goumi thermal all day jogger set,goumi termico tutto il giorno jogger set
mens rocky polishable dress leather chukka,mens rocky vestito lucidabile in pelle chukka
exofficio givengo 20 boxer shorts,exofficio givengo 20 boxer pantaloncini
girls scoop neck ribbed tshirt art class,ragazze scoop collo a costine tshirt classe darte
exofficio 6 givengo sport 20 boxer briefs,exofficio 6 givengo sport 20 boxer slip
jockey mens cotton modal blend signature hooded long sleeve tshirt,jockey uomo cotone modal mix firma cappuccio manica lunga tshirt
boys short sleeve striped tshirt cat jack,ragazzi maniche corte a righe tshirt gatto jack
the sak womens back to bali hobo,le donne sak tornano a bali hobo
hanes originals womens supersoft comfywear rib long sleeve tshirt,hanes originali donna supersoft comfywear costola manica lunga tshirt
mens back to the future retro marty mcfly poster tshirt,mens back to the future retrò marty mcfly poster tshirt
toddler girls 3pk short sleeve tshirt cat jack whiteblackgray,bambino ragazze 3pk manica corta tshirt gatto jack bianconerogrigio
timberland womens dunstan short sleeve tshirt,tshirt a maniche corte di dunstan da donna
mens harry potter hogwarts herbology tshirt,mens harry potter hogwarts erba tshirt
boys jurassic world blue raptor roar logo tshirt,ragazzi giurassic mondo blu raptor ruggito logo tshirt
boys puss in boots the last wish distressed purple puss in boots tshirt,ragazzi puss in stivali lultimo desiderio angosciato viola puss in stivali tshirt
leveret matching family pajamas unicorn rainbow print,pigiama di famiglia unicorno stampa arcobaleno
girls the nightmare before christmas seasons creepings tshirt,ragazze lincubo prima di natale stagioni striscianti tshirt
hanes premium 3pk label mens crewneck undershirt,hanes premium 3pk etichetta mens girocollo maglietta
boys stranger things starry bike ride tshirt,ragazzi cose strane starry bike giro tshirt
farberware classic 1qt covered saucepan,faberware classico 1qt coperto pentola
costway dual led electronic shot basketball arcade game with 8 game modes 4 balls foldable greywhite,costway doppio led elettronica tiro basket gioco arcade con 8 modalità di gioco 4 palle pieghevole grigiobianco
bridie midcentury loveseat christopher knight home,bridie midcentury loveseat cristopher cavaliere casa
furhaven luxury faux fur warming hilo cuddler bed,pelliccia di lusso ecopelliccia riscaldamento letto hilo coccolo
girls encanto casa magic tshirt,ragazze encanto casa magica tshirt
set of 6 outdoor solar powered pathway led torch light stakes black alpine corporation,set di 6 percorsi allaperto a energia solare ha portato torcia puntate luce corporazione alpina nera
mens ghost print glowinthedark halloween matching family pajama set hyde eek boutique orange,mens ghost print glowinthedark halloween matching family pigiama set hyde eek boutique arancione
lands end womens anyweather fleece adjustable earmuffs,terre fine donne qualsiasiweather pile regolabile cuffie
boys jurassic world indominus rex evolution tshirt,ragazzi jurassic mondo indominus rex evoluzione tshirt
full moon essentials chicken bites jerky dog treats 16oz,essenziale luna piena morso di pollo jerky cane tratta 16oz
tfal 12pc expert forged nonstick cookware set black tempered glass lids staycool handles gas 38 electric compatible,tfal 12pc esperto forgiato antiaderente pentole set nero temperato coperchio in vetro rimane fresco maniglie gas 38 elettrico compatibile
super mario nintendo luigi mario 3 pack graphic tshirts,super mario nintendo luigi mario 3 magliette grafiche confezione
lands end school uniform kids short sleeve feminine fit interlock polo shirt,lands end scuola uniforme bambini manica corta femminile vestibilità intrecciata polo camicia
circulon symmetry 35qt covered straining saucepan nonstick hard anodized induction 38 dishwasher safe chocolate brown,circlone simmetria 35qt coperto pentola antiaderente indurimento anodizzato duro 38 lavastoviglie sicuro cioccolato marrone
capezio womens sara 2 ballroom shoe,capezio womens sara 2 scarpe da sala da ballo
hanes originals comfywear womens rib crop tank,hanes originali comfywear donne costola crop serbatoio
girls my little pony rarity purple face tshirt,ragazze il mio piccolo pony rarità viola faccia tshirt
asus chromebook c424 14 full hd laptop intel celeron n4020 4gb ram 64gb emmc chrome os silver,asus chromebook c424 14 computer portatile hd completo intel cedrone n4020 4gb ram 64gb emmc cromo os argento
mens short sleeve 4pk crewneck tshirt goodfellow co,uomo manica corta 4pk girocollo tshirt goodfellow co
mens snow white and the seven dwarves xmas heigh ho tshirt,uomo neve bianco e i sette nani xmas heigh ho tshirt
zwilling clad cfx stainless steel ceramic nonstick saucepan,pentola antiaderente in ceramica di acciaio inossidabile cfx placcata zwilling
taylor 38 logan king keith wooden platform bed with headboard brown solid wood frame mdf veneer no box spring needed,taylor 38 logan king keith letto piattaforma in legno con testiera marrone telaio in legno massello mdf impiallacciatura no scatola molla necessaria
petsafe healthy automated pet feeder for cats and dogs black,petsafe sano alimentatore automatico per animali domestici per gatti e cani neri
minecraft sleep repeat boys charcoal tshirt,minecraft sonno ripetizione ragazzi carboncino tshirt
toddler boys long sleeve striped henley tshirt cat jack,bambino ragazzi maniche lunghe a righe henley tshirt gatto jack
lands end school uniform womens no gape short sleeve stretch shirt,terre end scuola uniformi donne senza gape manica corta camicia stretch
girls short sleeve fitness animals graphic tshirt cat jack,ragazze maniche corte fitness animali grafica tshirt gatto jack
cuisinart chef39s classic 11pc stainless steel cookware set 7711g induction compatible dishwasher 38 oven safe,cuisinart chef39s classico 11pc set pentole in acciaio inox 7711g induzione lavastoviglie compatibile 38 forno cassaforte
godog skinny dragons squeaker plush pet toy for dogs puppies soft durable tough chew resistant reinforced seams green large,godog skinny draghi squeaker peluche giocattolo animale domestico per i cani cuccioli morbidi resistente masticare resistenti cuciture rinforzate verde grande
boys the nightmare before christmas oogie boogie ugly sweater tshirt,ragazzi lincubo prima di natale oogie boogie brutto maglione tshirt
boys harry potter gryffindor g logo tshirt,ragazzi harry potter gryffindor g logo tshirt
purcell wood patio loveseat threshold8482 duraseason fabric8482 fabric weatherresistant patio furniture,purcell legno patio loveseat soglia8482 tessuto dura stagione8482 tessuto resistente alle intemperie patio mobili
boys encanto antonio wild child tshirt,ragazzi encanto antonio selvaggio bambino tshirt
women39s winnie the pooh and piglet graphic tshirt yellow,donna39s winnie la cacca e maialino tshirt grafica giallo
luvable friends dogs and cats knit pet sweater buffalo plaid,amici luvable cani e gatti maglia animale domestico maglione bufalo plaid
boys pokemon gotta catch em all group tshirt,ragazzi pokemon deve prendere em tutti i gruppi tshirt
apricot rose 3pc duvet cover set modern pattern soft breathable easy care becky cameron,albicocca rosa 3pc copripiumino set moderno modello morbido traspirante facile cura becky cameron
mens toy story distressed buzz lightyear pose tshirt,mens toy story angosciato buzz lightyear posa tshirt
kitty tower,"kitty towercity name optional, probably does not need a translation"
womens scoop neck cami tshirt wild fable,donne scoop collo cami tshirt favola selvaggia
printed plush houndstooth pillow square throw pillow with faux shearling reverse threshold,stampato peluche piedi piedi cuscino quadrato tiro cuscino con faux shearling inverso soglia
womens boxy open back cropped short sleeve shirt joylab,womens boxy aperto indietro cropped manica corta camicia joylab
womens short sleeve oversized sheer buttondown shirt wild fable,manica corta manica oversize semplice buttondown camicia selvaggia favola
mens monsters inc school of scaring tshirt,mens mostri inc scuola di paura tshirt
best choice products kids heightadjustable basketball hoop portable game w 2 wheels square backboard,miglior scelta prodotti bambini altezza regolabile canestro cerchio portatile gioco w 2 ruote quadrato backboard
hanes boys 5pk crew neck tshirt white,hanes ragazzi 5pk giro collo tshirt bianco
mens casual fit every wear short sleeve tshirt goodfellow co,mens casual misura ogni usura manica corta tshirt goodfellow co
greenpan chatham 13pc triply stainless steel healthy ceramic nonstick cookware set,greenpan chatham 13pc triply acciaio inox sano ceramica antiaderente pentole set
cuisinart matte 11pc stainless steel cookware set mw8911 white tempered glass lids ergonomic handles dishwashersafe,cuisinart matte 11pc set pentole in acciaio inox mw8911 coperchio in vetro temperato bianco maniglie ergonomiche lavastovigliesicuro
toddler boys39 short sleeve pretzel printed tshirt cat 38 jack8482 beige,bambino ragazzi39 maniche corte pretzel stampa tshirt cat 38 jack8482 beige
womens harry potter hogwarts alumni ravenclaw tshirt,donna harry potter hogwarts exumni ravenclaw tshirt
boys teenage mutant ninja turtles best friend shot tshirt,ragazzi adolescente mutante ninja tartarughe migliore amico sparato tshirt
samsung s90d 55 4k oled smart tv 2024,samsung s90d 55 4k oled smart tv 2024
mens rocky core waterproof 800g insulated outdoor boot,mens rocky core impermeabile 800g isolato allaperto stivale
jockey mens active ultra soft modal crew neck tshirt,jockey mens active ultra morbido girocollo girocollo tshirt
toddler boys teenage mutant ninja solid tshirt gray,bambino ragazzi adolescente mutante ninja solido tshirt grigio
exofficio 9 givengo sport 20 boxer briefs,exofficio 9 givengo sport 20 boxer slip
five nights at freddys santa freddy boys black tshirt,cinque notti a freddys santa freddy ragazzi nero tshirt
kh pet products heated aframe,kh prodotti per animali domestici riscaldati aframe
boys power rangers green ranger helmet tshirt,ragazzi power rangers verde ranger casco tshirt
boys jurassic world dinosaur collage tshirt,ragazzi jurassic mondo dinosauro collage tshirt
jill zarin hamptons,jill zarin hamptons
womens short sleeve tshirt universal thread,donna manica corta tshirt universale filo
furhaven velvet wave perfect comfort orthopedic sofa dog bed,furhaven velluto onda comfort perfetto divano letto ortopedico cane
pawquilted full support orthopedic lchaise pet bed for dogs cats,pawquilted pieno supporto ortopedico lchaise letto per cani gatti
lands end womens cotton rib tshirt,terre end donne cotone costola tshirt
parade womens replay mixed mesh bodysuit,parata donne replay misto mesh bodysuit
double strength larginine 1000 mg by now foods 60 tablet,larginina 1000 mg a doppia resistenza ormai alimenti 60 compresse
womens short sleeve vneck cropped tshirt wild fable,maniche corte maniche scollo cropped tshirt favola selvaggia
mens lion king retro cub love tshirt,mens leone re re retrò cubo amore tshirt
leveret matching family christmas pajamas red and white striped,pigiama natalizio con leveretto in famiglia rosso e bianco a righe
cuisinart multiclad pro 12pc triply stainless steel cookware set mcp12n,cuisinart multiflad pro 12pc triply in acciaio inox set pentole mcp12n
mens georgia boot carbotec elite waterproof western work boot,mens georgia boot carbotec elite impermeabile western work boot
boys harry potter hermione kawaii cutie tshirt,ragazzi harry potter ermione kawaii cutie tshirt
furhaven corrugated house cat scratcher with catnip,furhaven ondulato casa grattagatto con catnip
noritake colortrio 16piece coupe dinnerware set,noritake colortio 16 pezzi coupé set per la cena
boys short sleeve ignite imagination space shuttle graphic tshirt cat jack black,ragazzi manica corta accendere immaginazione spazio navetta grafica tshirt gatto jack nero
mens d and d dungeons and dragons shirt,mens d e d dungeons e camicia di draghi
boys pokemon catch all the birthday fun tshirt,ragazzi pokemon cattura tutto il compleanno divertente tshirt
girls oversized pink floyd graphic tshirt art class bright pink,ragazze oversize rosa floyd grafica tshirt arte classe rosa brillante
ez mount window bed,ez mount finestra letto
short sleeve fashion vneck maternity tshirt isabel maternity by ingrid isabel,tshirt premaman a maniche corte isabel premaman by ingrid isabel
godog playclean gator squeaker plush pet toy for dogs puppies,godog playclean gator squeaker peluche giocattolo animale domestico per i cuccioli di cani
worx wx911l 20v power tool kit,worx wx911l 20v kit utensili di alimentazione
mens frog and toad short sleeve graphic tshirt tan,uomo rana e rospo manica corta tshirt grafica abbronzatura
womens slim fit short sleeve seamless baby tshirt a new day,donna slim fit manica corta senza cuciture bambino tshirt un nuovo giorno
godzilla x kong the new empire stomp squad faces crew neck short sleeve mens black tshirt,godzilla x kong il nuovo impero stomp squadra facce girocollo manica corta mens tshirt nera
wink pro womens snap front warmup jacket,wink pro donne snap giacca di riscaldamento anteriore
boys striped pullover sweater cat jack,ragazzi a righe pullover maglione gatto jack
mens short sleeve full button polo shirt goodfellow co,mens manica corta completo pulsante polo camicia goodfellow co
jockey mens cotton modal blend signature tshirt,jockey uomo cotone modale miscela tshirt firma
girls lilo stitch always hungry stitch tshirt,ragazze punto lilo sempre affamato punto tshirt
linear leaves taupe 3pc duvet cover set natural pattern zippered closure superior weave becky cameron,foglie lineari taupe 3pc copripiumino set modello naturale chiusura con cerniera superiore trama becky cameron
weathered floral 3pc duvet cover set soft microfiber zippered closure easy care becky cameron,foderato floreale 3pc copripiumino set morbido microfibra chiusura con cerniera facile cura becky cameron
gingham check 3pc duvet cover set modern natural pattern zippered closure easy care becky cameron,gingham check 3pc copripiumino set moderno modello naturale chiusura con cerniera facile cura becky cameron
women39s strawberry shortcake kindness graphic tshirt green,donne39s fragola shortcake gentilezza grafica tshirt verde
boys short sleeve mountain scenic graphic tshirt cat jack green,ragazzi maniche corte montagna panoramica grafica tshirt gatto jack verde
rachael ray create delicious 11pc hard anodized nonstick cookware set light blue handles,rachael ray creare delizioso 11pc hard anodizzato antiaderente pentole set manici azzurri
dog and cat high pile turtleneck sweater the cuddle collab with ghost wren,cane e gatto alto pile dolcevita maglione la coccola collab con wren fantasma
womens short sleeve vneck tshirt ava viv,maniche corte manica scollo tshirt ava viviv
men39s short sleeve buttondown shirt goodfellow 38 co8482,uomo39s manica corta buttondown camicia goodfellow 38 co8482
girls solid puffer jacket art class,ragazze solido puffer giacca classe darte
boys39 premium fleece full zip hoodie all in motion,ragazzi39 pile premium full zip felpa tutto in movimento
2pc silicone spatula set figmint,2pc silicone spatola set figmint
womens teddy bear pumpkin short sleeve graphic boyfriend tshirt beige,donna orsacchiotto zucca manica corta grafica fidanzato tshirt beige
hanes originals comfywear womens boxer shorts,hanes originali comfywear donne boxer pantaloncini
mens star trek deep space nine space station outside view tshirt,mens star trek deep space nove spazio stazione esterna vista tshirt
mens every wear short sleeve tshirt goodfellow co,mens ogni usura manica corta tshirt goodfellow co
girls short sleeve interlock uniform polo shirt cat jack,ragazze maniche corte interlock uniforme polo camicia gatto jack
womens cap sleeve ruched side seam tshirt wild fable,berretto delle donne manica ruched lato cucitura tshirt wild fable
purina fancy feast grilled gravy delights feast wet cat food can 3oz,purina fantasia festa grigliato sugo delizie festa cibo per gatti bagnato può 3oz
kong refillable classic chew dog toy red,kong giocattolo di cane da masticare classico ricaricabile rosso
paramour by felina womens gorgeous memory foam bra womens plus size lingerie,paramour di felina donne splendida memoria schiuma reggiseno donne più lingerie dimensioni
mens fleetwood mac short sleeve graphic tshirt white,mens fleetwood mac manica corta tshirt grafica bianca
disney minnie mouse princess the little mermaid moana lilo stitch frozen elsa birthday girls tshirt toddler to big kid,disney minnie mouse principessa la piccola sirena moana lilo punto congelato elsa compleanno ragazze tshirt toddler to big kid
womens hocus pocus short sleeve graphic boyfriend tshirt black,donna hocus pocus manica corta grafica fidanzato tshirt nero
stunning 14k yellow gold plated ring with sapphire cubic zirconia and blue enamel radiant halo for a vibrant and elegant statement piece,splendido anello placcato in oro giallo 14k con zaffiro cubico zirconia e smalto blu alone radiante per un pezzo di dichiarazione vibrante ed elegante
cuisinart multiclad pro 7pc stainless steel triply cookware set mcp7np1 evenheating staycool handles dishwashersafe,cuisinart multiflad pro 7pc in acciaio inox set pentole triply mcp7np1 ancheriscaldamento staycool maniglie lavastovigliesicuro
toddler boys short sleeve striped tshirt cat jack,bambino ragazzi maniche corte a righe tshirt gatto jack
boys short sleeve photo reel dinosaur graphic tshirt cat jack cream,ragazzi maniche corte foto bobina dinosauro grafica tshirt gatto jack crema
lands end school uniform womens long sleeve feminine fit mesh polo shirt,terre end scuola uniformi donne maniche lunghe femminile vestibilità maglia polo
hp inc pavilion laptop computer 156 fhd amd ryzen 7 512 gb ssd windows 11 home,hp inc padiglione computer portatile 156 fhd amd ryzen 7 512 gb ssd windows 11 home
girls wednesday black and white dance scene tshirt,ragazze mercoledi bianco e nero scena danza tshirt
toddler girls rib short sleeve tshirt cat jack,bambino ragazze costo manica corta tshirt gatto jack
womens luxury collection 4way stretch long sleeve bodysuit auden,donna collezione di lusso 4way stretch manica lunga bodysuit auden
cuisinart 11pc red nonstick cookware set 5511r kitchen set dishwashersafe gas 38 electric compatible softgrip handles,cuisinart 11pc set antiaderente rosso 5511r set cucina lavastovigliesicuro gas 38 elettrico compatibile softgrip maniglie
toddler boys39 short sleeve poplin buttonup shirt cat 38 jack8482,bambino ragazzi39 manica corta poplin buttonup camicia gatto 38 jack8482
womens seamless short sleeve shirt all in motion,camicia a manica corta senza cuciture tutte in movimento
womens shrunken short sleeve tshirt universal thread,maglietta a maniche corte shunken delle donne universale filo
anolon ascend 3qt hard anodized nonstick saucepan with lid bronze,anolon ascendere 3qt disco anodizzato antiaderente pentola con coperchio in bronzo
mens rocky alpha force steel toe fully punctureresistant waterproof work boot rkk0190 brown,mens rocky alpha forza punta in acciaio completamente antiforatura impermeabile stivale da lavoro rkk0190 marrone
lands end school uniform womens tall short sleeve interlock polo shirt,terre end scuola uniformi donne alta manica corta intrecciare polo camicia
mens the little mermaid vintage characters tshirt,mens la piccola sirena personaggi vintage tshirt
nisolo womens emma dorsay oxford 20,nisolo womens emma dorsay oxford 20
girls harry potter list of spells tshirt,ragazze harry potter elenco di incantesimi tshirt
girls pokemon classic logo tshirt,ragazze pokemon classico logo tshirt
samsung qn90d 50 4k neo qled smart tv 2024,samsung qn90d 50 4k neo qled smart tv 2024
circulon steelshield cseries 2qt clad triply nonstick saucepan with lid induction 38 oven safe stainless steel handle,cserie circlone acciaio shield 2qt rivestito triple antiaderente pentola con coperchio induzione 38 forno sicuro manico in acciaio inox
girls toy story four buds panels tshirt,ragazze storia giocattolo quattro gemme pannelli tshirt
cuisinart multiclad pro 15qt triply stainless steel saucepan with cover mcp1916n,cuisinart multiclad pro 15qt pentola triply in acciaio inox con coperchio mcp1916n
furhaven quilted cooling gel top pet bed for dogs cats,pelo haven trapuntato gel di raffreddamento superiore letto per cani gatti
cuisinart multiclad pro 15qt triply stainless steel saucepan with cover mcp1916n dishwashersafe gas 38 electric compatible,cuisinart multiflad pro 15qt pentola triply in acciaio inox con coperchio mcp1916n lavastovigliesafe gas 38 elettrico compatibile
womens disney royal mom tshirt,donna disney reale mamma tshirt
mens jurassic park adventure car tours tshirt,mens jurassic park avventura auto tours tshirt
girls39 short sleeve performance uniform polo shirt cat 38 jack8482,ragazze39 maniche corte prestazioni uniforme polo cat 38 jack8482
mens marvel spiderman short sleeve graphic tshirt white,mens marvel spiderman maniche corte tshirt grafica bianco
eighteentek camping shower tent,18tek campeggio tenda doccia
toddler boys short sleeve textured buttonup shirt cat jack,bambino ragazzi manica corta tessuto buttonup camicia gatto jack
greenpan reserve 4pc 15qt and 3qt hard anodized healthy ceramic nonstick sauce pan set black,verdepan riserva 4pc 15qt e 3qt hard anodizzato sano ceramica antiaderente salsa set nero
jill zarin shaggy chic,jill zarin shaggy chic
dog walker belt bagcrossbody the cuddle collab,dog walker cintura bagcrossbody il collab coccola
girls stranger things retro hawkins bikers tshirt,ragazze cose straniere retrò hawkins bikers tshirt
toddler girls long sleeve cozy rib tshirt cat jack,bambino ragazze maniche lunghe accogliente costola tshirt gatto jack
girls39 short sleeve waffle tshirt cat 38 jack8482,ragazze39 maniche corte waffle tshirt gatto 38 jack8482
kingsize mens big tall ks island solid camp shirt,kingsize mens grande alto ks isola solido campo camicia
womens essential crewneck short sleeve top all in motion,donna essenziale girocollo manica corta top tutto in movimento
womens ktw puff elbow sleeve tshirt a new day,donna ktw puff gomito manica tshirt un nuovo giorno
girls39 squishmallows squad americana tiedye short sleeve graphic tshirt,ragazze39 squishmallows squadra americana titye manica corta grafica tshirt
boys lilo stitch red and blue gamer tshirt,ragazzi lilo punto rosso e blu gamer tshirt
pampers easy ups bluey training underwear select size and count,pampers facile ups bluey formazione biancheria intima selezionare la dimensione e contare
juniors dr seuss christmas grinch youre a mean one portrait tshirt,juniors dr seuss natale grinch youre un medio un ritratto tshirt
girls winnie the pooh fall is in the air tshirt,ragazze winnie la cacca caduta è in aria tshirt
dog and cat high pile snood the cuddle collab with ghost wren,cane e gatto pila alta snood il collab coccola con wren fantasma
mens rocky ridgetop goretex waterproof hiker boot,mens roccioso ridgetop goretex impermeabile hiker boot
hope henry mens waffle knit pullover sweater,speranza henry uomo waffle maglia pullover maglione
lhistidine 600 mg by now foods 60 vegcap,listidina 600 mg ormai alimenti 60 vegcap
timberland womens dalston vibe chelsea boots,legnoland delle donne dalston vibe stivali chelsea
oasis taupe 3pc duvet cover set trendy pattern durable weave breathable becky cameron,oasis taupe 3pc copripiumino set trendy modello resistente tessuto traspirante becky cameron
samsung galaxy book3 pro 14 3k amoled laptop intel core i71360p 16gb ram 512gb ssd windows 11 home,samsung galassy book3 pro 14 3k amoled laptop intel core i71360p 16gb ram 512gb ssd windows 11 home
toddler boys short sleeve jersey tshirt cat jack,bambino ragazzi maniche corte jersey tshirt gatto jack
boys stranger things vecnas glare tshirt,ragazzi cose straniere vecnas abbagliare tshirt
pampers free 38 gentle baby wipes 468ct,pampers gratis 38 salviettine bambino delicato 468ct
3qt nonstick hard anodized aluminum sauce pan with lid dark gray figmint8482,3qt antiaderente in alluminio anodizzato duro con coperchio grigio scuro figmint8482
girls disney princess friends make everything better short sleeve graphic tshirt black,ragazze disney principessa amici rendono tutto migliore manica corta grafica tshirt nero
12pc nonstick ceramic coated aluminum cookware set figmint,12pc antiaderente ceramica rivestita in alluminio pentole set figmint
dog and cat marshmallow puffer vest red the cuddle collab with zelda titus brave,cane e gatto marshmallow puffer giubbotto rosso il collab coccola con zelda titus coraggioso
samsung q80d 50 4k qled smart tv 2024,samsung q80d 50 4k qled smart tv 2024
womens slim fit drape wrap tshirt a new day,donne slim fit drappeggio avvolgere tshirt un nuovo giorno
boys stranger things retro hawkins high school tigers tshirt,ragazzi sconosciuti cose retrò hawkins scuola tigri tshirt
hanes comfort fit scrubs womens scrub top,hanes comfort vestibilità scrub donna scrub top
toddler girls cheetah short sleeve tshirt cat jack dark pink,bambino ragazze ghepardo maniche corte tshirt gatto jack scuro rosa
petsafe kibble chase roaming treat dropper gray,petsafe kibble chase roaming trattare contagocce grigio
hanes mens premium 5pk slim fit crew neck tshirt black,hanes mens premium 5pk slim fit girocollo tshirt nero
girls squishmallows short sleeve graphic tshirt red,ragazze squishmallows maniche corte grafica tshirt rosso
allegra k womens puff long sleeve point collar vintage button work satin shirt,allegra k donne puff manica lunga punto colletto vintage pulsante lavoro camicia di raso
lands end school uniform womens long sleeve interlock polo shirt,terre end scuola uniformi donne maniche lunghe intelaiatura polo camicia
mens georgia boot wedge waterproof work boot,mens georgia boot zeppa impermeabile stivale da lavoro
nuloom ranya global indooroutdoor area rug,nuloom ranya globale coperta area esterna tappeto
rachael ray create delicious 11pc hard anodized nonstick cookware set burgundy handles,rachael ray creare delizioso 11pc hard anodizzato antiaderente pentole set bordeaux maniglie
boys39 ventilated pocket tshirt all in motion,ragazzi39 ventilato tasca tshirt tutto in movimento
dog and cat trapper hat dark green the cuddle collab with baloo pan,cappello trapper cane e gatto verde scuro collab coccola con padella baloo
toddler 2pc halloween pumpkin snug fit pajama set hyde eek boutique,toddler 2pc halloween zucca snug fit pigiama set hyde eek boutique
womens long sleeve gauzy collared buttondown shirt universal thread,donne maniche lunghe gauzy collared buttondown camicia universale filo
womens tupac short sleeve graphic tshirt black,donna tupac manica corta grafica tshirt nero
mens pumpkin print glowinthedark halloween matching family pajama set hyde eek boutique,mens pumpkin print glowinthedark halloween matching family pigiama set hyde eek boutique
boys avatar great leonopteryx badge tshirt,ragazzi avatar grande leonopteryx badge tshirt
boys toy story halloween toy treats tshirt,ragazzi giocattolo storia halloween giocattolo tratta tshirt
womens leopard print highrise leggings joylab,womens leopard print highrise leggings joylab
joyjolt milo stemless champagne flutes crystal glasses 95 oz,joyjolt milo stamless champagne flutes bicchieri di cristallo 95 oz
efferhydrate effervescent mixed berry 10 tablet by now foods,efferidrato effervescente bacca mista 10 compresse ormai alimenti
the lakeside collection country braided autumn runner rug with bordered pattern,la collezione sul lago paese intrecciato tappeto corridore autunnale con motivo bordato
arm hammer slide easy clean up multicat clumping litter,braccio martello scivolo facile pulizia multigatto accumulo lettiera
magic the gathering planeswalker shortsleeve tshirt,magia il raduno aereiwalker maniche corte tshirt
circulon a1 series with scratchdefense technology 2qt nonstick induction straining saucepan with lid graphite,circlone a1 serie con tecnologia antigraffio 2qt pentola antiaderente a induzione con coperchio in grafite
girls the powerpuff girls bubbles tshirt,ragazze il powerpuff ragazze bolle tshirt
girls harry potter slytherin snake watercolor tshirt,ragazze harry vasaio slytherin serpente acquerello tshirt
womens essential crewneck short sleeve tshirt all in motion,donna essenziale girocollo manica corta tshirt tutto in movimento
exofficio womens givengo 20 bikini briefs,exofficio womens givengo 20 slip in bikini
hanes originals comfywear womens rib tank,hanes originali comfywear donne costolette serbatoio
lesensuel lowrise hiphugger panty with ultraflat seams,lesensuel lowrise hiphugger collant con cuciture ultraflat
nourison washable decor vintage indoor rug,nuurison arredamento lavabile tappeto interno vintage
best choice products 5ft lighted popup snowman outdoor christmas holiday decoration w 200 led lights hat scarf,migliore scelta prodotti 5ft illuminato popup pupazzo di neve allaperto natale decorazione vacanza w 200 led luci cappello sciarpa
womens relaxed cardigan future collective black tortoise,donne rilassato cardigan futuro collettivo tartaruga nera
cuisinart culinary collection 12pc ceramic cookware set teal green,cuisinart collezione culinaria 12pc ceramica pentole set verde teal
mk7 plus with k1 mk4 by now foods 90 capsule,mk7 più con k1 mk4 ormai alimenti 90 capsule
boys pokemon pikachu wink face tshirt,ragazzi pokemon pikachu occhiolino faccia tshirt
womens the muppets christmas kermit and piggy hug tshirt,donne i muppets natale kermit e piggy abbraccio tshirt
circulon symmetry 35qt covered straining saucepan,circlone simmetria 35qt coperto pentola di stiro
hanes originals comfywear womens shelf bra cami,hanes originali comfywear donna mensola reggiseno cami
womens pat benatar rock music singer short sleeve graphic tshirt,donna pat benatar rock musica cantante manica corta grafica tshirt
jockey outdoors mens short sleeve utility shirt,fantino allaperto uomo manica corta utility camicia
womens long sleeve rib scoop neck tshirt universal thread,donne maniche lunghe costola scoop collo tshirt universale filo
mens slim fit crewneck tshirt 3pk dealworthy white,mens slim fit girocollo tshirt 3pk dealworthy bianco
mens rocky original ride 200g insulated waterproof wellington boot,mens roccioso originale corsa 200g isolato impermeabile wellington stivale
kids kids salmon sisters ankle deck boot,bambini bambini salmone sorelle stivale ponte caviglia
fav child sweater dog and cat bandana black the cuddle collab,fav bambino maglione cane e gatto bandana nero il collab coccola
floral 100 cotton flannel sheets 4pc super soft bed sheets easy care vibrant patterns becky cameron,floreale 100 cotone lenzuola flanella 4pc lenzuola super soft facile cura modelli vibranti becky cameron
country life gut connection digestive balance 60 vegan capsules,paese vita intestino connessione equilibrio digestivo 60 capsule vegane
girls descendants villain kids tshirt,ragazze discendenti cattivo bambini tshirt
boys39 pok233mon graphic tshirt red,ragazzi39 pok233mon grafica tshirt rosso
disney 100 4pc nonstick cookware essentials set,disney 100 4pc antiaderente utensili da cucina set
the lakeside collection christmas curtain tie backs holiday festive décor set of 2,la collezione sul lago di natale tenda cravatta schiena vacanza arredo festivo set di 2
girls power rangers mighty morphin megazord tshirt,ragazze ranger potere possente morphin megazord tshirt
mens lightyear xl01 spaceship blueprints tshirt,mens lightyear xl01 astronave progetti tshirt
members only mens iconic racer quilted lining jacket,membri solo uomo iconico racer trapuntato fodera giacca
calphalon premier with mineralshield nonstick 11pc cookware set,calfalon premier con set di pentole antiaderente 11pc
alen breathesmart 45i 800 sqft air purifier with fresh hepa filter brushed stainless,alen breatesmart 45i purificatore daria 800 mq con filtro epa fresco spazzolato inox
calphalon premier stainless steel 11pc set cookware set with tempered glass lids dishwashersafe induction compatible,set di pentole in acciaio inox 11pc con coperchio in vetro temperato lavastoviglie
mens rocky alpha force composite toe waterproof public service boot,mens rocky alpha forza composita punta impermeabile servizio pubblico stivale
juniors womens harry potter deathly hallows symbol tshirt,giovani donne harry vasaio deathly hallows simbolo tshirt
mens rocky side zipper jump boot,mens rocky lato zip salto stivale
mens frozen 2 sister forest frame tshirt,uomo congelato 2 sorella foresta telaio tshirt
girls teenage mutant ninja turtles raphael costume tshirt,ragazze adolescente mutante tartarughe ninja raphael costume tshirt
womens womens kiata waterproof sneaker,donne donne kiata impermeabile sneaker
farberware classic 1qt covered straining saucepan stainless steel pot dishwashersafe gas 38 electric compatible,farberware classico 1qt coperto pentola in acciaio inox lavastovigliesafe gas 38 elettrico compatibile
mens inside out 2 feel all your emotions tshirt,mens inside out 2 sentire tutte le tue emozioni tshirt
women39s care bears short sleeve graphic tshirt offwhite,donne39s cura orsi maniche corte tshirt grafica offwhite
samsung galaxy s21 fe 5g cell phone unlocked android smartphone 128gb 120hz display screen pro grade camera all day intelligent battery olive,samsung galassia s21 fe 5g cellulare sbloccato smartphone android 128gb 120hz schermo pro grado fotocamera tutto il giorno intelligente batteria olive
toddler girls solid knit short sleeve tshirt cat jack,bambino ragazze solido maglia manica corta tshirt gatto jack
select by calphalon with aquashield nonstick 10pc cookware set,selezionare per calfalon con aquashield antiaderente set di pentole 10pc
emma and oliver metal headboard fabric upholstery fits standard bed frames,rivestimento in tessuto testata in metallo emma e oliver
womens the rolling stones colorful short sleeve graphic tshirt gray,donne le pietre di rotolamento colorato maniche corte tshirt grafica grigio
mens slim fit short sleeve poplin buttondown shirt goodfellow co,mens slim fit maniche corte poplin buttondown camicia goodfellow co
cuisinart classic mutliclad pro 2qt stainless steel triply saucepan with cover mcp1918n silver dishwasher 38 induction safe pot,cuisinart classico mutliclad pro 2qt in acciaio inox pentola triple con coperchio mcp1918n lavastoviglie in argento 38 pentola sicura ad induzione
